open_time,open,high,low,close,volume,close_time,return_1h,target,lag_return_1h,lag_return_2h,lag_return_6h,rolling_mean_6h,rolling_mean_24h,rolling_std_6h,rolling_std_24h,ema_12,ema_26,macd,rsi_14,dist_from_ma_24h,volume_change_1h,volume_zscore_24h,hour_of_day,day_of_week
2026-02-14 00:00:00+00:00,68812.0,69101.0,68738.0,69051.0,3187388.82788178,2026-02-14 00:59:59.999000+00:00,0.0034732314131256103,0,-0.00204487114411267,0.0013069427704281988,0.0014349073832506942,68891.66666666667,67621.83333333333,106.05595988741952,1159.1119038910917,68533.59380251709,67916.63727419787,616.9565283192205,82.73514851485149,1.2329842027064142,0.20432917928284522,-0.6599195471983608,0,5
2026-02-14 01:00:00+00:00,69047.0,69074.0,68893.0,68929.0,3739238.72830459,2026-02-14 01:59:59.999000+00:00,-0.0017668100389567343,0,0.0034732314131256103,-0.00204487114411267,-0.00253281808576844,68893.5,67728.0,106.69536054099504,1157.2067944677835,68594.42552520677,67991.62710573876,602.798419468003,78.6096256684492,1.0378438890452226,0.17313541906010532,-0.5926433776676902,1,5
2026-02-14 02:00:00+00:00,68910.0,68973.0,68821.0,68841.0,2488492.93099986,2026-02-14 02:59:59.999000+00:00,-0.0012766759999419675,1,-0.0017668100389567343,0.0034732314131256103,-0.002394149569053039,68908.16666666667,67820.58333333333,87.9145416163969,1153.5032054019691,68632.36005979034,68054.54361642478,577.816443365562,78.3385579937304,0.8846240408244725,-0.3344920953661151,-0.6961792804316642,2,5
2026-02-14 03:00:00+00:00,68836.0,68985.0,68817.0,68943.0,1629572.59422342,2026-02-14 03:59:59.999000+00:00,0.0014816751645094772,0,-0.0012766759999419675,-0.0017668100389567343,0.0015999301848645953,68921.5,67922.54166666667,85.73389038727674,1139.3916751661434,68680.1508198226,68120.35520039331,559.7956194292783,77.61580822805313,0.8956168063844486,-0.34515683210373105,-0.7587489914007284,3,5
2026-02-14 04:00:00+00:00,68943.0,68958.0,68759.0,68759.0,1303050.78380331,2026-02-14 04:59:59.999000+00:00,-0.002668871386507732,0,0.0014816751645094772,-0.0012766759999419675,0.0013069427704281988,68889.16666666667,68026.125,105.72874078340483,1095.0496241235194,68692.28146292681,68167.6622225864,524.619240340413,69.03750884642605,0.6692619072734672,-0.20037266923706176,-0.7787442447451164,4,5
2026-02-14 05:00:00+00:00,68759.0,68876.0,68734.0,68743.0,1094165.14318771,2026-02-14 05:59:59.999000+00:00,-0.0002326968105993421,1,-0.002668871386507732,0.0014816751645094772,-0.00204487114411267,68877.66666666667,68134.54166666667,118.75128053060565,1026.9877429748997,68700.08431478422,68210.27983572814,489.8044790560816,52.53063399041023,0.5924689340213476,-0.16030506501512554,-0.7720606483931186,5,5
2026-02-14 06:00:00+00:00,68742.0,68896.0,68701.0,68895.0,2323346.8249323,2026-02-14 06:59:59.999000+00:00,0.0022111342245756394,1,-0.0002326968105993421,-0.002668871386507732,0.0034732314131256103,68851.66666666667,68241.29166666667,85.68469307694656,962.7279844519146,68730.07134327896,68260.99984789643,469.07149538253725,49.40374787052811,0.6790166525651454,1.1233968559476555,-0.6536692515713968,6,5
2026-02-14 07:00:00+00:00,68895.0,69296.0,68860.0,69182.0,3221201.21799852,2026-02-14 07:59:59.999000+00:00,0.004165759489077603,1,0.0022111342245756394,-0.0002326968105993421,-0.0017668100389567343,68893.83333333333,68367.875,160.73632640955162,870.2617952873699,68799.59882892836,68329.22208138558,470.37674754277396,54.77157360406091,0.9354943586040878,0.38644871417007765,-0.5134550618389806,7,5
2026-02-14 08:00:00+00:00,69182.0,69823.0,69181.0,69715.0,10008571.05651535,2026-02-14 08:59:59.999000+00:00,0.007704316151600166,0,0.004165759489077603,0.0022111342245756394,-0.0012766759999419675,69039.5,68496.33333333333,366.98542200036974,829.4740432053225,68940.42977832399,68431.87229757925,508.55748074474104,62.93677204658901,1.4692041018636324,2.107092782838985,0.10738017254485473,8,5
2026-02-14 09:00:00+00:00,69707.0,69854.0,69555.0,69691.0,5020547.609862761,2026-02-14 09:59:59.999000+00:00,-0.0003442587678404996,0,0.007704316151600166,0.004165759489077603,0.0014816751645094772,69164.16666666667,68612.41666666667,446.15710980247616,791.1495167897706,69055.9021201203,68525.14101627708,530.7611038432224,67.15490457168221,1.363311624975607,-0.49837518447805795,-0.35296621695725855,9,5
2026-02-14 10:00:00+00:00,69674.0,69674.0,69556.0,69638.0,1205034.54813152,2026-02-14 10:59:59.999000+00:00,-0.0007604999210801822,1,-0.0003442587678404996,0.007704316151600166,-0.002668871386507732,69310.66666666667,68725.04166666667,430.54972607947667,732.1728519213764,69145.45564010179,68607.57501507137,537.8806250304187,70.66791219056516,1.246916395407905,-0.7599794600564578,-0.6767245144760019,10,5
2026-02-14 11:00:00+00:00,69640.0,70513.0,69640.0,70475.0,13153272.402134247,2026-02-14 11:59:59.999000+00:00,0.012019299807576322,0,-0.0007604999210801822,-0.0003442587678404996,-0.0002326968105993421,69599.33333333333,68865.25,540.4297055369406,731.6439648149939,69350.00092623998,68745.90279173275,604.098134507236,78.10320781032078,2.2001821615613917,9.915265809207881,0.3898567484292485,11,5
2026-02-14 12:00:00+00:00,70468.0,70494.0,69596.0,69617.0,13340481.4597196,2026-02-14 12:59:59.999000+00:00,-0.012174529975168547,0,0.012019299807576322,-0.0007604999210801822,0.0022111342245756394,69719.66666666667,68972.91666666667,418.9671426575005,633.8887514550937,69391.07770681845,68810.42851086365,580.6491959548002,59.13091309130913,1.0160826041712099,0.014232888353697959,0.37489638956437765,12,5
2026-02-14 13:00:00+00:00,69610.0,69744.0,69214.0,69440.0,21182588.8678208,2026-02-14 13:59:59.999000+00:00,-0.002542482439633953,1,-0.012174529975168547,0.012019299807576322,0.004165759489077603,69762.66666666667,69064.66666666667,362.1329405432979,521.2001756853214,69398.60421346177,68857.06343598486,541.5407774769119,58.551198257080614,0.7201327836081522,0.5878429074527591,1.063087914936109,13,5
2026-02-14 14:00:00+00:00,69432.0,69823.0,69317.0,69680.0,7013553.0965344,2026-02-14 14:59:59.999000+00:00,0.003456221198156584,1,-0.002542482439633953,-0.012174529975168547,0.007704316151600166,69756.83333333333,69147.875,363.33423541767047,444.8451916243269,69441.89587292919,68918.02169998598,523.8741729432077,58.56248298393683,1.1962026566072925,-0.6689000980806019,-0.14325194797387097,14,5
2026-02-14 15:00:00+00:00,69679.0,70008.0,69544.0,69766.0,10277745.48840496,2026-02-14 15:59:59.999000+00:00,0.0012342135476464122,0,0.003456221198156584,-0.002542482439633953,-0.0003442587678404996,69769.33333333333,69194.45833333333,361.9036703689632,448.74365477377495,69491.7580463247,68980.83490739443,510.9231389302731,61.5067363211438,1.2736484640764507,0.4654120881302648,0.5292931755047544,15,5
2026-02-14 16:00:00+00:00,69765.0,69794.0,69280.0,69729.0,7392665.27763456,2026-02-14 16:59:59.999000+00:00,-0.0005303442937820702,0,0.0012342135476464122,0.003456221198156584,-0.0007604999210801822,69784.5,69228.33333333333,357.17488707892255,457.4116846140784,69528.25680842859,69036.25454388373,492.00226454486256,62.381483547127715,1.0945646635351864,-0.28071138889606273,0.24771871204425233,16,5
2026-02-14 17:00:00+00:00,69715.0,69890.0,69588.0,69710.0,1356600.4594407,2026-02-14 17:59:59.999000+00:00,-0.0002724834717262592,1,-0.0005303442937820702,0.0012342135476464122,0.012019299807576322,69657.0,69258.16666666667,117.55169058761426,464.7540411731008,69556.21729943958,69086.16161470715,470.0556847324333,60.94775906365972,0.9721988262712924,-0.8164937260794292,-0.9424022159967009,17,5
2026-02-14 18:00:00+00:00,69709.0,69828.0,69642.0,69732.0,1735295.39329068,2026-02-14 18:59:59.999000+00:00,0.00031559317171137025,1,-0.0002724834717262592,-0.0005303442937820702,-0.012174529975168547,69676.16666666667,69284.79166666667,119.09058160345148,473.1090487906747,69583.26079183348,69134.0014950992,449.2592967342789,64.56150853038014,0.9452542378473807,0.27914993778353026,-0.8020178748971308,18,5
2026-02-14 19:00:00+00:00,69731.0,69884.0,69597.0,69823.0,1860871.98689314,2026-02-14 19:59:59.999000+00:00,0.0013049962714393182,1,0.00031559317171137025,-0.0002724834717262592,-0.002542482439633953,69740.0,69322.5,49.497474277994904,478.636923245607,69620.14374693602,69185.03842138815,435.1053255478764,65.80796252927401,1.0456777897662821,0.07236611938692827,-0.741950854087335,19,5
2026-02-14 20:00:00+00:00,69847.0,69982.0,69709.0,69982.0,5840330.42157246,2026-02-14 20:59:59.999000+00:00,0.00227718660040388,0,0.0013049962714393182,0.00031559317171137025,0.003456221198156584,69790.33333333333,69373.70833333333,101.99346364598331,480.79738827225435,69675.8139397151,69244.07261239643,431.7413273186685,65.8778848962898,1.265172568537795,2.1384912356724293,0.055952955810436154,20,5
2026-02-14 21:00:00+00:00,69982.0,70213.0,69643.0,69901.0,5182505.52811732,2026-02-14 21:59:59.999000+00:00,-0.0011574404846960151,1,0.00227718660040388,0.0013049962714393182,0.0012342135476464122,69812.83333333333,69416.95833333333,110.11887497825472,479.5442110051828,69710.4579489897,69292.73390036706,417.7240486226365,61.17500777121542,1.009378604846593,-0.11263487610655198,-0.06201973836791374,21,5
2026-02-14 22:00:00+00:00,69900.0,70057.0,69754.0,69927.0,2828650.0762505704,2026-02-14 22:59:59.999000+00:00,0.00037195462153616354,0,-0.0011574404846960151,0.00227718660040388,-0.0005303442937820702,69845.83333333333,69457.54166666667,109.63834469032984,479.7869978981205,69743.7721106836,69339.71657441395,404.05553626964684,53.91143911439114,0.978472395854743,-0.4541925597755896,-0.5081175329613773,22,5
2026-02-14 23:00:00+00:00,69927.0,69988.0,69680.0,69791.0,2820092.87155253,2026-02-14 23:59:59.999000+00:00,-0.0019448853804682198,0,0.00037195462153616354,-0.0011574404846960151,-0.0002724834717262592,69859.33333333333,69498.33333333333,93.34380872033626,463.86998422528256,69751.03793980919,69373.14497630921,377.8929634999804,51.771793054571226,0.6309239153627482,-0.003025190273581946,-0.5116723522487485,23,5
2026-02-15 00:00:00+00:00,69791.0,69820.0,69589.0,69740.0,5893598.4242388,2026-02-15 00:59:59.999000+00:00,-0.0007307532489863044,0,-0.0019448853804682198,0.00037195462153616354,0.00031559317171137025,69860.66666666667,69527.04166666667,91.1935668038998,456.23930396511827,69749.33979522316,69400.31942250853,349.02037271462905,51.80851063829787,0.4667689335016393,1.0898596935193234,0.07963587229600952,0,6
2026-02-15 01:00:00+00:00,69745.0,69867.0,69327.0,69663.0,4642108.617354119,2026-02-15 01:59:59.999000+00:00,-0.001104100946372255,0,-0.0007307532489863044,-0.0019448853804682198,0.0013049962714393182,69834.0,69557.625,122.44835629678491,438.6705024605303,69736.05674980421,69419.77724306345,316.2795067407569,30.291262135922338,0.24021446486359357,-0.21234731598570356,-0.1791396980699209,1,6
2026-02-15 02:00:00+00:00,69663.0,69706.0,69341.0,69458.0,5122851.7195253,2026-02-15 02:59:59.999000+00:00,-0.002942738613037066,1,-0.001104100946372255,-0.0007307532489863044,0.00227718660040388,69746.66666666667,69583.33333333333,172.4397478151766,412.12299409912094,69693.27878829587,69422.60855839208,270.6702299037861,44.349680170575695,-0.30411633208503813,0.10356136441400032,-0.10549454151111007,2,6
2026-02-15 03:00:00+00:00,69451.0,69957.0,69230.0,69932.0,10720664.6968646,2026-02-15 03:59:59.999000+00:00,0.0068242679029053566,1,-0.002942738613037066,-0.001104100946372255,-0.0011574404846960151,69751.83333333333,69624.54166666667,178.35180578439792,394.37512252328156,69730.00512855804,69460.34125777044,269.66387078759726,64.43661971830986,0.7796088439000813,1.0927142310217035,0.9463587447639813,3,6
2026-02-15 04:00:00+00:00,69929.0,70483.0,69828.0,70161.0,10563307.58166957,2026-02-15 04:59:59.999000+00:00,0.0032746096207745268,1,0.0068242679029053566,-0.002942738613037066,0.00037195462153616354,69790.83333333333,69682.95833333333,239.4388578040473,363.1956567628279,69796.3120318568,69512.241905343,284.07012651379046,64.2055522740697,1.3162097557208392,-0.014677925263444691,0.8408267816926592,4,6
2026-02-15 05:00:00+00:00,70161.0,70447.0,70113.0,70251.0,3574245.1665380104,2026-02-15 05:59:59.999000+00:00,0.001282763928678321,1,0.0032746096207745268,0.0068242679029053566,-0.0019448853804682198,69867.5,69745.79166666667,304.34897726088013,321.5689767850083,69866.26402695575,69566.96472716946,299.29929978628934,64.2899233942251,1.5710729883968133,-0.6616357955210571,-0.6055717813063636,5,6
2026-02-15 06:00:00+00:00,70245.0,70499.0,70166.0,70376.0,3819868.6828272,2026-02-15 06:59:59.999000+00:00,0.001779334102005592,1,0.001282763928678321,0.0032746096207745268,-0.0007307532489863044,69973.5,69807.5,357.22303951398595,291.94088135684683,69944.68494588563,69626.89326589764,317.7916799879895,68.12324929971989,1.947312063174557,0.06872038845815909,-0.5733197788561993,6,6
2026-02-15 07:00:00+00:00,70377.0,70886.0,70281.0,70793.0,7444923.505560921,2026-02-15 07:59:59.999000+00:00,0.005925315448448432,0,0.001779334102005592,0.001282763928678321,-0.001104100946372255,70161.83333333333,69874.625,447.30187415887116,325.18219801076316,70075.19495421092,69713.27154249781,361.9234117131127,74.80531378836463,2.8241859659537782,0.9489998541129714,0.14621008105675157,7,6
2026-02-15 08:00:00+00:00,70803.0,70937.0,70167.0,70415.0,8906119.448875701,2026-02-15 08:59:59.999000+00:00,-0.0053395109685986375,0,0.005925315448448432,0.001779334102005592,-0.002942738613037066,70321.33333333333,69903.79166666667,288.60538218445174,341.23866167533214,70127.47265356309,69765.25142823871,362.2212253243779,63.45017723513193,1.4980961735798628,0.1962674219853775,0.4660214720282892,8,6
2026-02-15 09:00:00+00:00,70416.0,70625.0,70352.0,70394.0,3637424.00988052,2026-02-15 09:59:59.999000+00:00,-0.00029823191081446154,1,-0.0053395109685986375,0.005925315448448432,0.0068242679029053566,70398.33333333333,69933.08333333333,216.6062478917334,352.1758350415444,70168.47686070723,69811.82539651732,356.6514641899121,61.56338598622924,1.3087685775269036,-0.5915814928420139,-0.6328190190090998,9,6
2026-02-15 10:00:00+00:00,70394.0,70488.0,70192.0,70398.0,4825565.942515739,2026-02-15 10:59:59.999000+00:00,5.682302468956735e-05,0,-0.00029823191081446154,-0.0053395109685986375,0.0032746096207745268,70437.83333333333,69964.75,183.79490369889032,358.5991160524623,70203.78811290611,69855.24573751603,348.5423753900832,58.98876404494382,1.2081736418352365,0.32664378126053184,-0.4258044660118716,10,6
2026-02-15 11:00:00+00:00,70397.0,70502.0,70238.0,70252.0,1768982.42284764,2026-02-15 11:59:59.999000+00:00,-0.002073922554618024,0,5.682302468956735e-05,-0.00029823191081446154,0.001282763928678321,70438.0,69955.45833333333,183.5919387092392,347.5211571354893,70211.20532630518,69884.63494214448,326.5703841607028,57.377049180327866,0.853305361638911,-0.6334145167798895,-1.0045631811357352,11,6
2026-02-15 12:00:00+00:00,70256.0,70372.0,69287.0,69290.0,13619322.1173685,2026-02-15 12:59:59.999000+00:00,-0.013693560325684695,0,-0.002073922554618024,5.682302468956735e-05,0.001779334102005592,70257.0,69941.83333333333,507.1536256000204,367.21971459497564,70069.48142995054,69840.58790939303,228.89352055751078,40.3921568627451,-1.7750499426542687,6.698958418956272,1.6002070555042334,12,6
2026-02-15 13:00:00+00:00,69294.0,69585.0,68750.0,68900.0,13054092.142702,2026-02-15 13:59:59.999000+00:00,-0.0056285178236398226,1,-0.013693560325684695,-0.002073922554618024,0.005925315448448432,69941.5,69919.33333333333,669.7664518021504,412.99475373579236,69889.56120995815,69770.91473091947,118.64647903868172,37.517511908097504,-2.468150803642975,-0.041502063744103035,1.9589353460862977,13,6
2026-02-15 14:00:00+00:00,68900.0,69164.0,68810.0,69132.0,8898927.41533068,2026-02-15 14:59:59.999000+00:00,0.003367198838897023,0,-0.0056285178236398226,-0.013693560325684695,-0.0053395109685986375,69727.66666666667,69896.5,692.7734598168282,441.00123231475027,69773.01333150305,69723.58771381433,49.42561768872838,41.89333333333333,-1.7335552465176856,-0.31830361559798703,0.7745675214237255,14,6
2026-02-15 15:00:00+00:00,69130.0,69213.0,68866.0,69064.0,5861041.5878604,2026-02-15 15:59:59.999000+00:00,-0.0009836255279754846,0,0.003367198838897023,-0.0056285178236398226,-0.00029823191081446154,69506.0,69867.25,648.2764841949712,472.2094459200842,69663.93435742566,69674.72936464289,-10.795007217224338,41.99411921946004,-1.7010460229885798,-0.34137662728170415,-0.00831063801306099,15,6
2026-02-15 16:00:00+00:00,69065.0,69066.0,68767.0,68988.0,4127512.50366708,2026-02-15 16:59:59.999000+00:00,-0.001100428587976321,0,-0.0009836255279754846,0.003367198838897023,5.682302468956735e-05,69271.0,69836.375,498.5222161152789,504.7457226285185,69559.94445628325,69623.86052281749,-63.91606653423514,43.49390919158361,-1.6807968090982417,-0.29577150378592565,-0.45990031038063084,16,6
2026-02-15 17:00:00+00:00,68988.0,69053.0,68183.0,68593.0,11004601.848314833,2026-02-15 17:59:59.999000+00:00,-0.005725633443497413,0,-0.001100428587976321,-0.0009836255279754846,-0.002073922554618024,68994.5,69789.83333333333,237.1630240168911,564.8275355133406,69411.18377070122,69547.50048409027,-136.3167133890529,31.050099065949624,-2.1189358841112313,1.6661583310862942,1.3603250224370143,17,6
2026-02-15 18:00:00+00:00,68563.0,68748.0,68331.0,68414.0,10744441.69941852,2026-02-15 18:59:59.999000+00:00,-0.0026095957313428952,0,-0.005725633443497413,-0.001100428587976321,-0.013693560325684695,68848.5,69734.91666666667,283.89980620109776,630.9029358302724,69257.77088290102,69463.53748526877,-205.76660236774478,24.92104507608383,-2.093692375877656,-0.023641032404652762,1.1858199587528055,18,6
2026-02-15 19:00:00+00:00,68413.0,68503.0,68044.0,68249.0,12363822.12339027,2026-02-15 19:59:59.999000+00:00,-0.002411787061127879,1,-0.0026095957313428952,-0.005725633443497413,-0.0056285178236398226,68740.0,69669.33333333333,371.24385511568624,699.4360253587535,69102.5753624547,69373.57174561922,-270.99638316451455,21.866216975829104,-2.0306836963463724,0.15071796834817297,1.4989747543739398,19,6
2026-02-15 20:00:00+00:00,68249.0,68511.0,68101.0,68406.0,7329059.757732959,2026-02-15 20:59:59.999000+00:00,0.0023004000058608476,1,-0.002411787061127879,-0.0026095957313428952,0.003367198838897023,68619.0,69603.66666666667,334.41172222472875,741.5203926393702,68995.40992207706,69301.89976446224,-306.4898423851846,22.562674094707518,-1.6151500060621296,-0.407217308321865,0.08288267673553286,20,6
2026-02-15 21:00:00+00:00,68414.0,68913.0,68414.0,68812.0,5991739.18454,2026-02-15 21:59:59.999000+00:00,0.005935151887261458,1,0.0023004000058608476,-0.002411787061127879,-0.0009836255279754846,68577.0,69558.29166666667,278.49452411378184,755.7179988507452,68967.19301098828,69265.6108930206,-298.4178820323141,22.324671696004458,-0.9875266538597616,-0.182468231587543,-0.30008537530859153,21,6
2026-02-15 22:00:00+00:00,68812.0,69037.0,68761.0,68917.0,4543609.18342717,2026-02-15 22:59:59.999000+00:00,0.001525896645933944,0,0.005935151887261458,0.0023004000058608476,-0.001100428587976321,68565.16666666667,69516.20833333333,258.3156337275058,762.3854998022256,68959.47100929778,69239.78786390796,-280.3168546101806,27.34422262552934,-0.7859650183388486,-0.2416877565113853,-0.7397867413504661,22,6
2026-02-15 23:00:00+00:00,68954.0,68954.0,68292.0,68792.0,10635911.42829,2026-02-15 23:59:59.999000+00:00,-0.0018137759914099716,1,0.001525896645933944,0.005935151887261458,-0.005725633443497413,68598.33333333333,69474.58333333333,274.85026219380023,773.9147192681952,68933.70623863657,69206.61839250737,-272.91215387079865,26.510263929618773,-0.8819877905653111,1.3408508520240967,0.920123401526476,23,6
2026-02-16 00:00:00+00:00,68792.0,69007.0,68676.0,68816.0,4161781.34871312,2026-02-16 00:59:59.999000+00:00,0.00034887777648573426,0,-0.0018137759914099716,0.001525896645933944,-0.0026095957313428952,68665.33333333333,69436.08333333333,269.8812083638191,783.0659873382533,68915.59758653864,69177.68369676608,-262.0861102274357,26.93877551020408,-0.7918660028142395,-0.6087047756299119,-0.9220684682059843,0,0
2026-02-16 01:00:00+00:00,68817.0,68998.0,68430.0,68600.0,5749950.450048,2026-02-16 01:59:59.999000+00:00,-0.0031388049290862474,0,0.00034887777648573426,-0.0018137759914099716,-0.002411787061127879,68723.83333333333,69391.79166666667,186.85868090040637,799.5619984960839,68867.04411168654,69134.89231182044,-267.8482001338998,26.400000000000006,-0.9902817644610077,0.381608010672152,-0.4858907142605267,1,0
2026-02-16 02:00:00+00:00,68598.0,68699.0,68224.0,68298.0,2949569.48063772,2026-02-16 02:59:59.999000+00:00,-0.004402332361515993,1,-0.0031388049290862474,0.00034887777648573426,0.0023004000058608476,68705.83333333333,69343.45833333333,224.92346837949756,829.8720686398535,68779.49886373477,69072.90028872262,-293.4014249878528,32.53521126760563,-1.2597825289466813,-0.48702697418669105,-1.2346286061500145,2,0
2026-02-16 03:00:00+00:00,68299.0,68430.0,68127.0,68390.0,3223624.529272,2026-02-16 03:59:59.999000+00:00,0.0013470379806144184,1,-0.004402332361515993,-0.0031388049290862474,0.005935151887261458,68635.5,69279.20833333333,249.70042042673242,841.9295632290085,68719.57596162173,69022.31508215058,-302.7391205288586,39.96852871754525,-1.0561552559373188,0.09291357617893015,-1.0640028269563766,3,0
2026-02-16 04:00:00+00:00,68392.0,68841.0,68388.0,68825.0,5821879.346638,2026-02-16 04:59:59.999000+00:00,0.006360579032022251,0,0.0013470379806144184,-0.004402332361515993,0.001525896645933944,68620.16666666667,69223.54166666667,231.08822260767263,825.090823909603,68735.79504444916,69007.69915013944,-271.9041056902788,44.408014571949,-0.48302763176813096,0.8060041713210226,-0.28907120015332577,4,0
2026-02-16 05:00:00+00:00,68825.0,68848.0,68273.0,68365.0,6749143.610455399,2026-02-16 05:59:59.999000+00:00,-0.006683617871413028,1,0.006360579032022251,0.0013470379806144184,-0.0018137759914099716,68549.0,69144.95833333333,233.3255235961129,812.6991249532524,68678.74965299544,68960.09180568466,-281.3421526892198,38.858782276059934,-0.9597135143687927,0.15927232575729566,-0.06366598758482002,5,0
2026-02-16 06:00:00+00:00,68346.0,68493.0,68209.0,68417.0,1495401.3362451,2026-02-16 06:59:59.999000+00:00,0.0007606231258685536,1,-0.006683617871413028,0.006360579032022251,0.00034887777648573426,68482.5,69063.33333333333,195.8598988090423,781.4588734927792,68638.48047561152,68919.86278304135,-281.38230742982705,40.8287825248956,-0.8270855386726896,-0.7784309502721934,-1.509523318337375,6,0
2026-02-16 07:00:00+00:00,68406.0,68627.0,68345.0,68545.0,3967196.05669575,2026-02-16 07:59:59.999000+00:00,0.001870880044433365,1,0.0007606231258685536,-0.006683617871413028,-0.0031388049290862474,68473.33333333333,68969.66666666667,190.47379512197213,695.0743886399191,68624.09886397897,68892.09516948272,-267.9963055037515,49.15671117357695,-0.6109657809398421,1.652930661849774,-0.7648525151357545,7,0
2026-02-16 08:00:00+00:00,68545.0,68766.0,68506.0,68729.0,1909574.62609059,2026-02-16 08:59:59.999000+00:00,0.002684367933474263,1,0.001870880044433365,0.0007606231258685536,-0.004402332361515993,68545.16666666667,68899.41666666667,192.38754280895986,624.2367106799363,68640.2375002899,68880.01404581734,-239.7765455274348,55.524377411434585,-0.273000071529034,-0.5186588717067184,-1.2214015290550817,8,0
2026-02-16 09:00:00+00:00,68729.0,69031.0,68715.0,68962.0,4683208.11248048,2026-02-16 09:59:59.999000+00:00,0.0033901264386213548,0,0.002684367933474263,0.001870880044433365,0.0013470379806144184,68640.5,68839.75,236.7308597569668,537.592802858361,68689.73942332223,68886.0870794605,-196.3476561382704,62.213086673518326,0.2274025979328616,1.4524876108498885,-0.4882535820132293,9,0
2026-02-16 10:00:00+00:00,68962.0,68962.0,68684.0,68769.0,2792085.87987747,2026-02-16 10:59:59.999000+00:00,-0.0027986427307792328,1,0.0033901264386213548,0.002684367933474263,0.006360579032022251,68631.16666666667,68771.875,228.97896547052596,422.9005754134975,68701.93335819573,68877.41396246343,-175.4806042676937,56.14213197969543,-0.006798288219846769,-0.4038091383475525,-0.9631624147826661,10,0
2026-02-16 11:00:00+00:00,68768.0,68873.0,68314.0,68772.0,9436218.0485034,2026-02-16 11:59:59.999000+00:00,4.362430746418511e-05,1,-0.0027986427307792328,0.0033901264386213548,-0.006683617871413028,68699.0,68710.20833333333,191.59227531713097,282.18063572432317,68712.71284155024,68869.60552079947,-156.8926792492275,49.21630094043887,0.2189791177841097,2.379630303104254,0.7453486013939276,11,0
2026-02-16 12:00:00+00:00,68774.0,69781.0,68772.0,69718.0,12894611.8415213,2026-02-16 12:59:59.999000+00:00,0.013755598208573305,0,4.362430746418511e-05,-0.0027986427307792328,0.0007606231258685536,68915.83333333333,68728.04166666667,414.79508992703273,329.90439702706857,68867.37240438866,68932.4495562958,-65.07715190714225,61.80371352785146,3.000743070581453,0.3665021065898755,1.7271572162694229,12,0
2026-02-16 13:00:00+00:00,69717.0,70066.0,68208.0,68369.0,28329590.053719077,2026-02-16 13:59:59.999000+00:00,-0.019349378926532657,1,0.013755598208573305,4.362430746418511e-05,0.001870880044433365,68886.5,68705.91666666667,450.91495867951375,335.6267227849203,68790.69972679041,68890.71255212574,-100.01282533533231,45.419103313840154,-1.0038433884854212,1.1970099140554482,3.766247465098532,13,0
2026-02-16 14:00:00+00:00,68367.0,68700.0,68236.0,68379.0,12294585.63972537,2026-02-16 14:59:59.999000+00:00,0.00014626512015669668,0,-0.019349378926532657,0.013755598208573305,0.002684367933474263,68828.16666666667,68674.54166666667,495.7730999436058,329.19823267319225,68727.3613072842,68852.80791863495,-125.44661135075148,45.25309580708234,-0.8977620088260532,-0.5660161119023552,0.8535981474471915,14,0
2026-02-16 15:00:00+00:00,68379.0,68555.0,67268.0,67497.0,24701972.27089455,2026-02-16 15:59:59.999000+00:00,-0.012898696968367429,1,0.00014626512015669668,-0.019349378926532657,0.0033901264386213548,68584.0,68609.25,724.6163122379666,397.00829576012643,68538.0749523174,68752.37770243977,-214.30275012236962,39.53311823875499,-2.801578737468057,1.009174851007531,2.474194466763018,15,0
2026-02-16 16:00:00+00:00,67500.0,67933.0,67478.0,67845.0,9856307.841436949,2026-02-16 16:59:59.999000+00:00,0.00515578470154221,1,-0.012898696968367429,0.00014626512015669668,-0.0027986427307792328,68430.0,68561.625,773.9436671758194,417.6200490644477,68431.44803657626,68685.16453929608,-253.7165027198207,45.7384760112888,-1.715973650224368,-0.6009910571776375,0.20785473323415038,16,0
2026-02-16 17:00:00+00:00,67840.0,68012.0,67569.0,67927.0,7332222.83599762,2026-02-16 17:59:59.999000+00:00,0.0012086373351021251,0,0.00515578470154221,-0.012898696968367429,4.362430746418511e-05,68289.16666666667,68533.875,776.1423623462437,437.11667051422813,68353.84064633376,68629.00420305193,-275.16355671816564,45.636192271442034,-1.388359312139861,-0.2560882884387815,-0.1518513762082679,17,0
2026-02-16 18:00:00+00:00,67917.0,68211.0,67806.0,67827.0,6224016.0231293095,2026-02-16 18:59:59.999000+00:00,-0.0014721686516406818,1,0.0012086373351021251,0.00515578470154221,0.013755598208573305,67974.0,68509.41666666667,342.93964478046416,459.94223796539717,68272.78823920549,68569.59648430735,-296.8082451018563,39.95975855130785,-1.4837008005296781,-0.15114199849840326,-0.2919522124727144,18,0
2026-02-16 19:00:00+00:00,67828.0,68096.0,67791.0,67881.0,3196519.4220293397,2026-02-16 19:59:59.999000+00:00,0.0007961431288425747,1,-0.0014721686516406818,0.0012086373351021251,-0.019349378926532657,67892.66666666667,68494.08333333333,283.18592237066133,474.89247442406213,68212.51312548156,68518.58933732161,-306.0762118400453,44.69763365468887,-1.2909939962237995,-0.4864217235060725,-0.6932959516397627,19,0
2026-02-16 20:00:00+00:00,67872.0,68513.0,67795.0,68486.0,5028213.71269206,2026-02-16 20:59:59.999000+00:00,0.00891265597147961,1,0.0007961431288425747,-0.0014721686516406818,0.00014626512015669668,67910.5,68497.41666666667,320.807574664679,474.52794997564564,68254.58802925363,68516.17531233482,-261.5872830811859,50.67422317764315,-0.02405899729880497,0.573027736993962,-0.3991241453034011,20,0
2026-02-16 21:00:00+00:00,68490.0,68893.0,68391.0,68827.0,5380439.91284173,2026-02-16 21:59:59.999000+00:00,0.004979119820109235,0,0.00891265597147961,0.0007961431288425747,-0.012898696968367429,68132.16666666667,68498.04166666667,421.6066491750628,474.96997420368143,68342.65140936845,68539.19936327297,-196.5479539045191,52.64540337711069,0.6925876396394296,0.07004996610637138,-0.3415524368502991,21,0
2026-02-16 22:00:00+00:00,68824.0,68848.0,68480.0,68561.0,3586330.98181062,2026-02-16 22:59:59.999000+00:00,-0.0038647623752307014,1,0.004979119820109235,0.00891265597147961,0.00515578470154221,68251.5,68483.20833333333,425.38253368210934,466.80579506694204,68376.24350023485,68540.81422525275,-164.57072501789662,48.447893569844794,0.16664674579610958,-0.3334502308536207,-0.6046891424847566,22,0
2026-02-16 23:00:00+00:00,68560.0,68940.0,68508.0,68867.0,3388535.57648795,2026-02-16 23:59:59.999000+00:00,0.00446317877510527,0,-0.0038647623752307014,0.004979119820109235,0.0012086373351021251,68408.16666666667,68486.33333333333,454.0979702974767,469.20771946306894,68451.74450019872,68564.97613449328,-113.23163429455599,49.13400182315406,0.8112966834865417,-0.055152579704957905,-0.5871624516704822,23,0
2026-02-17 00:00:00+00:00,68867.0,69006.0,68671.0,68850.0,8724959.119647,2026-02-17 00:59:59.999000+00:00,-0.0002468526289804984,0,0.00446317877510527,-0.0038647623752307014,-0.0014721686516406818,68578.66666666667,68487.75,377.90616114067603,470.29641433575495,68513.01457709122,68586.0890134197,-73.07443632847571,50.762855528348084,0.7702589025936774,1.5748465443854038,0.18654549611031288,0,1
2026-02-17 01:00:00+00:00,68851.0,68964.0,68542.0,68594.0,7137257.653095599,2026-02-17 01:59:59.999000+00:00,-0.003718228031953541,1,-0.0002468526289804984,0.00446317877510527,0.0007961431288425747,68697.5,68487.5,169.01686294945256,470.2357410062283,68525.47387292334,68586.67501242565,-61.20113950231462,48.399856166846455,0.22648214653379442,-0.18197236740928557,-0.06173860520757648,1,1
2026-02-17 02:00:00+00:00,68587.0,69205.0,68323.0,68816.0,18196324.77044272,2026-02-17 02:59:59.999000+00:00,0.0032364346735866967,0,-0.003718228031953541,-0.0002468526289804984,0.00891265597147961,68752.5,68509.08333333333,137.10835117237897,473.03919462970686,68570.1702001659,68603.66204854228,-33.491848376375856,40.67796610169491,0.6488186817308546,1.549484081263416,1.4543839277962811,2,1
2026-02-17 03:00:00+00:00,68816.0,68827.0,68446.0,68453.0,5634026.85109572,2026-02-17 03:59:59.999000+00:00,-0.005274936061381075,0,0.0032364346735866967,-0.003718228031953541,0.004979119820109235,68690.16666666667,68511.70833333333,175.9720620665342,472.5241634992923,68552.14401552499,68592.5018967984,-40.35788127341948,51.09034267912772,-0.12424408711411096,-0.6903755608798885,-0.38776567012561935,3,1
2026-02-17 04:00:00+00:00,68446.0,68643.0,68265.0,68448.0,5296959.37739616,2026-02-17 04:59:59.999000+00:00,-7.304281769970888e-05,0,-0.005274936061381075,0.0032364346735866967,-0.0038647623752307014,68671.33333333333,68496.0,197.3136250439142,467.9002122690486,68536.12185929038,68581.79805259111,-45.676193300736486,50.89680270340526,-0.10258597611492296,-0.05982709749315562,-0.43335308718130017,4,1
2026-02-17 05:00:00+00:00,68448.0,68471.0,67869.0,68204.0,6734076.8810274,2026-02-17 05:59:59.999000+00:00,-0.003564749883122942,1,-7.304281769970888e-05,-0.005274936061381075,0.00446317877510527,68560.83333333333,68489.29166666667,245.5674380452362,471.0038750457189,68485.02618863032,68553.81301165844,-68.78682302811649,61.01589280149579,-0.6057098078842326,0.271309897101323,-0.22306130974888883,5,1
2026-02-17 06:00:00+00:00,68209.0,68478.0,68202.0,68385.0,4002300.5031615,2026-02-17 06:59:59.999000+00:00,0.002653803295994406,0,-0.003564749883122942,-7.304281769970888e-05,-0.0002468526289804984,68483.33333333333,68487.95833333333,206.29073325816552,471.2626405679098,68469.63754422565,68541.30834412818,-71.67079990252387,58.875739644970416,-0.21847336171026696,-0.405664566373219,-0.6463219316675025,6,1
2026-02-17 07:00:00+00:00,68374.0,68437.0,68144.0,68350.0,5231563.6916195,2026-02-17 07:59:59.999000+00:00,-0.0005118081450610212,0,0.002653803295994406,-0.003564749883122942,-0.003718228031953541,68442.66666666667,68479.83333333333,204.15059791301096,471.91696635548544,68451.23176819093,68527.13735567423,-75.90558748329931,57.06176961602671,-0.2751190200598291,0.30713915346610743,-0.4741353535543884,7,1
2026-02-17 08:00:00+00:00,68350.0,68438.0,68102.0,68144.0,3740961.63830416,2026-02-17 08:59:59.999000+00:00,-0.003013899049012392,0,-0.0005118081450610212,0.002653803295994406,0.0032364346735866967,68330.66666666667,68455.45833333333,128.800103370975,473.592650000134,68403.96534231541,68498.75681080947,-94.79146849406243,55.11125443405353,-0.6576502682912,-0.28492476459823124,-0.7145450484550206,8,1
2026-02-17 09:00:00+00:00,68143.0,68270.0,67963.0,68085.0,3629037.95378955,2026-02-17 09:59:59.999000+00:00,-0.0008658135712608095,0,-0.003013899049012392,-0.0005118081450610212,-0.005274936061381075,68269.33333333333,68418.91666666667,145.43956349097928,466.5916114009968,68354.89375118996,68468.10815815692,-113.21440696695936,53.28396651641984,-0.7156508143471483,-0.029918426152412247,-0.7215512425930719,9,1
2026-02-17 10:00:00+00:00,68084.0,68145.0,67686.0,67806.0,4135749.83457246,2026-02-17 10:59:59.999000+00:00,-0.004097818902841999,1,-0.0008658135712608095,-0.003013899049012392,-7.304281769970888e-05,68162.33333333333,68378.79166666667,209.67848394285093,476.4792051251661,68270.4485586992,68419.06310940455,-148.61455070535885,37.76978417266187,-1.2021336094115693,0.13962705467265413,-0.6584090894326475,10,1
2026-02-17 11:00:00+00:00,67807.0,67886.0,67656.0,67815.0,4191048.9869787,2026-02-17 11:59:59.999000+00:00,0.0001327316166710446,1,-0.004097818902841999,-0.0008658135712608095,-0.003564749883122942,68097.5,68338.91666666667,250.40347434087437,482.15250302944054,68200.37954966855,68374.3176938931,-173.93814422455034,29.330065359477118,-1.0866202360763868,0.013371010002580785,-0.6121450440723657,11,1
2026-02-17 12:00:00+00:00,67815.0,68257.0,67793.0,67880.0,7716638.8910988,2026-02-17 12:59:59.999000+00:00,0.0009584900095849225,1,0.0001327316166710446,-0.004097818902841999,0.002653803295994406,68013.33333333333,68262.33333333333,217.09690607824285,390.91905823399054,68151.09038818108,68337.70156841954,-186.61118023845484,34.84646194926569,-0.978037077702354,0.8412189681089066,-0.053456427708122214,12,1
2026-02-17 13:00:00+00:00,67883.0,68326.0,67711.0,68098.0,16542933.13237134,2026-02-17 13:59:59.999000+00:00,0.0032115497937537096,0,0.0009584900095849225,0.0001327316166710446,-0.0005118081450610212,67971.33333333333,68251.04166666667,154.204625834618,391.6173241428473,68142.92263615322,68319.94589668476,-177.02326053153956,32.19082908754052,-0.3907939134246463,1.143800346994821,1.6697149357098178,13,1
2026-02-17 14:00:00+00:00,68101.0,68297.0,66711.0,66830.0,20787603.584816903,2026-02-17 14:59:59.999000+00:00,-0.01862022379511885,1,0.0032115497937537096,0.0009584900095849225,-0.003013899049012392,67752.33333333333,68186.5,469.88452478140994,485.9050720830245,67940.9345382835,68209.57953396736,-268.64499568386236,20.38123167155426,-2.7916975515090336,0.2565851181577685,2.1633235596368685,14,1
2026-02-17 15:00:00+00:00,66829.0,67346.0,66557.0,67346.0,19735852.14173516,2026-02-17 15:59:59.999000+00:00,0.007721083345802793,1,-0.01862022379511885,0.0032115497937537096,-0.0008658135712608095,67629.16666666667,68180.20833333333,462.03394532133194,496.09194261273825,67849.40614777835,68145.61067959941,-296.2045318210585,32.99727520435968,-1.6815599320961605,-0.0505951269847158,2.2265452456093797,15,1
2026-02-17 16:00:00+00:00,67346.0,68110.0,67291.0,67482.0,19707039.1336761,2026-02-17 16:59:59.999000+00:00,0.0020194220889140357,0,0.007721083345802793,-0.01862022379511885,-0.004097818902841999,67575.16666666667,68165.08333333333,456.12911179759027,512.0337043968043,67792.88212504322,68096.45433296241,-303.572207919191,31.38950892857143,-1.3340593157593548,-0.0014599323024987454,1.9568308214941637,16,1
2026-02-17 17:00:00+00:00,67482.0,67685.0,66863.0,67203.0,18999975.56934609,2026-02-17 17:59:59.999000+00:00,-0.004134435849559859,1,0.0020194220889140357,0.007721083345802793,0.0001327316166710446,67473.16666666667,68134.91666666667,460.1810150683935,546.8163125361986,67702.13102888272,68030.27253052076,-328.14150163803424,32.14285714285715,-1.7042590817094174,-0.035878731428596766,1.6445270581089113,17,1
2026-02-17 18:00:00+00:00,67204.0,68177.0,67088.0,68056.0,13872394.99572432,2026-02-17 18:59:59.999000+00:00,0.012692885734267856,0,-0.004134435849559859,0.0020194220889140357,0.0009584900095849225,67502.5,68144.45833333333,495.5505019295963,543.1956952621624,67756.57240905461,68032.1782690007,-275.6058599460812,45.4921803127875,-0.16284800138306665,-0.2698730087787288,0.773290879253222,18,1
2026-02-17 19:00:00+00:00,68056.0,68198.0,67713.0,67744.0,8202167.18341728,2026-02-17 19:59:59.999000+00:00,-0.0045844598565887296,0,0.012692885734267856,-0.004134435849559859,0.0032115497937537096,67443.5,68138.75,426.7710158419204,546.7926440596264,67754.63819227698,68010.8317305562,-256.1935382792144,44.79166666666667,-0.7219372906504454,-0.4087418080334859,-0.15139774201922596,19,1
2026-02-17 20:00:00+00:00,67748.0,67875.0,67457.0,67727.0,5876455.14554967,2026-02-17 20:59:59.999000+00:00,-0.0002509447331129344,0,-0.0045844598565887296,0.012692885734267856,-0.01862022379511885,67593.0,68107.125,310.0180639294543,547.7837808822901,67750.38616269591,67989.8071579224,-239.4209952264937,42.262464722483536,-0.6939325574549692,-0.28354848003703403,-0.5303474635994264,20,1
2026-02-17 21:00:00+00:00,67693.0,67891.0,67497.0,67645.0,2457343.4048055504,2026-02-17 21:59:59.999000+00:00,-0.0012107431305092842,0,-0.0002509447331129344,-0.0045844598565887296,0.007721083345802793,67642.83333333333,68057.875,285.42979281983656,533.1884658944556,67734.17290689654,67964.2658869652,-230.0929800686572,41.80041870202373,-0.7743509592004723,-0.5818323557414482,-1.0412756136801247,21,1
2026-02-17 22:00:00+00:00,67645.0,67741.0,67479.0,67497.0,1723211.81152935,2026-02-17 22:59:59.999000+00:00,-0.0021878926749944183,0,-0.0012107431305092842,-0.0002509447331129344,0.0020194220889140357,67645.33333333333,68013.54166666667,283.80039927592054,533.7701816601611,67697.684767374,67929.65359904185,-231.9688316678512,42.37208205611884,-0.967722972197689,-0.2987501021796717,-1.130353559656139,22,1
2026-02-17 23:00:00+00:00,67492.0,67582.0,67353.0,67468.0,3009291.66214392,2026-02-17 23:59:59.999000+00:00,-0.0004296487251285175,0,-0.0021878926749944183,-0.0012107431305092842,-0.004134435849559859,67689.5,67955.25,212.97769827485155,512.4798404834562,67662.34864931645,67895.45703614986,-233.1083868334099,42.67394918071717,-0.9507691064303032,0.7463272025005299,-0.925599948925832,23,1
2026-02-18 00:00:00+00:00,67469.0,67592.0,67265.0,67266.0,5840131.58776134,2026-02-18 00:59:59.999000+00:00,-0.0029940119760478723,0,-0.0004296487251285175,-0.0021878926749944183,0.012692885734267856,67557.83333333333,67889.25,183.19979975228242,493.9002935263199,67601.371934037,67848.83058902765,-247.45865499065258,43.468795355587815,-1.2618943705219463,0.9406997537754898,-0.46508479780273715,0,2
2026-02-18 01:00:00+00:00,67266.0,67341.0,66869.0,67129.0,6285350.31867728,2026-02-18 01:59:59.999000+00:00,-0.002036690155502008,1,-0.0029940119760478723,-0.0004296487251285175,-0.0045844598565887296,67455.33333333333,67828.20833333333,225.39446894144695,493.5428247608126,67528.69932880055,67795.50980465523,-266.8104758546833,41.95213514781792,-1.4167125895755617,0.07623436633670155,-0.3900741275445202,1,2
2026-02-18 02:00:00+00:00,67128.0,67362.0,67118.0,67293.0,3456027.22257198,2026-02-18 02:59:59.999000+00:00,0.002443057396952053,1,-0.002036690155502008,-0.0029940119760478723,-0.0002509447331129344,67383.0,67764.75,187.17371600418326,457.6172930537337,67492.43789360047,67758.28685616225,-265.84896256178035,43.26989222655354,-1.0308832449314953,-0.4501456486359724,-0.7590389043553517,2,2
2026-02-18 03:00:00+00:00,67294.0,67654.0,67294.0,67587.0,3755556.33407643,2026-02-18 03:59:59.999000+00:00,0.004368953680174759,1,0.002443057396952053,-0.002036690155502008,-0.0012107431305092842,67373.33333333333,67728.66666666667,171.80298783633734,434.5498086263142,67506.98590996962,67745.59894089097,-238.61303092134767,44.24160468785215,-0.32600789105051947,0.08666862041715628,-0.6935870573388655,3,2
2026-02-18 04:00:00+00:00,67587.0,67856.0,67462.0,67770.0,3731261.1937452,2026-02-18 04:59:59.999000+00:00,0.0027076212881176343,0,0.004368953680174759,0.002443057396952053,-0.0021878926749944183,67418.83333333333,67700.41666666667,235.4616033017711,406.9123306964301,67547.44961612814,67747.4064267509,-199.95681062275253,64.02147971360382,0.17100325569941974,-0.006469118865502166,-0.6829028692433735,4,2
2026-02-18 05:00:00+00:00,67777.0,67898.0,67564.0,67611.0,2662491.9118742105,2026-02-18 05:59:59.999000+00:00,-0.0023461708720672325,1,0.0027076212881176343,0.004368953680174759,-0.0004296487251285175,67442.66666666667,67675.70833333333,248.31968635090877,392.76239952607636,67557.22659826228,67737.30224699157,-180.07564872929652,54.42404006677797,-0.1647518535669613,-0.28643646916559806,-0.8131894725603024,5,2
2026-02-18 06:00:00+00:00,67610.0,67935.0,67581.0,67809.0,2442635.03676948,2026-02-18 06:59:59.999000+00:00,0.0029285175489195403,1,-0.0023461708720672325,0.0027076212881176343,-0.0029940119760478723,67533.16666666667,67651.70833333333,269.1322474719654,364.08795861975614,67595.96096776039,67742.61319165886,-146.65222389847622,55.348380765456334,0.4320155691579539,-0.08257560299965994,-0.8309945537195782,6,2
2026-02-18 07:00:00+00:00,67809.0,68169.0,67664.0,68077.0,3509485.965901,2026-02-18 07:59:59.999000+00:00,0.0039522777212464,1,0.0029285175489195403,-0.0023461708720672325,-0.002036690155502008,67691.16666666667,67640.33333333333,262.5950620806346,345.09213212615055,67669.96697272033,67767.38258486932,-97.41561214899411,64.34668417596848,1.265362568472136,0.4367623132690708,-0.651149782865473,7,2
2026-02-18 08:00:00+00:00,68079.0,68428.0,68044.0,68098.0,7114404.73538706,2026-02-18 08:59:59.999000+00:00,0.00030847422771262956,1,0.0039522777212464,0.0029285175489195403,0.002443057396952053,67825.33333333333,67638.41666666667,220.79553127040353,342.28946763721996,67735.81820768643,67791.8727637679,-56.0545560814644,50.94850948509485,1.3426744810635658,1.027192815276171,-0.12023676695625687,8,2
2026-02-18 09:00:00+00:00,68101.0,68233.0,67987.0,68131.0,3568144.77364688,2026-02-18 09:59:59.999000+00:00,0.00048459572968373443,0,0.00030847422771262956,0.0039522777212464,0.004368953680174759,67916.0,67640.33333333333,214.9697652280674,345.0167817010832,67796.6154065039,67816.99329978508,-20.377893281183788,60.0,1.4221530449836988,-0.4984619365413775,-0.6687108219450736,9,2
2026-02-18 10:00:00+00:00,68130.0,68147.0,67712.0,67766.0,4749895.38707782,2026-02-18 10:59:59.999000+00:00,-0.0053573263272225224,0,0.00048459572968373443,0.00030847422771262956,0.0027076212881176343,67915.33333333333,67638.66666666667,215.51859926437479,344.27752531639425,67791.90534396484,67813.21601831952,-21.310674354681396,50.85413929040737,0.36985665333892465,0.331194693152294,-0.4908442879771958,10,2
2026-02-18 11:00:00+00:00,67768.0,67775.0,67080.0,67342.0,13923597.43146812,2026-02-18 11:59:59.999000+00:00,-0.0062568249564678435,1,-0.0053573263272225224,0.00048459572968373443,-0.0023461708720672325,67870.5,67618.95833333333,302.08392867258124,347.2699086272346,67722.68913720101,67778.31112807363,-55.62199087261979,44.228571428571435,-0.7975304696803438,1.93134822913101,0.8611224342774302,11,2
2026-02-18 12:00:00+00:00,67342.0,67646.0,67323.0,67433.0,7610126.18656772,2026-02-18 12:59:59.999000+00:00,0.0013513112173679787,0,-0.0062568249564678435,-0.0053573263272225224,0.0029285175489195403,67807.83333333333,67600.33333333333,352.2314106223311,344.6377639652964,67678.12157763162,67752.7325259941,-74.61094836247503,48.753894080996886,-0.4855339455782282,-0.4534367842775745,-0.10832589942899079,12,2
2026-02-18 13:00:00+00:00,67434.0,67565.0,67040.0,67216.0,14175319.18655056,2026-02-18 13:59:59.999000+00:00,-0.0032180089866978845,0,0.0013513112173679787,-0.0062568249564678435,0.0039522777212464,67664.33333333333,67563.58333333333,393.59810292880724,336.1842036529349,67607.02595030368,67712.97456110564,-105.94861080196279,45.42815674891147,-1.0339073923061586,0.8626917397993685,0.9317811256338405,13,2
2026-02-18 14:00:00+00:00,67215.0,67330.0,66695.0,67194.0,16128925.0238583,2026-02-18 14:59:59.999000+00:00,-0.00032730302308969783,1,-0.0032180089866978845,0.0013513112173679787,0.00030847422771262956,67513.66666666667,67578.75,366.48092259942285,308.7409564765544,67543.4834964108,67674.53200102375,-131.048504612947,48.60248447204969,-1.2461903480214738,0.1378174143098878,1.3379807051825439,14,2
2026-02-18 15:00:00+00:00,67191.0,68314.0,67161.0,67667.0,25785115.125842508,2026-02-18 15:59:59.999000+00:00,0.0070393189868143136,0,-0.00032730302308969783,-0.0032180089866978845,0.00048459572968373443,67436.33333333333,67592.125,235.8259244218312,305.151752963179,67562.48603542452,67673.974075022,-111.48803959747602,59.237637362637365,0.24536971940329888,0.5986877667110819,2.6280575928080863,15,2
2026-02-18 16:00:00+00:00,67665.0,67671.0,66975.0,67118.0,16334182.30817972,2026-02-18 16:59:59.999000+00:00,-0.008113260525810184,1,0.0070393189868143136,-0.00032730302308969783,-0.0053573263272225224,67328.33333333333,67576.95833333333,200.37032372468502,319.5683880726185,67494.10356843613,67632.79081020555,-138.68724176942487,47.346072186836516,-1.4361818955291508,-0.3665266868710165,1.2726836118346645,16,2
2026-02-18 17:00:00+00:00,67114.0,67447.0,67031.0,67151.0,9172309.575576069,2026-02-18 17:59:59.999000+00:00,0.0004916713847253895,0,-0.008113260525810184,0.0070393189868143136,-0.0062568249564678435,67296.5,67574.79166666667,212.56598966651507,322.37798211258536,67441.31840406134,67597.10260204217,-155.78419798082905,42.819499341238476,-1.3145800587543508,-0.43845921378122354,0.24046814319054183,17,2
2026-02-18 18:00:00+00:00,67160.0,67199.0,66192.0,66326.0,22820093.67615744,2026-02-18 18:59:59.999000+00:00,-0.012285744069336246,0,0.0004916713847253895,-0.008113260525810184,0.0013513112173679787,67112.0,67502.70833333333,434.7224401421189,395.2736507827305,67269.73095728268,67502.94685374275,-233.2158964600676,30.36976617727025,-2.9769460499155005,1.4879332177058817,2.210183862489952,18,2
2026-02-18 19:00:00+00:00,66326.0,66586.0,65840.0,66142.0,22772827.243419223,2026-02-18 19:59:59.999000+00:00,-0.002774176039562204,1,-0.012285744069336246,0.0004916713847253895,-0.0032180089866978845,66933.0,67435.95833333333,580.1303301529106,479.1260593436687,67096.2338869315,67402.13597568772,-305.90208875622193,30.164731298946805,-2.7006636522877896,-0.002071263747159935,1.9260539164599109,19,2
2026-02-18 20:00:00+00:00,66142.0,66498.0,66109.0,66216.0,11453495.27114208,2026-02-18 20:59:59.999000+00:00,0.0011188049953130275,1,-0.002774176039562204,-0.012285744069336246,-0.00032730302308969783,66770.0,67373.0,627.5842572623312,535.2116200213877,66960.81328894204,67314.27405156271,-353.4607626206707,27.74518021793797,-2.1617617344589135,-0.49705431175868364,0.34480469402612274,20,2
2026-02-18 21:00:00+00:00,66232.0,66462.0,66069.0,66315.0,6127736.128302449,2026-02-18 21:59:59.999000+00:00,0.001495106922798195,1,0.0011188049953130275,-0.002774176039562204,0.0070393189868143136,66544.66666666667,67317.58333333333,461.96868576824323,573.3221202502128,66861.45739833557,67240.25375144696,-378.7963531113928,24.164222873900286,-1.7487260615302525,-0.46498985827132355,-0.4116519389975927,21,2
2026-02-18 22:00:00+00:00,66311.0,66442.0,66203.0,66374.0,2642077.46768504,2026-02-18 22:59:59.999000+00:00,0.0008896931312674106,1,0.001495106922798195,0.0011188049953130275,-0.008113260525810184,66420.66666666667,67270.79166666667,367.4875054074386,603.0960683826437,66786.46395243779,67176.08680689533,-389.6228544575424,25.0,-1.4869797925754145,-0.5688330221201989,-0.9062726584481422,22,2
2026-02-18 23:00:00+00:00,66375.0,66463.0,66243.0,66425.0,3168183.66217975,2026-02-18 23:59:59.999000+00:00,0.0007683731581642483,0,0.0008896931312674106,0.001495106922798195,0.0004916713847253895,66299.66666666667,67227.33333333333,103.94357426375042,625.4326270346328,66730.8541136012,67120.4507471253,-389.5966335240955,25.38949798038084,-1.2828453436102878,0.19912595331872618,-0.8343649489910626,23,2
2026-02-19 00:00:00+00:00,66425.0,66555.0,66310.0,66415.0,3339792.176725,2026-02-19 00:59:59.999000+00:00,-0.00015054572826500578,1,0.0007683731581642483,0.0008896931312674106,-0.012285744069336246,66314.5,67191.875,114.28866944732565,646.9000535575427,66682.26117304717,67068.19513622714,-385.93396317996667,28.286724525875925,-1.2009196717911477,0.05416621409731692,-0.7883037999898409,0,3
2026-02-19 01:00:00+00:00,66415.0,66839.0,66415.0,66833.0,5182908.89759305,2026-02-19 01:59:59.999000+00:00,0.006293758939998506,0,-0.00015054572826500578,0.0007683731581642483,-0.002774176039562204,66429.66666666667,67179.54166666667,212.04496370009088,650.9598250164884,66705.45176180915,67050.77327428438,-345.32151247523143,41.803542673107884,-0.5323549216849041,0.5518656920369849,-0.5250392919690553,1,3
2026-02-19 02:00:00+00:00,66833.0,66919.0,66624.0,66819.0,5823455.73743904,2026-02-19 02:59:59.999000+00:00,-0.0002094773540017858,1,0.006293758939998506,-0.00015054572826500578,0.0011188049953130275,66530.16666666667,67159.79166666667,232.43959781082148,654.5484987865642,66722.92072153081,67033.60488359665,-310.6841620658379,39.86129458388375,-0.5206515136746149,0.12358828845003633,-0.4541305485332467,2,3
2026-02-19 03:00:00+00:00,66812.0,66958.0,66692.0,66952.0,2805645.0214636,2026-02-19 03:59:59.999000+00:00,0.0019904518175968278,0,-0.0002094773540017858,0.006293758939998506,0.001495106922798195,66636.33333333333,67133.33333333333,258.5186001631873,649.3423205215021,66758.16368744915,67027.56007740431,-269.39638995516,45.51630434782608,-0.2792569151933535,-0.5182164769578161,-0.865056046820472,3,3
2026-02-19 04:00:00+00:00,66951.0,67030.0,66743.0,66778.0,3785026.2086414,2026-02-19 04:59:59.999000+00:00,-0.002598876807264894,1,0.0019904518175968278,-0.0002094773540017858,0.0008896931312674106,66703.66666666667,67092.0,227.2475888326588,638.5363698310646,66761.2154278416,67009.07414574473,-247.85871790313104,43.28165374677002,-0.49174959303112825,0.34907523214283676,-0.7297211974107459,4,3
2026-02-19 05:00:00+00:00,66777.0,66847.0,66664.0,66839.0,2555509.42674139,2026-02-19 05:59:59.999000+00:00,0.0009134744975889397,1,-0.002598876807264894,0.0019904518175968278,0.0007683731581642483,66772.66666666667,67059.83333333333,184.55423763809773,630.6509863716275,66773.18228509674,66996.47606087475,-223.29377577800187,34.575260804769,-0.3501672685931497,-0.3248370590124219,-0.8991331344782205,5,3
2026-02-19 06:00:00+00:00,66838.0,67249.0,66833.0,67120.0,6616883.9432752,2026-02-19 06:59:59.999000+00:00,0.00420413231795802,1,0.0009134744975889397,-0.002598876807264894,-0.00015054572826500578,66890.16666666667,67031.125,126.63240750316155,610.4226840523637,66826.53885662032,67005.62598229143,-179.0871256711107,50.04139072847683,0.14559583436512014,1.5892621932968551,-0.36613084368234433,6,3
2026-02-19 07:00:00+00:00,67121.0,67281.0,67015.0,67175.0,5763758.195604,2026-02-19 07:59:59.999000+00:00,0.0008194278903457253,0,0.00420413231795802,0.0009134744975889397,0.006293758939998506,66947.16666666667,66993.54166666667,166.46130670514012,569.6341296055443,66880.14826329412,67018.1722058254,-138.02394253127568,50.49220672682526,0.3185524249731723,-0.12893164743175511,-0.5041389744093432,7,3
2026-02-19 08:00:00+00:00,67174.0,67174.0,66775.0,66913.0,4918836.83567045,2026-02-19 08:59:59.999000+00:00,-0.003900260513583942,0,0.0008194278903457253,0.00420413231795802,-0.0002094773540017858,66962.83333333333,66944.16666666667,156.08640757594813,518.8305969683802,66885.20237663349,67010.38167206055,-125.17929542706406,65.65333333333334,-0.06007098819688722,-0.1465920899627554,-0.607479841673318,8,3
2026-02-19 09:00:00+00:00,66933.0,67144.0,66736.0,66806.0,8034960.90664964,2026-02-19 09:59:59.999000+00:00,-0.0015990913574343013,1,-0.003900260513583942,0.0008194278903457253,0.0019904518175968278,66938.5,66888.95833333333,168.96242174911472,453.42296968447425,66873.01739561296,66995.24228894495,-122.22489333199337,68.46496106785317,-0.18296014732349603,0.6335083222077349,-0.19611912932556996,9,3
2026-02-19 10:00:00+00:00,66811.0,66927.0,66713.0,66812.0,3119196.9679638003,2026-02-19 10:59:59.999000+00:00,8.981229230897725e-05,0,-0.0015990913574343013,-0.003900260513583942,-0.002598876807264894,66944.16666666667,66849.20833333333,162.9667654154865,413.2282218708039,66863.63010398019,66981.66878606014,-118.03868207994674,67.22543352601156,-0.09004305941369535,-0.6117968706752028,-0.8837335746867999,10,3
2026-02-19 11:00:00+00:00,66811.0,66898.0,66459.0,66469.0,5177665.765617929,2026-02-19 11:59:59.999000+00:00,-0.005133808297910547,1,8.981229230897725e-05,-0.0015990913574343013,0.0009134744975889397,66882.5,66812.83333333333,254.83229772418704,406.32945147145386,66802.91778029093,66943.69332042606,-140.77554013513145,53.900709219858165,-0.8461934818856812,0.6599354958330474,-0.5409584952625351,11,3
2026-02-19 12:00:00+00:00,66469.0,66637.0,66311.0,66483.0,9025152.830241747,2026-02-19 12:59:59.999000+00:00,0.00021062450164732738,0,-0.005133808297910547,8.981229230897725e-05,0.00420413231795802,66776.33333333333,66773.25,268.42627783094014,389.19998764060256,66753.69966024617,66909.56788928338,-155.86822903720895,52.825298081907725,-0.7457605581118991,0.7430929764089627,-0.000745618998240176,12,3
2026-02-19 13:00:00+00:00,66484.0,66524.0,65749.0,65894.0,16786650.38291714,2026-02-19 13:59:59.999000+00:00,-0.008859407668125652,1,0.00021062450164732738,-0.005133808297910547,0.0008194278903457253,66562.83333333333,66718.16666666667,375.85817355807285,416.4130125801528,66621.43817405445,66834.34063822536,-212.90246417091112,39.23794081880827,-1.9792048801741822,0.8599851657545277,1.075607396286932,13,3
2026-02-19 14:00:00+00:00,65893.0,66629.0,65620.0,66384.0,24457925.6647992,2026-02-19 14:59:59.999000+00:00,0.007436185388654426,0,-0.008859407668125652,0.00021062450164732738,-0.003900260513583942,66474.66666666667,66684.41666666667,337.3637008193206,408.9279638943194,66584.90922419992,66800.9820724309,-216.0728482309787,49.47404139803189,-0.7346444684431246,0.45698665945224537,1.9574000165653898,14,3
2026-02-19 15:00:00+00:00,66376.0,66711.0,65959.0,66370.0,15094192.1474744,2026-02-19 15:59:59.999000+00:00,-0.00021089419137143572,0,0.007436185388654426,-0.008859407668125652,-0.0015990913574343013,66402.0,66630.375,296.16279301073746,355.6624941249572,66551.8462666307,66769.05747447305,-217.21120784235245,40.89657884388518,-0.7320845023049317,-0.38285068184672133,0.8727023324135419,15,3
2026-02-19 16:00:00+00:00,66363.0,66488.0,65872.0,66276.0,12503688.9070464,2026-02-19 16:59:59.999000+00:00,-0.001416302546331183,1,-0.00021089419137143572,0.007436185388654426,8.981229230897725e-05,66312.66666666667,66595.29166666667,218.38284417665244,346.89097128499657,66509.40837945674,66732.53469858617,-223.12631912942743,39.64925657643919,-0.920438100432282,-0.17162251646978344,0.5324026926938166,16,3
2026-02-19 17:00:00+00:00,66276.0,67030.0,66147.0,66341.0,18758792.298856832,2026-02-19 17:59:59.999000+00:00,0.0009807471784657462,1,-0.001416302546331183,-0.00021089419137143572,-0.005133808297910547,66291.33333333333,66561.54166666667,205.95501118134356,329.43838620727615,66483.49939800186,66703.53212832053,-220.0327303186641,38.04305283757339,-0.6694473865225622,0.5002606381453873,1.3355164276968592,17,3
2026-02-19 18:00:00+00:00,66337.0,67040.0,66218.0,66999.0,12172467.77170488,2026-02-19 18:59:59.999000+00:00,0.009918451636242942,1,0.0009807471784657462,-0.001416302546331183,0.00021062450164732738,66377.33333333333,66589.58333333333,355.46232800482846,337.0717787097033,66562.80718292465,66725.41863733382,-162.6114544091688,53.63606449489964,1.2146275438243492,-0.35110599990775126,0.511310494263228,18,3
2026-02-19 19:00:00+00:00,67002.0,67172.0,66676.0,67014.0,10628871.25410864,2026-02-19 19:59:59.999000+00:00,0.00022388393856620503,1,0.009918451636242942,0.0009807471784657462,-0.008859407668125652,66564.0,66625.91666666667,344.79965191939885,333.7087920861364,66632.2214624747,66746.79503456835,-114.57357209365,52.923488138990976,1.1629400918905277,-0.12681048301350684,0.3941813511302725,19,3
2026-02-19 20:00:00+00:00,67024.0,67171.0,66810.0,67117.0,4964226.34572064,2026-02-19 20:59:59.999000+00:00,0.0015369922702719307,0,0.00022388393856620503,0.009918451636242942,0.007436185388654426,66686.16666666667,66663.45833333333,394.53639455729615,336.2596019032509,66706.80277594013,66774.21762460032,-67.41484866019164,49.94671403197158,1.3487842848192189,-0.5329488685073972,-0.5311992728138407,20,3
2026-02-19 21:00:00+00:00,67116.0,67143.0,66876.0,66877.0,2620335.64075948,2026-02-19 21:59:59.999000+00:00,-0.0035758451659043677,1,0.0015369922702719307,0.00022388393856620503,-0.00021089419137143572,66770.66666666667,66686.875,366.5813233515559,330.4567737124433,66732.98696425703,66781.83113388918,-48.84416963215335,45.03333333333333,0.5753399994319465,-0.4721562921847201,-0.8938578363022578,21,3
2026-02-19 22:00:00+00:00,66886.0,66971.0,66623.0,66887.0,5068415.44565603,2026-02-19 22:59:59.999000+00:00,0.0001495282384078589,1,-0.0035758451659043677,0.0015369922702719307,-0.001416302546331183,66872.5,66708.25,275.14632464090846,325.8989239630533,66756.68127744825,66789.62142026777,-32.9401428195124,49.52692867540029,0.5484829401285923,0.9342619192810722,-0.503857916523688,22,3
2026-02-19 23:00:00+00:00,66888.0,66993.0,66786.0,66973.0,2788656.88660444,2026-02-19 23:59:59.999000+00:00,0.0012857505942858172,1,0.0001495282384078589,-0.0035758451659043677,0.0009807471784657462,66977.83333333333,66731.08333333333,88.95485725890867,324.3844895276078,66789.96108091775,66803.20501876644,-13.243937848688802,53.06197286395306,0.7457713746392995,-0.44979709802705603,-0.8887644054010023,23,3
2026-02-20 00:00:00+00:00,66973.0,67440.0,66921.0,67200.0,8114627.363808,2026-02-20 00:59:59.999000+00:00,0.0033894255894166836,1,0.0012857505942858172,0.0001495282384078589,0.009918451636242942,67011.33333333333,66763.79166666667,127.86034033239993,330.6436382638673,66853.0439915458,66832.59723959856,20.446751947238226,56.58073270013568,1.3192703044999046,1.9098694080248206,-0.014541969337829603,0,4
2026-02-20 01:00:00+00:00,67200.0,67321.0,67128.0,67247.0,3438541.63980731,2026-02-20 01:59:59.999000+00:00,0.000699404761904665,0,0.0033894255894166836,0.0012857505942858172,0.00022388393856620503,67050.16666666667,66781.04166666667,160.1404590660176,344.9031973240859,66913.65260823106,66863.29374036903,50.358867862029,64.66817496229261,1.3509829336128014,-0.5762539072165497,-0.8041592856051446,1,4
2026-02-20 02:00:00+00:00,67247.0,67314.0,67151.0,67218.0,1655617.02039426,2026-02-20 02:59:59.999000+00:00,-0.0004312460035391652,1,0.000699404761904665,0.0033894255894166836,0.0015369922702719307,67067.0,66797.66666666667,173.33551270062938,356.24230469558495,66960.47528388782,66889.56827811948,70.90700576834206,63.77952755905512,1.179908527968093,-0.5185118594384572,-1.0562883952968405,2,4
2026-02-20 03:00:00+00:00,67210.0,67443.0,67210.0,67331.0,2941290.4540943,2026-02-20 03:59:59.999000+00:00,0.001681097325121339,0,-0.0004312460035391652,0.000699404761904665,-0.0035758451659043677,67142.66666666667,66813.45833333333,172.89842865039228,371.45647278863026,67017.47908636661,66922.2669241847,95.21216218190966,82.7932450935646,1.3932767486358169,0.7765524380716238,-0.8422720387435879,3,4
2026-02-20 04:00:00+00:00,67334.0,67353.0,67079.0,67236.0,6506417.38515444,2026-02-20 04:59:59.999000+00:00,-0.0014109399830687375,1,0.001681097325121339,-0.0004312460035391652,0.0001495282384078589,67200.83333333333,66832.54166666667,120.42826341732061,381.19274806399636,67051.09768846405,66945.50641128213,105.59127718192758,73.71937639198218,1.058410306550727,1.2120961825097738,-0.2652960824096309,4,4
2026-02-20 05:00:00+00:00,67236.0,67979.0,67180.0,67760.0,10363576.0371528,2026-02-20 05:59:59.999000+00:00,0.007793443988339588,1,-0.0014109399830687375,0.001681097325121339,0.0012857505942858172,67332.0,66870.91666666667,214.49755234712072,425.6389484498247,67160.1595825465,67005.83926970567,154.32031284083496,80.13876843018213,2.0888204347167156,0.5928237344255167,0.33936046832556666,5,4
2026-02-20 06:00:00+00:00,67760.0,67865.0,67654.0,67819.0,4621725.73220711,2026-02-20 06:59:59.999000+00:00,0.0008707201889019967,0,0.007793443988339588,-0.0014109399830687375,0.0033894255894166836,67435.16666666667,66900.04166666667,277.82398497873766,465.47483736513385,67261.51964677012,67066.07339787562,195.44624889449915,83.97181858212241,1.9742384755643991,-0.5540414123813537,-0.6325282760562384,6,4
2026-02-20 07:00:00+00:00,67816.0,67955.0,67751.0,67800.0,3623503.212882,2026-02-20 07:59:59.999000+00:00,-0.0002801574779929261,1,0.0008707201889019967,0.007793443988339588,0.000699404761904665,67527.33333333333,66926.08333333333,294.16299330366337,497.8817666554371,67344.36277803626,67120.43833136631,223.9244466699456,82.78651685393258,1.7552694739903425,-0.21598480246650376,-0.7806887202544903,7,4
2026-02-20 08:00:00+00:00,67800.0,67921.0,67735.0,67850.0,3190552.4677299997,2026-02-20 08:59:59.999000+00:00,0.0007374631268437515,1,-0.0002801574779929261,0.0008707201889019967,-0.0004312460035391652,67632.66666666667,66965.125,273.684246220461,532.3554151018394,67422.15311987684,67174.47993645028,247.673183426552,76.31416202844774,1.6621884081534584,-0.11948402408277359,-0.8345035091140848,8,4
2026-02-20 09:00:00+00:00,67850.0,68208.0,67850.0,68188.0,6034327.63413544,2026-02-20 09:59:59.999000+00:00,0.004981577008106086,0,0.0007374631268437515,-0.0002801574779929261,0.001681097325121339,67775.5,67022.70833333333,306.4309056907443,586.3955838356111,67539.97571681887,67249.55549671322,290.4202201056469,80.25773195876289,1.9872108501303907,0.891311205557048,-0.3413014739134806,9,4
2026-02-20 10:00:00+00:00,68187.0,68298.0,67857.0,67917.0,7690360.63299102,2026-02-20 10:59:59.999000+00:00,-0.003974306329559418,0,0.004981577008106086,0.0007374631268437515,-0.0014109399830687375,67889.0,67068.75,155.67144877059246,611.9554721912625,67597.97945269289,67298.99583029002,298.9836224028695,68.97533206831119,1.3861302636327848,0.27443538025472924,-0.096973400812873,10,4
2026-02-20 11:00:00+00:00,67916.0,67955.0,67199.0,67278.0,10666841.1138222,2026-02-20 11:59:59.999000+00:00,-0.009408542780158125,1,-0.003974306329559418,0.004981577008106086,0.007793443988339588,67808.66666666667,67102.45833333333,296.35361754006703,599.6402529149155,67548.7518445863,67297.44058360187,251.31126098442473,57.99760670123654,0.29274496802598665,0.38704042929564597,0.37238878288625793,11,4
2026-02-20 12:00:00+00:00,67305.0,67557.0,67253.0,67515.0,6889426.3293607505,2026-02-20 12:59:59.999000+00:00,0.0035226968697048555,0,-0.009408542780158125,-0.003974306329559418,0.0008707201889019967,67758.0,67145.45833333333,319.32992337466635,590.2158763892864,67543.55925311148,67313.55609592766,230.00315718381898,61.48500365764448,0.6261127181589645,-0.35412684450381815,-0.2577227695534915,12,4
2026-02-20 13:00:00+00:00,67515.0,67515.0,66431.0,66783.0,31334116.46760726,2026-02-20 13:59:59.999000+00:00,-0.010842035103310388,1,0.0035226968697048555,-0.009408542780158125,-0.0002801574779929261,67588.5,67182.5,507.2154374254089,533.4244577433665,67426.55013724818,67274.25564437747,152.29449287071475,47.18934911242604,-0.7489345383413254,3.5481459514372453,3.0457288769321846,13,4
2026-02-20 14:00:00+00:00,66782.0,67281.0,66645.0,67047.0,31950638.81181375,2026-02-20 14:59:59.999000+00:00,0.003953101837294026,1,-0.010842035103310388,0.0035226968697048555,0.0007374631268437515,67454.66666666667,67210.125,529.8507965733886,506.7758540511314,67368.15780844077,67257.4218929421,110.73591549866251,47.76119402985074,-0.3218878695501965,0.01967575325903459,2.782711691048268,14,4
2026-02-20 15:00:00+00:00,67062.0,68053.0,66545.0,67573.0,58716602.34881936,2026-02-20 15:59:59.999000+00:00,0.00784524288931654,1,0.003953101837294026,-0.010842035103310388,0.004981577008106086,67352.16666666667,67260.25,404.2021358547714,478.7878035356553,67399.67199175757,67280.79804902046,118.87394273710379,54.18377823408625,0.653212127983351,0.8377285879839402,3.6780710833526946,15,4
2026-02-20 16:00:00+00:00,67573.0,67906.0,67277.0,67782.0,21418859.4612135,2026-02-20 16:59:59.999000+00:00,0.003092951326713278,0,0.00784524288931654,0.003953101837294026,-0.003974306329559418,67329.66666666667,67323.0,368.66769132863,441.41285016726704,67458.49168533333,67317.9241194634,140.56756586993288,56.91854759568204,1.0398428587343314,-0.6352162999151436,0.7564036505644335,16,4
2026-02-20 17:00:00+00:00,67782.0,67782.0,66941.0,67588.0,32387692.75517004,2026-02-20 17:59:59.999000+00:00,-0.0028621167861674346,1,0.003092951326713278,0.00784524288931654,-0.009408542780158125,67381.33333333333,67374.95833333333,381.4785270883929,391.34944670683313,67478.41604143589,67337.92974024388,140.4863011920097,53.09117151792158,0.5443770738898344,0.5121109886275472,1.4812548202167377,17,4
2026-02-20 18:00:00+00:00,67591.0,67988.0,67444.0,67906.0,14981080.2716555,2026-02-20 18:59:59.999000+00:00,0.00470497721489016,0,-0.0028621167861674346,0.003092951326713278,0.0035226968697048555,67446.5,67412.75,438.0770479753502,397.21500577719405,67544.19818890729,67380.00901874434,164.18917016295018,57.64840182648402,1.2417708113390709,-0.5374452763615255,0.20322701839680538,18,4
2026-02-20 19:00:00+00:00,67904.0,67978.0,67536.0,67621.0,6451341.50379745,2026-02-20 19:59:59.999000+00:00,-0.004196978175713517,1,0.00470497721489016,-0.0028621167861674346,-0.010842035103310388,67586.16666666667,67438.04166666667,294.18865822686377,389.9804318986601,67556.01385215232,67397.86020254105,158.1536496112676,48.32166143443612,0.4691474709194431,-0.5693674029633553,-0.404118708602087,19,4
2026-02-20 20:00:00+00:00,67619.0,67806.0,67510.0,67727.0,3153960.38483724,2026-02-20 20:59:59.999000+00:00,0.0015675603732567822,1,-0.004196978175713517,0.00470497721489016,0.003953101837294026,67699.5,67463.45833333333,130.23171642322785,388.0202794492562,67582.31941335966,67422.24092827876,160.07848508089955,48.90162368672397,0.6791956003967996,-0.5111155744924174,-0.6359572636345723,20,4
2026-02-20 21:00:00+00:00,67695.0,67810.0,67613.0,67798.0,3313230.18626714,2026-02-20 21:59:59.999000+00:00,0.0010483263690994615,1,0.0015675603732567822,-0.004196978175713517,0.00784524288931654,67737.0,67501.83333333333,118.3756730181579,372.74045825536643,67615.50104207355,67450.07493359144,165.4261084821046,49.97641509433962,0.7945653875431097,0.05049835191196261,-0.6274112469366483,21,4
2026-02-20 22:00:00+00:00,67795.0,68077.0,67623.0,68068.0,6108093.18943824,2026-02-20 22:59:59.999000+00:00,0.0039824183604235674,0,0.0010483263690994615,0.0015675603732567822,0.003092951326713278,67784.66666666667,67551.04166666667,181.0896646115392,365.93685349003323,67685.11626636992,67495.84716073282,189.2691056370968,52.44394618834081,1.4126981975249686,0.8435462814371917,-0.4286621492361274,22,4
2026-02-20 23:00:00+00:00,68040.0,68200.0,67889.0,67992.0,3695425.40827584,2026-02-20 23:59:59.999000+00:00,-0.0011165305282951898,0,0.0039824183604235674,0.0010483263690994615,-0.0028621167861674346,67852.0,67593.5,167.97261670398683,354.9018234567604,67732.32914846686,67532.59922290077,199.72992556609097,47.66555502620296,1.1228457383469923,-0.39499524750772386,-0.6076245375207538,23,4
2026-02-21 00:00:00+00:00,67992.0,68021.0,67782.0,67815.0,4837406.6592076495,2026-02-21 00:59:59.999000+00:00,-0.002603247440875367,1,-0.0011165305282951898,0.0039824183604235674,0.00470497721489016,67836.83333333333,67619.125,166.22083692806532,347.3772929262557,67745.04774101042,67553.5177989822,191.52994202822447,48.75730994152047,0.5638681744278031,0.30902565327779663,-0.5125374237462467,0,5
2026-02-21 01:00:00+00:00,67817.0,67988.0,67817.0,67932.0,764571.03175188,2026-02-21 01:59:59.999000+00:00,0.0017252820172528605,1,-0.002603247440875367,-0.0011165305282951898,-0.004196978175713517,67888.66666666667,67647.66666666667,129.99948703366078,343.5932461293682,67773.80962700881,67581.5535175761,192.25610943271022,59.128978224455615,0.8275288776376953,-0.8419460910327696,-0.7946799302947398,1,5
2026-02-21 02:00:00+00:00,67932.0,68069.0,67897.0,67990.0,3003499.8795971,2026-02-21 02:59:59.999000+00:00,0.0008537949714420012,0,0.0017252820172528605,-0.002603247440875367,0.0015675603732567822,67932.5,67679.83333333333,106.86767501122576,337.7059006109802,67807.06968439207,67611.80881257047,195.260871821607,56.979136056420806,0.9184520202505064,2.928346425465674,-0.639400318266593,2,5
2026-02-21 03:00:00+00:00,67985.0,67985.0,67518.0,67648.0,5986897.9884896,2026-02-21 03:59:59.999000+00:00,-0.005030151492866564,1,0.0008537949714420012,0.0017252820172528605,0.0010483263690994615,67907.5,67693.04166666667,152.44900774465347,329.5704026569749,67782.59742525483,67614.48964126896,168.10778398587718,64.35446398937935,-0.1366678145353726,0.9933072177424902,-0.435425646349978,3,5
2026-02-21 04:00:00+00:00,67648.0,67808.0,67571.0,67798.0,3040098.76888278,2026-02-21 04:59:59.999000+00:00,0.002217360454115358,1,-0.005030151492866564,0.0008537949714420012,0.0039824183604235674,67862.5,67716.45833333333,134.3752207900453,315.3432882398618,67784.9670521387,67628.08300117496,156.88405096373754,62.952742324939635,0.2585806316722616,-0.49220802246377526,-0.6351995252518512,4,5
2026-02-21 05:00:00+00:00,67798.0,67857.0,67782.0,67836.0,1463453.60197728,2026-02-21 05:59:59.999000+00:00,0.0005604885099854684,0,0.002217360454115358,-0.005030151492866564,-0.0011165305282951898,67836.5,67719.625,118.45632090521286,316.1800274017723,67792.8182748866,67643.48426034719,149.33401453940314,55.45416839485691,0.36806562690350275,-0.5186164288619177,-0.7139953223727861,5,5
2026-02-21 06:00:00+00:00,67836.0,67906.0,67740.0,67777.0,1556137.24249357,2026-02-21 06:59:59.999000+00:00,-0.0008697446783418883,1,0.0005604885099854684,0.002217360454115358,-0.002603247440875367,67830.16666666667,67717.875,120.82783879996974,315.72198996138326,67790.38469413482,67653.37431513629,137.01037899852963,49.889429455992925,0.1872691858024578,0.06333213461025666,-0.6943634332530596,6,5
2026-02-21 07:00:00+00:00,67776.0,67870.0,67739.0,67841.0,434207.47810406,2026-02-21 07:59:59.999000+00:00,0.0009442731310032038,1,-0.0008697446783418883,0.0005604885099854684,0.0017252820172528605,67815.0,67719.58333333333,110.78266995527466,316.2960797893395,67798.17166426792,67667.27251401509,130.899150252837,55.93618019709057,0.3838702861810296,-0.7209709617846549,-0.7596395898014131,7,5
2026-02-21 08:00:00+00:00,67841.0,68057.0,67803.0,68037.0,2495049.04916541,2026-02-21 08:59:59.999000+00:00,0.002889108356303627,1,0.0009442731310032038,-0.0008697446783418883,0.0008537949714420012,67822.83333333333,67727.375,126.21793307243537,321.90206610485166,67834.91448514978,67694.65973519915,140.2547499506327,53.26032852165256,0.9618608657800516,4.7462139069089435,-0.6115669629385985,8,5
2026-02-21 09:00:00+00:00,68037.0,68271.0,67959.0,68130.0,5984254.7633817,2026-02-21 09:59:59.999000+00:00,0.001366903302614686,1,0.002889108356303627,0.0009442731310032038,-0.005030151492866564,67903.16666666667,67724.95833333333,144.719613836542,318.49325684435564,67880.3122566652,67726.90716222144,153.4050944437622,64.00660429279031,1.27174330370395,1.3984517520340627,-0.36576360272223624,9,5
2026-02-21 10:00:00+00:00,68132.0,68228.0,68128.0,68190.0,1145923.7054817,2026-02-21 10:59:59.999000+00:00,0.0008806693086746975,0,0.001366903302614686,0.002889108356303627,0.002217360454115358,67968.5,67736.33333333333,173.39059940569723,330.30626973953133,67927.95652487055,67761.21033539022,166.7461894803273,63.07171089779786,1.3734727682414813,-0.8085102070697707,-0.6808307968898035,10,5
2026-02-21 11:00:00+00:00,68197.0,68265.0,68069.0,68074.0,3636348.7697862,2026-02-21 11:59:59.999000+00:00,-0.0017011291978296095,1,0.0008806693086746975,0.001366903302614686,0.0005604885099854684,68008.16666666667,67769.5,163.98465363836505,322.14633447358926,67950.42475181354,67784.37994017614,166.04481163740274,57.59911894273127,0.9452226128773911,2.1732904663645356,-0.48411015607620045,11,5
2026-02-21 12:00:00+00:00,68074.0,68183.0,67907.0,68183.0,5286381.7290284,2026-02-21 12:59:59.999000+00:00,0.0016011986955373203,1,-0.0017011291978296095,0.0008806693086746975,-0.0008697446783418883,68075.83333333333,67797.33333333333,129.70029540763673,328.00578812982656,67986.20555922684,67813.90735201494,172.2982072119048,53.47432024169184,1.1757922592330061,0.4537609189063605,-0.3644564107409018,12,5
2026-02-21 13:00:00+00:00,68182.0,68241.0,68092.0,68241.0,1901007.68091708,2026-02-21 13:59:59.999000+00:00,0.0008506519220332631,1,0.0016011986955373203,-0.0017011291978296095,0.0009442731310032038,68142.5,67858.08333333333,76.91228745848763,259.92589513117866,68025.40470396118,67845.54384445828,179.8608595028927,57.60537568723275,1.4731762930870056,-0.640395306589698,-0.5364992881539437,13,5
2026-02-21 14:00:00+00:00,68240.0,68601.0,68167.0,68433.0,10132055.3517591,2026-02-21 14:59:59.999000+00:00,0.0028135578318020382,1,0.0008506519220332631,0.0016011986955373203,0.002889108356303627,68208.5,67915.83333333333,123.85596457996152,223.27068111763163,68088.11167258254,67889.05911523916,199.05255734338425,68.7046004842615,2.3163214447946205,4.329833989345701,0.13260881452743312,14,5
2026-02-21 15:00:00+00:00,68444.0,68668.0,68413.0,68606.0,6157548.73068512,2026-02-21 15:59:59.999000+00:00,0.0025280201072581665,0,0.0028135578318020382,0.0008506519220332631,0.001366903302614686,68287.83333333333,67958.875,195.3370590252162,252.0247247827602,68167.78679987753,67942.16584744367,225.62095243386284,69.73067915690866,2.5677044208968294,-0.3922705199576251,-0.0088576926657437,15,5
2026-02-21 16:00:00+00:00,68596.0,68608.0,68094.0,68310.0,10295463.7390968,2026-02-21 16:59:59.999000+00:00,-0.004314491443897062,1,0.0025280201072581665,0.0028135578318020382,0.0008806693086746975,68307.83333333333,67980.875,189.3688639365002,258.86597369414915,68189.66575374253,67969.4128217071,220.25293203543697,58.22199383350463,1.271410820445881,0.6720068633466216,0.6851067701818855,16,5
2026-02-21 17:00:00+00:00,68311.0,68438.0,68186.0,68419.0,5861609.86500739,2026-02-21 17:59:59.999000+00:00,0.0015956668130581164,1,-0.004314491443897062,0.0025280201072581665,-0.0017011291978296095,68365.33333333333,68015.5,153.06556316998007,259.6063909194128,68224.94794547446,68002.71557565471,222.23236981974333,72.50437828371278,1.5542760660512969,-0.4306609188716721,0.35251674574912195,17,5
2026-02-21 18:00:00+00:00,68421.0,68618.0,68375.0,68550.0,4708741.031703,2026-02-21 18:59:59.999000+00:00,0.0019146728248000677,0,0.0015956668130581164,-0.004314491443897062,0.0016011986955373203,68426.5,68042.33333333333,138.24145529404598,280.2572833538564,68274.955953863,68043.25516264325,231.70079121974413,72.19598583234946,1.8114307702957542,-0.19668126331415892,0.18374487333010067,18,5
2026-02-21 19:00:00+00:00,68550.0,68638.0,68509.0,68527.0,3011748.85532383,2026-02-21 19:59:59.999000+00:00,-0.00033552151714077993,0,0.0019146728248000677,0.0015956668130581164,0.0008506519220332631,68474.16666666667,68080.08333333333,107.34135562976661,282.04947392694936,68313.731960961,68079.08811355857,234.64384740243258,70.57772483621203,1.5845328851151221,-0.3603919104817328,-0.41223423392289776,19,5
2026-02-21 20:00:00+00:00,68532.0,68588.0,68203.0,68206.0,5359183.858627159,2026-02-21 20:59:59.999000+00:00,-0.004684285026339996,1,-0.00033552151714077993,0.0019146728248000677,0.0028135578318020382,68436.33333333333,68100.04166666667,154.4288400153012,272.77327399023005,68297.15781312085,68088.48899403571,208.66881908514188,61.05100463678516,0.38844836879849015,0.7794258804660281,0.45554400951443846,20,5
2026-02-21 21:00:00+00:00,68217.0,68365.0,68175.0,68365.0,2916128.4578448,2026-02-21 21:59:59.999000+00:00,0.0023311732105679717,0,-0.004684285026339996,-0.00033552151714077993,0.0025280201072581665,68396.16666666667,68123.66666666667,131.04414000064497,270.0160488046172,68307.59507264072,68108.9712907738,198.62378186691785,62.86836935166994,0.8937740345499114,-0.45586333016911773,-0.47592512465992426,21,5
2026-02-21 22:00:00+00:00,68364.0,68412.0,67906.0,67975.0,4903636.947498,2026-02-21 22:59:59.999000+00:00,-0.005704673444013708,0,0.0023311732105679717,-0.004684285026339996,-0.004314491443897062,68340.33333333333,68119.79166666667,217.76837839447768,271.51282755166244,68256.42659992677,68099.04749145723,157.37910846954037,48.609865470852014,-0.5332774439142147,0.6815572490664874,0.30854587442149134,22,5
2026-02-21 23:00:00+00:00,67950.0,68103.0,67929.0,67966.0,2058680.87079692,2026-02-21 23:59:59.999000+00:00,-0.00013240161824201735,0,-0.005704673444013708,0.0023311732105679717,0.0015956668130581164,68264.83333333333,68118.70833333333,259.5576364290428,272.09612728155446,68211.74558455341,68089.19212171965,122.55346283376275,46.1789375582479,-0.5612293525049398,-0.5801726569811968,-0.7577914735215997,23,5
2026-02-22 00:00:00+00:00,67967.0,68044.0,67792.0,67912.0,5198397.82910448,2026-02-22 00:59:59.999000+00:00,-0.0007945149045111011,1,-0.00013240161824201735,-0.005704673444013708,0.0019146728248000677,68158.5,68122.75,249.87256744601663,268.0795224931828,68165.6308792375,68076.06677937004,89.56409986746439,43.50467289719626,-0.7861473268826764,1.5251110567186497,0.4368256319836469,0,6
2026-02-22 01:00:00+00:00,67912.0,68143.0,67912.0,68120.0,3075163.4781556,2026-02-22 01:59:59.999000+00:00,0.003062787136294043,0,-0.0007945149045111011,-0.00013240161824201735,-0.00033552151714077993,68090.66666666667,68130.58333333333,173.35704955032702,264.99235691007556,68158.6107439702,68079.3210920093,79.28965196090576,51.030465949820794,-0.03993825881144152,-0.40844014266500384,-0.4243172998371931,1,6
2026-02-22 02:00:00+00:00,68129.0,68192.0,67858.0,67887.0,3678858.26168571,2026-02-22 02:59:59.999000+00:00,-0.003420434527304783,1,0.003062787136294043,-0.0007945149045111011,-0.004684285026339996,68037.5,68126.29166666667,179.71171348072485,268.18301319915963,68116.82447566709,68065.07508519379,51.74939047329826,43.71816638370119,-0.8922700353469716,0.19631307012406052,-0.19795222739491714,2,6
2026-02-22 03:00:00+00:00,67886.0,68034.0,67815.0,68011.0,2658110.59881351,2026-02-22 03:59:59.999000+00:00,0.0018265647325703682,0,-0.003420434527304783,0.003062787136294043,0.0023311732105679717,67978.5,68141.41666666667,82.51242307818521,249.6299724268025,68100.54378710293,68061.06952332759,39.47426377533702,45.25185796862098,-0.522439935392425,-0.27746316663052883,-0.5499920137769652,3,6
2026-02-22 04:00:00+00:00,68011.0,68044.0,67947.0,67962.0,1993850.21227212,2026-02-22 04:59:59.999000+00:00,-0.0007204716884033902,0,0.0018265647325703682,-0.003420434527304783,-0.005704673444013708,67976.33333333333,68148.25,82.79291412253941,241.9470386481749,68079.22935831787,68053.73104011815,25.498318199723144,39.66652040368583,-0.7697965680449338,-0.24989945370892142,-0.7885460342648247,4,6
2026-02-22 05:00:00+00:00,67965.0,67990.0,67855.0,67949.0,1510966.4899359802,2026-02-22 05:59:59.999000+00:00,-0.00019128336423290815,1,-0.0007204716884033902,0.0018265647325703682,-0.00013240161824201735,67973.5,68152.95833333333,83.5050894391372,236.64787242888292,68059.19407242282,68045.97318529458,13.220887128234608,34.49740443605474,-0.8618642172437944,-0.24218655913267573,-0.9802662970185,5,6
2026-02-22 06:00:00+00:00,67955.0,68147.0,67949.0,68028.0,2050321.6712106,2026-02-22 06:59:59.999000+00:00,0.001162636683395002,0,-0.00019128336423290815,-0.0007204716884033902,-0.0007945149045111011,67992.83333333333,68163.41666666667,79.7631909397199,224.5474513692523,68054.39498435777,68044.64183823572,9.753146122049657,42.586750788643535,-0.603064812541508,0.3569603858636683,-0.7815941384200721,6,6
2026-02-22 07:00:00+00:00,68023.0,68080.0,67972.0,67991.0,1112227.17813592,2026-02-22 07:59:59.999000+00:00,-0.000543893690833186,0,0.001162636683395002,-0.00019128336423290815,0.003062787136294043,67971.33333333333,68169.66666666667,50.73328915916172,217.14885017844642,68044.64190984119,68040.66836873678,3.973541104409378,38.30601092896175,-0.8227843091034035,-0.4575352766577294,-1.1833298260409566,7,6
2026-02-22 08:00:00+00:00,67991.0,68001.0,67907.0,67951.0,2224677.23760438,2026-02-22 08:59:59.999000+00:00,-0.0005883131590945778,1,-0.000543893690833186,0.001162636683395002,-0.003420434527304783,67982.0,68166.08333333333,33.13004621533348,220.12247895777287,68030.23546217331,68034.02626734886,-3.7908051755512133,32.7774583093732,-0.9771075373659994,1.0002003919135598,-0.7279244933279149,8,6
2026-02-22 09:00:00+00:00,67934.0,68076.0,67934.0,68047.0,916899.50632147,2026-02-22 09:59:59.999000+00:00,0.0014127827405041593,1,-0.0005883131590945778,-0.000543893690833186,0.0018265647325703682,67988.0,68162.625,41.60769114267745,221.3625418751147,68032.81462183896,68034.98728458228,-2.172662743323599,36.75496688741722,-0.5223331780551731,-0.5878505471162984,-1.149207797495991,9,6
2026-02-22 10:00:00+00:00,68042.0,68127.0,67999.0,68116.0,2050867.86340348,2026-02-22 10:59:59.999000+00:00,0.0010140050259379585,1,0.0014127827405041593,-0.0005883131590945778,-0.0007204716884033902,68013.66666666667,68159.54166666667,63.89261795283267,221.4799978286165,68045.61237232527,68040.98822646508,4.624145860187127,47.11538461538461,-0.1965941263028389,1.2367422484841368,-0.7260426924181274,10,6
2026-02-22 11:00:00+00:00,68116.0,68224.0,68116.0,68197.0,1592234.34313308,2026-02-22 11:59:59.999000+00:00,0.0011891479241294967,0,0.0010140050259379585,0.0014127827405041593,-0.00019128336423290815,68055.0,68164.66666666667,88.98314425867923,220.83668292456093,68068.90277658292,68052.54465413434,16.358122448582435,44.33198380566802,0.14641287355495072,-0.22362899553620352,-0.8610251006197314,11,6
2026-02-22 12:00:00+00:00,68198.0,68215.0,67865.0,67931.0,3392161.6872896403,2026-02-22 12:59:59.999000+00:00,-0.003900464829831196,0,0.0011891479241294967,0.0010140050259379585,0.001162636683395002,68038.83333333333,68154.16666666667,102.63413968481808,225.86080092544395,68047.68696480093,68043.54134642068,4.145618380251108,48.379970544919,-0.9880717050159502,1.1304412267699222,-0.1215957219635226,12,6
2026-02-22 13:00:00+00:00,67922.0,68019.0,67556.0,67633.0,6216858.68007378,2026-02-22 13:59:59.999000+00:00,-0.004386804257261012,0,-0.003900464829831196,0.0011891479241294967,-0.000543893690833186,67979.16666666667,68128.83333333333,196.83537951521208,248.64618935673826,67983.88897021617,68013.13087631544,-29.241906099268817,39.89071038251366,-1.9941320420637747,0.8327129580433092,0.9213833114295148,13,6
2026-02-22 14:00:00+00:00,67633.0,67659.0,67354.0,67427.0,9586423.385069553,2026-02-22 14:59:59.999000+00:00,-0.003045850398474159,1,-0.004386804257261012,-0.003900464829831196,-0.0005883131590945778,67891.83333333333,68086.91666666667,300.6834990966021,278.1818166843046,67898.21374402907,67969.71377436614,-71.50003033707617,36.52028904947193,-2.372249468108046,0.5420043913489414,2.309402903092975,14,6
2026-02-22 15:00:00+00:00,67427.0,67784.0,67298.0,67666.0,7594577.158709199,2026-02-22 15:59:59.999000+00:00,0.0035445741320243584,0,-0.003045850398474159,-0.004386804257261012,0.0014127827405041593,67828.33333333333,68047.75,301.59022966441336,267.9036571429578,67862.48855263999,67947.21645774643,-84.72790510643972,37.595628415300546,-1.4249525522389264,-0.20777782769980402,1.439586093028092,15,6
2026-02-22 16:00:00+00:00,67668.0,67697.0,67500.0,67606.0,3329640.8568654,2026-02-22 16:59:59.999000+00:00,-0.0008867082434309559,0,0.0035445741320243584,-0.003045850398474159,0.0010140050259379585,67743.33333333333,68018.41666666667,274.99575747474773,276.34900996323086,67823.02877531076,67921.94116458003,-98.91238926927326,41.52082076041039,-1.4923761323463576,-0.5615765318748414,-0.13643447560677485,16,6
2026-02-22 17:00:00+00:00,67607.0,67612.0,67160.0,67351.0,5284487.055795991,2026-02-22 17:59:59.999000+00:00,-0.0037718545691211025,1,-0.0008867082434309559,0.0035445741320243584,0.0011891479241294967,67602.33333333333,67973.91666666667,203.44008117683163,294.4363688602948,67750.40896372449,67879.64922646299,-129.24026273850177,31.543624161073822,-2.1156240619250237,0.5871042202344092,0.7857011438418074,17,6
2026-02-22 18:00:00+00:00,67358.0,67435.0,67294.0,67398.0,1416735.4365153,2026-02-22 18:59:59.999000+00:00,0.0006978367062107083,0,-0.0037718545691211025,-0.0008867082434309559,-0.003900464829831196,67513.5,67925.91666666667,136.61734868840057,290.3106156661881,67696.19220007457,67843.97150598426,-147.77930590968754,34.21052631578948,-1.8184545730621622,-0.7319067259401395,-0.9417463802707912,18,6
2026-02-22 19:00:00+00:00,67404.0,67451.0,67379.0,67395.0,3003418.61480895,2026-02-22 19:59:59.999000+00:00,-4.451170657882031e-05,0,0.0006978367062107083,-0.0037718545691211025,-0.004386804257261012,67473.83333333333,67878.75,129.33896021442936,280.1881742485702,67649.85493852463,67810.71435739283,-160.85941886820365,34.403153153153156,-1.7265182632970049,1.119957288706186,-0.2116544420139119,19,6
2026-02-22 20:00:00+00:00,67395.0,67450.0,67326.0,67371.0,3191362.57764048,2026-02-22 20:59:59.999000+00:00,-0.00035610950367237493,1,-4.451170657882031e-05,0.0006978367062107083,-0.003045850398474159,67464.5,67843.95833333333,135.27860127415403,289.4741076559726,67606.9541787516,67778.14292351188,-171.1887447602785,30.91226031377107,-1.6338536705860371,0.06257667908989939,-0.08511326957836006,20,6
2026-02-22 21:00:00+00:00,67384.0,67600.0,67383.0,67581.0,2047135.41057591,2026-02-22 21:59:59.999000+00:00,0.0031170681747338946,1,-0.00035610950367237493,-4.451170657882031e-05,0.0035445741320243584,67450.33333333333,67811.29166666667,112.48762878366291,271.816990628821,67602.96122817443,67763.53974399249,-160.57851581805153,39.17634635691658,-0.8472305801558436,-0.35853875554013337,-0.5994422606769698,21,6
2026-02-22 22:00:00+00:00,67581.0,67718.0,67451.0,67642.0,3464510.6208049404,2026-02-22 22:59:59.999000+00:00,0.0009026205590327852,0,0.0031170681747338946,-0.00035610950367237493,-0.0008867082434309559,67456.33333333333,67797.41666666667,122.92707850333778,271.59607412747636,67608.96719307067,67754.53679999305,-145.56960692237772,41.932114882506525,-0.572234584634405,0.692370032244368,0.08818369077651236,22,6
2026-02-22 23:00:00+00:00,67635.0,67691.0,67444.0,67612.0,5092304.52785396,2026-02-22 23:59:59.999000+00:00,-0.0004435114278110719,0,0.0009026205590327852,0.0031170681747338946,-0.0037718545691211025,67499.83333333333,67782.66666666667,124.36947627664476,271.6550987904349,67609.4337787521,67743.97851851209,-134.54473975997826,38.236884802595995,-0.6282476103948642,0.4698481503488132,0.7889596687731029,23,6
2026-02-23 00:00:00+00:00,67612.0,67654.0,66709.0,66717.0,12355021.99624896,2026-02-23 00:59:59.999000+00:00,-0.013237295154706286,0,-0.0004435114278110719,0.0009026205590327852,0.0006978367062107083,67386.33333333333,67732.875,347.13205935123403,346.2053062499558,67472.1362743287,67667.90603565934,-195.76976133063727,23.85046728971963,-2.9343137775784154,1.4262142864138005,3.0917957502228326,0,0
2026-02-23 01:00:00+00:00,66716.0,66716.0,64258.0,64409.0,71653433.73106742,2026-02-23 01:59:59.999000+00:00,-0.034593881619377376,1,-0.013237295154706286,-0.0004435114278110719,-4.451170657882031e-05,66888.66666666667,67578.25,1263.400912865694,754.1537871864837,67000.8845398166,67426.50558857346,-425.62104875686055,11.362709098327215,-4.202392209450408,4.799539147143705,4.602233821903701,1,0
2026-02-23 02:00:00+00:00,64408.0,64887.0,64324.0,64778.0,16451013.462919,2026-02-23 02:59:59.999000+00:00,0.0057290130261298255,1,-0.034593881619377376,-0.013237295154706286,-0.00035610950367237493,66456.5,67448.70833333333,1488.796124378214,942.3497679152713,66658.90230292174,67230.31998941988,-571.4176864981418,18.501498501498503,-2.8340945413948018,-0.7704085818878742,0.6558742202764549,2,0
2026-02-23 03:00:00+00:00,64779.0,65035.0,64683.0,64933.0,7617541.516164689,2026-02-23 03:59:59.999000+00:00,0.0023927876748279786,0,0.0057290130261298255,-0.034593881619377376,0.0031170681747338946,66015.16666666667,67320.45833333333,1481.2475035019168,1064.0855220015808,66393.37887170301,67060.14813835174,-666.7692666487274,22.23364870423694,-2.2436714756182745,-0.5369560949339188,0.02245007419685841,3,0
2026-02-23 04:00:00+00:00,64933.0,65014.0,64669.0,64800.0,4001011.803936,2026-02-23 04:59:59.999000+00:00,-0.002048265134831251,1,0.0023927876748279786,0.0057290130261298255,0.0009026205590327852,65541.5,67188.70833333333,1300.3348414790808,1171.5269663630945,66148.24366067178,66892.72975773309,-744.4860970613081,22.57256212152849,-2.038969995499864,-0.47476337405635227,-0.23784482119890743,4,0
2026-02-23 05:00:00+00:00,64800.0,65208.0,64797.0,65042.0,5944177.12903484,2026-02-23 05:59:59.999000+00:00,0.003734567901234609,1,-0.002048265134831251,0.0023927876748279786,-0.0004435114278110719,65113.166666666664,67067.58333333333,814.3791295407079,1237.900358286678,65978.05232826073,66755.63866456768,-777.5863363069511,22.62103505843072,-1.6363056362119863,0.4856684809545546,-0.1145335817289765,5,0
2026-02-23 06:00:00+00:00,65052.0,65781.0,65010.0,65749.0,11538612.51928026,2026-02-23 06:59:59.999000+00:00,0.010869899449586384,1,0.003734567901234609,-0.002048265134831251,-0.013237295154706286,64951.833333333336,66972.625,445.39843582081346,1248.3900871632218,65942.81350852831,66681.07283756266,-738.2593290343502,32.9288472145615,-0.9801623807991806,0.9411622952685788,0.2530851722273203,6,0
2026-02-23 07:00:00+00:00,65749.0,66000.0,65651.0,65945.0,12409161.89543305,2026-02-23 07:59:59.999000+00:00,0.00298103393207505,0,0.010869899449586384,0.003734567901234609,-0.034593881619377376,65207.833333333336,66887.375,508.014730722839,1245.679378522089,65943.14989183165,66626.54892366914,-683.3990318374854,36.933085501858734,-0.7565148915911746,0.07544662538049174,0.28237396854838487,7,0
2026-02-23 08:00:00+00:00,65944.0,65944.0,65554.0,65669.0,6600830.335020251,2026-02-23 08:59:59.999000+00:00,-0.004185305936765471,1,0.00298103393207505,0.010869899449586384,0.0057290130261298255,65356.333333333336,66792.29166666667,487.0316895554802,1248.0533182078484,65900.97298539602,66555.61937376772,-654.6463883717079,34.587270458192194,-0.9000349987287969,-0.4680679976099307,-0.1435519710903484,8,0
2026-02-23 09:00:00+00:00,65667.0,66449.0,65661.0,66388.0,7651673.22099152,2026-02-23 09:59:59.999000+00:00,0.010948849533265248,0,-0.004185305936765471,0.00298103393207505,0.0023927876748279786,65598.83333333333,66723.16666666667,586.2229666526616,1221.1920999057404,65975.90021841202,66543.203123859,-567.3029054469807,42.03952569169961,-0.2744585939366475,0.15919859057671815,-0.08924182593942237,9,0
2026-02-23 10:00:00+00:00,66395.0,66575.0,66221.0,66315.0,6862884.788007449,2026-02-23 10:59:59.999000+00:00,-0.0010995963125866037,0,0.010948849533265248,-0.004185305936765471,-0.002048265134831251,65851.33333333333,66648.125,492.0384808435441,1186.7309614839478,66028.0694155794,66526.29918875833,-498.22977317892946,41.71634766237841,-0.2807081055536327,-0.10308705170786914,-0.16102672384158087,10,0
2026-02-23 11:00:00+00:00,66323.0,66470.0,66112.0,66204.0,5641281.96457788,2026-02-23 11:59:59.999000+00:00,-0.0016738294503505502,1,-0.0010995963125866037,0.010948849533265248,0.003734567901234609,66045.0,66565.08333333333,301.60305032274175,1142.5434980218938,66055.13565933642,66502.42517477623,-447.28951543981384,39.02788844621514,-0.31603464897264616,-0.17800135965625707,-0.26263413282928594,11,0
2026-02-23 12:00:00+00:00,66205.0,66495.0,65893.0,66270.0,11706753.5698548,2026-02-23 12:59:59.999000+00:00,0.0009969186151894682,0,-0.0016738294503505502,-0.0010995963125866037,0.010869899449586384,66131.83333333333,66495.875,272.9801579429735,1105.9271267706288,66088.1917117462,66485.20849516318,-397.01678341698425,39.07643312101911,-0.20424040113706957,1.0751938377415922,0.1524740927279104,12,0
2026-02-23 13:00:00+00:00,66270.0,66418.0,66106.0,66124.0,10789516.40959976,2026-02-23 13:59:59.999000+00:00,-0.0022031084955485003,0,0.0009969186151894682,-0.0016738294503505502,0.00298103393207505,66161.66666666667,66433.0,257.83922632241973,1081.0839970326756,66093.70067916987,66458.45231033629,-364.75163116642216,38.367729831144466,-0.28582422905910476,-0.07835111201255218,0.07197618528154014,13,0
2026-02-23 14:00:00+00:00,66124.0,66260.0,65522.0,65908.0,20866578.3747298,2026-02-23 14:59:59.999000+00:00,-0.003266590042949602,0,-0.0022031084955485003,0.0009969186151894682,-0.004185305936765471,66201.5,66369.70833333333,170.0067644649545,1064.7009981793794,66065.13134391296,66417.6780651262,-352.5467212132353,42.924610809865314,-0.43365070017107327,0.933967898335478,0.7615519611356816,14,0
2026-02-23 15:00:00+00:00,65908.0,66223.0,65583.0,65650.0,24919480.108224,2026-02-23 15:59:59.999000+00:00,-0.003914547551131853,0,-0.003266590042949602,-0.0022031084955485003,0.010948849533265248,66078.5,66285.70833333333,254.20759226261023,1037.1531469878144,66001.26498331096,66360.813023265,-359.54803995403927,66.92118898281974,-0.6129358380482236,0.1942293394111232,0.9797610526554932,15,0
2026-02-23 16:00:00+00:00,65646.0,65717.0,65171.0,65346.0,13598741.72453856,2026-02-23 16:59:59.999000+00:00,-0.004630616907844609,0,-0.003914547551131853,-0.003266590042949602,-0.0010995963125866037,65917.0,66191.54166666667,359.78827102074797,1014.4147586074367,65900.4549858785,66285.64168820833,-385.1867023298255,57.88450860632982,-0.8335265821914993,-0.45429271937135385,0.15413879719437704,16,0
2026-02-23 17:00:00+00:00,65352.0,65437.0,64161.0,64801.0,27520777.72430998,2026-02-23 17:59:59.999000+00:00,-0.008340219753313116,0,-0.004630616907844609,-0.003914547551131853,-0.0016738294503505502,65683.16666666667,66085.29166666667,544.4734765174333,1021.2137483758362,65731.30806497412,66175.66822982252,-444.36016484840366,48.34669338677355,-1.2576129813266232,1.0237738374462606,1.051254278625673,17,0
2026-02-23 18:00:00+00:00,64805.0,65168.0,64576.0,64628.0,7825346.08322084,2026-02-23 18:59:59.999000+00:00,-0.0026697118871622516,0,-0.008340219753313116,-0.004630616907844609,0.0009969186151894682,65409.5,65969.875,600.3164998270183,1022.9321585673101,65561.56836267041,66061.02613872456,-499.4577760541433,47.86706349206349,-1.31179276041081,-0.7156567971439098,-0.3353695561334227,18,0
2026-02-23 19:00:00+00:00,64628.0,64825.0,64097.0,64276.0,13415069.1433368,2026-02-23 19:59:59.999000+00:00,-0.005446555672463993,1,-0.0026697118871622516,-0.008340219753313116,-0.0022031084955485003,65101.5,65839.91666666667,633.5657029581407,1032.090867082523,65363.788614567275,65928.80198030052,-565.0133657332408,40.75325929502656,-1.5152897061161819,0.714310012703653,0.025935512277566415,19,0
2026-02-23 20:00:00+00:00,64275.0,64469.0,63868.0,64454.0,15272641.1179641,2026-02-23 20:59:59.999000+00:00,0.0027693073620014275,1,-0.005446555672463993,-0.0026697118871622516,-0.003266590042949602,64859.166666666664,65718.375,533.5707700312402,1015.5717520883074,65223.82113540308,65819.55738916714,-595.7362537640583,32.078605037365065,-1.2449883500600343,0.13846905705662693,0.12307298995332089,20,0
2026-02-23 21:00:00+00:00,64451.0,64761.0,64441.0,64557.0,13643553.24866547,2026-02-23 21:59:59.999000+00:00,0.0015980389114718108,1,0.0027693073620014275,-0.005446555672463993,-0.003914547551131853,64677.0,65592.375,371.5556485443749,960.5314114256159,65121.23326841799,65726.0346195992,-604.8013511812096,30.284090909090907,-1.0779189391248554,-0.10666706935072623,-0.028442945798952384,21,0
2026-02-23 22:00:00+00:00,64564.0,64994.0,64546.0,64703.0,8944055.11107467,2026-02-23 22:59:59.999000+00:00,0.0022615672971173506,0,0.0015980389114718108,0.0027693073620014275,-0.004630616907844609,64569.833333333336,65469.916666666664,186.80194493632845,871.0412018419232,65056.88968866138,65650.25427740667,-593.3645887452876,35.75221238938053,-0.8804596901328262,-0.3444482571320252,-0.39034908388057954,22,0
2026-02-23 23:00:00+00:00,64703.0,64879.0,64530.0,64630.0,6785092.1581342,2026-02-23 23:59:59.999000+00:00,-0.0011282320757924902,1,0.0022615672971173506,0.0015980389114718108,-0.008340219753313116,64541.333333333336,65345.666666666664,154.77941281714803,757.4792099899583,64991.21435194425,65574.67988648766,-583.4655345434148,17.966472303207,-0.9448004080219595,-0.24138524708632525,-0.555800815777085,23,0
2026-02-24 00:00:00+00:00,64630.0,64984.0,64630.0,64910.0,10853450.9540826,2026-02-24 00:59:59.999000+00:00,0.004332353396255595,0,-0.0011282320757924902,0.0022615672971173506,-0.0026697118871622516,64588.333333333336,65270.375,216.76408058527156,703.0992763010636,64978.71983626052,65525.44433934043,-546.7245030799095,26.194510335479492,-0.5125520849571878,0.599602584774197,-0.2514117669112582,0,1
2026-02-24 01:00:00+00:00,64909.0,64909.0,63432.0,64137.0,35962524.65522888,2026-02-24 01:59:59.999000+00:00,-0.011908796795563115,0,0.004332353396255595,-0.0011282320757924902,-0.005446555672463993,64565.166666666664,65259.041666666664,259.94723816959225,719.5864439426902,64849.22447683582,65422.5966105004,-573.3721336645758,21.394962634929414,-1.5592868321961144,2.313464519936982,2.99708564948242,1,1
2026-02-24 02:00:00+00:00,64136.0,64468.0,63982.0,64096.0,10807364.63368032,2026-02-24 02:59:59.999000+00:00,-0.0006392565913591053,0,-0.011908796795563115,0.004332353396255595,0.0027693073620014275,64505.5,65230.625,323.8090486156713,752.1387367311801,64733.34378809185,65324.33019490777,-590.9864068159222,19.704570791527317,-1.508531530939515,-0.6994825936919045,-0.22610956811368899,2,1
2026-02-24 03:00:00+00:00,64077.0,64077.0,63202.0,63557.0,16550526.442179598,2026-02-24 03:59:59.999000+00:00,-0.008409261108337507,0,-0.0006392565913591053,-0.011908796795563115,0.0015980389114718108,64338.833333333336,65173.291666666664,500.9181236811111,824.7513711531948,64552.3678206931,65193.416847136825,-641.0490264437249,17.759356945491078,-1.959732015245651,0.5314118661825435,0.47316564546785006,3,1
2026-02-24 04:00:00+00:00,63567.0,63602.0,62850.0,63354.0,14012737.69514616,2026-02-24 04:59:59.999000+00:00,-0.003193983353525165,0,-0.008409261108337507,-0.0006392565913591053,0.0022615672971173506,64114.0,65113.041666666664,598.092634936883,902.3711507934269,64368.00354058647,65057.16374734891,-689.1602067624408,17.81754032258064,-1.9493549468198244,-0.15333583230112813,0.09072213341429353,4,1
2026-02-24 05:00:00+00:00,63351.0,63515.0,62696.0,63084.0,14716252.25113848,2026-02-24 05:59:59.999000+00:00,-0.004261767212804246,0,-0.003193983353525165,-0.008409261108337507,-0.0011282320757924902,63856.333333333336,65031.458333333336,661.0393835715423,993.0304508890432,64170.4645343424,64911.00346976751,-740.5389354251092,17.763819095477388,-1.9611265007934142,0.050205361100565504,0.1393036091040155,5,1
2026-02-24 06:00:00+00:00,63083.0,63296.0,62879.0,63058.0,5484108.0523587605,2026-02-24 06:59:59.999000+00:00,-0.0004121488808572771,1,-0.004261767212804246,-0.003193983353525165,0.004332353396255595,63547.666666666664,64919.333333333336,477.5640968843104,1058.2689173328413,63999.31614444357,64773.74395348843,-774.4278090448643,19.097784981091294,-1.7588472106168065,-0.6273434323650915,-1.0697437593119707,6,1
2026-02-24 07:00:00+00:00,63057.0,63345.0,62901.0,63170.0,5577369.864933901,2026-02-24 07:59:59.999000+00:00,0.0017761425988771506,1,-0.0004121488808572771,-0.004261767212804246,-0.011908796795563115,63386.5,64803.708333333336,394.9196120306118,1092.3802681785278,63871.7290452984,64654.94810508188,-783.2190597834779,25.053533190578165,-1.4955491058598458,0.017005830608138206,-0.9962401543082107,7,1
2026-02-24 08:00:00+00:00,63163.0,63409.0,63001.0,63380.0,5395004.8156858,2026-02-24 08:59:59.999000+00:00,0.003324362830457561,0,0.0017761425988771506,-0.0004121488808572771,-0.0006392565913591053,63267.166666666664,64708.333333333336,195.45681526410453,1113.273264864585,63796.0784229448,64560.50750470544,-764.4290817606379,31.125226860254074,-1.1931781488482165,-0.03269732036146067,-1.0071046099912069,8,1
2026-02-24 09:00:00+00:00,63375.0,63391.0,62925.0,63229.0,7958682.50470921,2026-02-24 09:59:59.999000+00:00,-0.0023824550331335015,1,0.003324362830457561,0.0017761425988771506,-0.008409261108337507,63212.5,64576.708333333336,134.5655972623391,1092.6040485131766,63708.835588645605,64461.877319171705,-753.0417305260999,33.14009661835749,-1.233482829545897,0.4751946989128908,-0.6752239066907348,9,1
2026-02-24 10:00:00+00:00,63231.0,63353.0,63101.0,63278.0,2704870.80538728,2026-02-24 10:59:59.999000+00:00,0.0007749608565690291,0,-0.0023824550331335015,0.003324362830457561,-0.003193983353525165,63199.833333333336,64450.166666666664,121.52763732274398,1057.8423761113315,63642.553190392435,64374.18270293676,-731.6295125443285,30.241935483870975,-1.1080730864418507,-0.6601358574378626,-1.3058191764911546,10,1
2026-02-24 11:00:00+00:00,63278.0,63309.0,63047.0,63220.0,3331443.3327,2026-02-24 11:59:59.999000+00:00,-0.0009165902841430373,0,0.0007749608565690291,-0.0023824550331335015,-0.004261767212804246,63222.5,64325.833333333336,107.47232186270388,1017.3296103893999,63577.54500725514,64288.687687904414,-711.1426806492746,27.19208461276014,-1.086996114179808,0.23164600914201827,-1.1974263598648553,11,1
2026-02-24 12:00:00+00:00,63218.0,63328.0,62958.0,62971.0,4533535.87043874,2026-02-24 12:59:59.999000+00:00,-0.003938627016766838,0,-0.0009165902841430373,0.0007749608565690291,-0.0004121488808572771,63208.0,64188.375,136.14844827090025,964.7343320649544,63484.23039075435,64191.08119250408,-706.850801749737,21.456822676334866,-1.2618758963354024,0.3608323533345206,-0.9867419269308261,12,1
2026-02-24 13:00:00+00:00,62963.0,63090.0,62525.0,62892.0,15040814.16650256,2026-02-24 13:59:59.999000+00:00,-0.0012545457432786566,1,-0.003938627016766838,-0.0009165902841430373,0.0017761425988771506,63161.666666666664,64053.708333333336,188.79265513595453,906.6202157037408,63393.118022945986,64094.852956022296,-701.73493307631,21.41447368421052,-1.2813616034709632,2.317678429452233,0.282806097954766,13,1
2026-02-24 14:00:00+00:00,62892.0,63823.0,62753.0,63452.0,22000857.48335488,2026-02-24 14:59:59.999000+00:00,0.008904153151434224,1,-0.0012545457432786566,-0.003938627016766838,0.003324362830457561,63173.666666666664,63951.375,206.86871835362746,822.9694279198634,63402.176788646604,64047.23421853916,-645.0574298925567,28.0421686746988,-0.6067965383139684,0.46274378765699087,1.1246476970827395,14,1
2026-02-24 15:00:00+00:00,63456.0,64021.0,63318.0,63976.0,20202902.16334984,2026-02-24 15:59:59.999000+00:00,0.008258210931097576,1,0.008904153151434224,-0.0012545457432786566,-0.0023824550331335015,63298.166666666664,63881.625,390.2944614430985,739.4453745202528,63490.457282700976,64041.95760975848,-551.5003270575035,47.378704005210025,0.1276294412703979,-0.08172205657735454,0.9585640727936845,15,1
2026-02-24 16:00:00+00:00,63975.0,64414.0,63699.0,64273.0,19247331.55557971,2026-02-24 16:59:59.999000+00:00,0.004642365887207678,0,0.008258210931097576,0.008904153151434224,0.0007749608565690291,63464.0,63836.916666666664,556.1542951073363,676.8448487047887,63610.84846997775,64059.07186088748,-448.223390909734,52.66005410279531,0.6442884719708298,-0.04729868016208261,0.7971788659235666,16,1
2026-02-24 17:00:00+00:00,64268.0,64506.0,64052.0,64231.0,14259580.57523426,2026-02-24 17:59:59.999000+00:00,-0.0006534625737090183,1,0.004642365887207678,0.008258210931097576,-0.0009165902841430373,63632.5,63813.166666666664,617.2418488454767,651.0541062140633,63706.25639767348,64071.80727859952,-365.55088092603546,61.908127208480565,0.6417797374216303,-0.25913986912640496,0.2673024577514141,17,1
2026-02-24 18:00:00+00:00,64228.0,64499.0,63935.0,64425.0,5372353.93299675,2026-02-24 18:59:59.999000+00:00,0.003020348429885855,1,-0.0006534625737090183,0.004642365887207678,-0.003938627016766838,63874.833333333336,63804.708333333336,590.4335412496691,641.2526110470886,63816.832336492946,64097.96970240696,-281.1373659140154,68.98263027295286,0.9673125005351672,-0.6232460061043211,-0.904337861119583,18,1
2026-02-24 19:00:00+00:00,64434.0,64716.0,64248.0,64441.0,6244978.8888045,2026-02-24 19:59:59.999000+00:00,0.0002483507954986752,1,0.003020348429885855,-0.0006534625737090183,-0.0012545457432786566,64133.0,63811.583333333336,373.56177530057454,647.3803341500872,63912.858130878645,64123.37935408052,-210.52122320187482,76.43163225555122,0.972251755983588,0.1624287913065683,-0.7396082297642054,19,1
2026-02-24 20:00:00+00:00,64441.0,64578.0,64319.0,64475.0,4362031.082909999,2026-02-24 20:59:59.999000+00:00,0.0005276144069770172,0,0.0002483507954986752,0.003020348429885855,0.008904153151434224,64303.5,63812.458333333336,187.89544956053737,648.2999157333982,63999.34149535885,64149.42532785233,-150.08383249348117,77.51456310679612,1.0219678432584014,-0.30151387849686717,-0.9138021354116025,20,1
2026-02-24 21:00:00+00:00,64474.0,64474.0,63836.0,64047.0,10460612.77644969,2026-02-24 21:59:59.999000+00:00,-0.006638231872818867,1,0.0005276144069770172,0.0002483507954986752,0.008258210931097576,64315.333333333336,63791.208333333336,163.84097970963214,630.9607566181048,64006.67357299595,64141.838266529936,-135.1646935339886,65.16776202006227,0.40540027883459107,1.3981059688990576,-0.1067942018332356,21,1
2026-02-24 22:00:00+00:00,64042.0,64227.0,63970.0,64114.0,7099064.152274479,2026-02-24 22:59:59.999000+00:00,0.0010461067653442235,0,-0.006638231872818867,0.0005276144069770172,0.004642365887207678,64288.833333333336,63766.666666666664,183.7110955610392,604.8693474454066,64023.18533099657,64139.776172712904,-116.59084171633003,63.3551673944687,0.5742286905432662,-0.3213529356275544,-0.5306767827172643,22,1
2026-02-24 23:00:00+00:00,64119.0,64253.0,63857.0,64059.0,3522355.20895938,2026-02-24 23:59:59.999000+00:00,-0.0008578469601022709,1,0.0010461067653442235,-0.006638231872818867,-0.0006534625737090183,64260.166666666664,63742.875,206.5414404720384,580.1599713303988,64028.695280074026,64133.792752511945,-105.09747243791935,65.64856711915536,0.5448928151231724,-0.5038282323690725,-0.9616543744791749,23,1
2026-02-25 00:00:00+00:00,64059.0,64319.0,63920.0,64222.0,4513058.224767541,2026-02-25 00:59:59.999000+00:00,0.0025445292620864812,1,-0.0008578469601022709,0.0010461067653442235,0.003020348429885855,64226.333333333336,63714.208333333336,190.11329946191793,535.2417559025147,64058.434467754945,64140.326622696244,-81.89215494129894,67.0643528561099,0.9487145968468685,0.28126153015125555,-0.7903569006196348,0,2
2026-02-25 01:00:00+00:00,64242.0,66300.0,64152.0,65897.0,40166325.622181594,2026-02-25 01:59:59.999000+00:00,0.026081405125969237,0,0.0025445292620864812,-0.0008578469601022709,0.0002483507954986752,64469.0,63787.541666666664,717.277909854612,693.0049863995913,64341.290703484956,64270.4505765706,70.84012691435782,80.53844398813598,3.0439295167163603,7.900023802429557,3.407821667687248,1,2
2026-02-25 02:00:00+00:00,65896.0,66311.0,65877.0,65889.0,11442226.01860044,2026-02-25 02:59:59.999000+00:00,-0.00012140158125562017,0,0.026081405125969237,0.0025445292620864812,0.0005276144069770172,64704.666666666664,63862.25,922.5583269538282,813.81854880412,64579.39982602573,64390.34312645426,189.05669957146893,85.22452921294061,2.490420011903444,-0.7151288836765904,0.050667172303527075,2,2
2026-02-25 03:00:00+00:00,65887.0,65954.0,65349.0,65381.0,11233547.787577713,2026-02-25 03:59:59.999000+00:00,-0.007709936408201723,1,-0.00012140158125562017,0.026081405125969237,-0.006638231872818867,64927.0,63938.25,892.6228766757947,867.4729540624688,64702.72292971408,64463.72511708728,238.99781262680335,77.22598993655654,1.6631642441916454,-0.01823755540954186,0.0526684787863465,3,2
2026-02-25 04:00:00+00:00,65384.0,65645.0,65117.0,65444.0,7101989.2182514,2026-02-25 04:59:59.999000+00:00,0.0009635826922194113,0,-0.007709936408201723,-0.00012140158125562017,0.0010461067653442235,65148.666666666664,64025.333333333336,811.8351228121562,910.1276865034192,64816.765555911916,64536.33807137711,280.42748453480453,74.44771723122238,1.55875564242747,-0.367787510005973,-0.40027514192942587,4,2
2026-02-25 05:00:00+00:00,65444.0,65503.0,64760.0,64850.0,10213036.5134945,2026-02-25 05:59:59.999000+00:00,-0.009076462318929113,1,0.0009635826922194113,-0.007709936408201723,-0.0008578469601022709,65280.5,64098.916666666664,646.9821481035149,902.0668015373166,64821.87854731008,64559.57228831214,262.30625899793813,60.545366795366796,0.8326249586542013,0.43805294539845563,-0.011629196955171771,5,2
2026-02-25 06:00:00+00:00,64872.0,65120.0,64865.0,64880.0,2615347.530264,2026-02-25 06:59:59.999000+00:00,0.0004626060138781529,1,-0.009076462318929113,0.0009635826922194113,0.0025445292620864812,65390.166666666664,64174.833333333336,460.5967505651789,887.2019360356339,64830.82030926237,64583.307674363095,247.51263489927805,57.82821769409337,0.7948209286125156,-0.7439206717014732,-0.8882227599167051,6,2
2026-02-25 07:00:00+00:00,64887.0,65184.0,64785.0,65029.0,4007038.7174270703,2026-02-25 07:59:59.999000+00:00,0.002296547472256494,1,0.0004626060138781529,-0.009076462318929113,0.026081405125969237,65245.5,64252.291666666664,402.1784429387914,876.7490086783492,64861.309492452776,64616.32192070657,244.9875717462055,60.015060240963855,0.8858958785755352,0.5321247639401061,-0.7138080950390014,7,2
2026-02-25 08:00:00+00:00,65029.0,65568.0,64955.0,65505.0,8723747.0923317,2026-02-25 08:59:59.999000+00:00,0.0073198111611743055,1,0.002296547472256494,0.0004626060138781529,-0.00012140158125562017,65181.5,64340.833333333336,295.773392928997,891.9952556908834,64960.33880130619,64682.149926580154,278.1888747260382,62.65822784810126,1.305126523083325,1.1771057650107362,-0.18089865486112458,8,2
2026-02-25 09:00:00+00:00,65509.0,65667.0,65427.0,65550.0,4709217.629892,2026-02-25 09:59:59.999000+00:00,0.0006869704602701088,0,0.0073198111611743055,0.002296547472256494,-0.007709936408201723,65209.666666666664,64437.541666666664,325.1588329284185,892.0306086829524,65051.05590879755,64746.435117203844,304.6207915937048,62.91036088474971,1.247107803818342,-0.46018407227423286,-0.6314941308248796,9,2
2026-02-25 10:00:00+00:00,65555.0,65646.0,65349.0,65397.0,4664104.568552489,2026-02-25 10:59:59.999000+00:00,-0.0023340961098398116,1,0.0006869704602701088,0.0073198111611743055,0.0009635826922194113,65201.833333333336,64525.833333333336,318.89021093689695,877.0122534474074,65104.27807667485,64794.62510852208,309.65296815276815,60.44404168554599,0.9933346578023682,-0.009579735931750766,-0.6511626290439272,10,2
2026-02-25 11:00:00+00:00,65397.0,65473.0,65194.0,65422.0,5623655.32134014,2026-02-25 11:59:59.999000+00:00,0.0003822805327462486,1,-0.0023340961098398116,0.0006869704602701088,-0.009076462318929113,65297.166666666664,64617.583333333336,275.1766098913392,849.2027420144049,65153.15837257102,64841.09732270563,312.0610498653914,67.14036399900274,0.9472610330467104,0.20573096908190647,-0.5541509399265229,11,2
2026-02-25 12:00:00+00:00,65421.0,66224.0,65325.0,66064.0,18156519.90843744,2026-02-25 12:59:59.999000+00:00,0.009813212680749528,1,0.0003822805327462486,-0.0023340961098398116,0.0004626060138781529,65494.5,64746.458333333336,334.3571443298967,822.7371062240412,65293.28785371394,64931.68270620892,361.605147505019,71.26035761011775,1.6014127194451369,2.228597570611896,0.8563829296039135,12,2
2026-02-25 13:00:00+00:00,66065.0,66663.0,66019.0,66241.0,18633948.38951737,2026-02-25 13:59:59.999000+00:00,0.002679220150157313,1,0.009813212680749528,0.0003822805327462486,0.002296547472256494,65696.5,64886.0,361.86226656596756,777.2842913044893,65439.089722373334,65028.66917241567,410.42054995766375,73.1733220050977,1.7432489182638058,0.026295153668631555,0.883749790349043,13,2
2026-02-25 14:00:00+00:00,66250.0,67005.0,66217.0,66959.0,32280226.04025314,2026-02-25 14:59:59.999000+00:00,0.010839208345284623,1,0.002679220150157313,0.009813212680749528,0.0073198111611743055,65938.83333333333,65032.125,609.8529057327736,824.2108906917586,65672.92207277744,65171.65664112562,501.26543165181647,76.00228006840206,2.3378421976234476,0.7323341980711162,2.2156925109688874,14,2
2026-02-25 15:00:00+00:00,66969.0,67573.0,66731.0,67419.0,32330857.103556663,2026-02-25 15:59:59.999000+00:00,0.006869875595513664,1,0.010839208345284623,0.002679220150157313,0.0006869704602701088,66250.33333333333,65175.583333333336,814.5073766580814,925.7731864216591,65941.5494461963,65338.12651956076,603.4229266355323,68.7994071146245,2.4232897426399016,0.0015684854015702854,2.000448109606861,15,2
2026-02-25 16:00:00+00:00,67419.0,68330.0,67413.0,68308.0,25399452.59481172,2026-02-25 16:59:59.999000+00:00,0.013186193802933843,1,0.006869875595513664,0.010839208345284623,-0.0023340961098398116,66735.5,65343.708333333336,1040.2504986604547,1103.970717889876,66305.6187621661,65558.11714774145,747.5016144246474,74.53844593223778,2.685118018648716,-0.21438975423829487,1.2617983164520201,16,2
2026-02-25 17:00:00+00:00,68307.0,68889.0,68046.0,68691.0,35082604.55519652,2026-02-25 17:59:59.999000+00:00,0.00560695672542022,1,0.013186193802933843,0.006869875595513664,0.0003822805327462486,67280.33333333333,65529.541666666664,1070.3497870460392,1271.2319590792595,66672.60049106361,65790.18254420505,882.4179468585644,84.45045795170691,2.4869248375592665,0.38123467126857524,1.9224722352304726,17,2
2026-02-25 18:00:00+00:00,68689.0,69562.0,68368.0,69347.0,23603247.1758342,2026-02-25 18:59:59.999000+00:00,0.009550013830050608,0,0.00560695672542022,0.013186193802933843,0.009813212680749528,67827.5,65734.625,1159.6154103677438,1467.2106280687701,67084.04656936151,66053.65050389356,1030.396065467954,86.15897720956087,2.462069815262191,-0.32720938268142274,0.8477668963064385,18,2
2026-02-25 19:00:00+00:00,69347.0,69424.0,68822.0,69055.0,24283810.11741545,2026-02-25 19:59:59.999000+00:00,-0.004210708466119706,1,0.009550013830050608,0.00560695672542022,0.002679220150157313,68296.5,65926.875,937.3950607731728,1587.6787078285047,67387.27017407512,66275.97268879034,1111.2974852847838,91.26594700686948,1.9702506461640403,0.028833445521768475,0.8364303718302117,19,2
2026-02-25 20:00:00+00:00,69057.0,69386.0,68644.0,69169.0,18722338.67956967,2026-02-25 20:59:59.999000+00:00,0.0016508580117298166,0,-0.004210708466119706,0.009550013830050608,0.010839208345284623,68664.83333333333,66122.45833333333,714.4061636270267,1687.0608601822232,67661.38245498664,66490.2710081392,1171.1114468474407,91.40760764626376,1.805827957112115,-0.2290197218210539,0.30963758405164166,20,2
2026-02-25 21:00:00+00:00,69169.0,70038.0,68792.0,68970.0,32803326.2555526,2026-02-25 21:59:59.999000+00:00,-0.002877011377929395,0,0.0016508580117298166,-0.004210708466119706,0.006869875595513664,68923.33333333333,66327.58333333333,372.01433658941403,1722.651467840947,67862.70823114255,66673.95463716592,1188.753593976624,87.68406961178046,1.5339241372942927,0.7520955483701666,1.4015137793374364,21,2
2026-02-25 22:00:00+00:00,68944.0,69202.0,68000.0,68466.0,18882954.704471342,2026-02-25 22:59:59.999000+00:00,-0.007307525010874283,0,-0.002877011377929395,0.0016508580117298166,0.013186193802933843,68949.66666666667,66508.91666666667,321.97246253063105,1708.506312187673,67955.52234942831,66806.6987381166,1148.8236113117164,78.16245006657789,1.1454937680782475,-0.424358537382317,0.19307821963564,22,2
2026-02-25 23:00:00+00:00,68449.0,68700.0,67621.0,67994.0,11029147.31582808,2026-02-25 23:59:59.999000+00:00,-0.006893932754944099,1,-0.007307525010874283,-0.002877011377929395,0.00560695672542022,68833.5,66672.875,506.7057331049978,1651.021589195044,67961.4419879778,66894.64697973759,1066.7950082402094,71.49894440534834,0.8001863868080095,-0.41592046962775053,-0.5132334179244729,23,2
2026-02-26 00:00:00+00:00,67993.0,68535.0,67737.0,68354.0,16620393.790569142,2026-02-26 00:59:59.999000+00:00,0.005294584816307291,0,-0.006893932754944099,-0.007307525010874283,0.009550013830050608,68668.0,66845.04166666667,465.97210212803327,1598.9543180393391,68021.83552828891,67002.74720346073,1019.0883248281752,75.09760651841792,0.9437157249017815,0.5069518354077098,-0.07243372420795681,0,3
2026-02-26 01:00:00+00:00,68348.0,68696.0,68229.0,68250.0,7957991.26122,2026-02-26 01:59:59.999000+00:00,-0.001521491061239999,1,0.005294584816307291,-0.006893932754944099,-0.004210708466119706,68533.83333333333,66943.08333333333,447.79478182355314,1610.3941703827672,68056.937754706,67095.13629950068,961.801455205321,73.6850921273032,0.8115507934036028,-0.5211911726342141,-0.7949843598193653,1,3
2026-02-26 02:00:00+00:00,68256.0,68337.0,67821.0,68279.0,10070855.00771421,2026-02-26 02:59:59.999000+00:00,0.00042490842490838787,0,-0.001521491061239999,0.005294584816307291,0.0016508580117298166,68385.5,67042.66666666667,326.21695229075823,1616.2634488773117,68091.10117705892,67182.82990694507,908.2712701138516,70.67388463692365,0.7649330523387817,0.2655021445914856,-0.5810482974283493,2,3
2026-02-26 03:00:00+00:00,68265.0,68369.0,68057.0,68222.0,4946949.54331424,2026-02-26 03:59:59.999000+00:00,-0.0008348101173127898,1,0.00042490842490838787,-0.001521491061239999,-0.002877011377929395,68260.83333333333,67161.04166666667,157.43495999507593,1593.1437468519232,68111.2394575114,67259.80546939358,851.4339881178166,68.9135000954745,0.6659526708935076,-0.5087855460608948,-1.034245220095306,3,3
2026-02-26 04:00:00+00:00,68194.0,68841.0,68189.0,68573.0,10751849.25329893,2026-02-26 04:59:59.999000+00:00,0.005144967898918162,0,-0.0008348101173127898,0.00042490842490838787,-0.007307525010874283,68278.66666666667,67291.41666666667,188.34825889461737,1574.4414031106799,68182.27954097118,67357.07913832739,825.2004026437935,66.57084188911705,0.8139923980665515,1.1734301429918492,-0.49905779671933304,4,3
2026-02-26 05:00:00+00:00,68574.0,68574.0,68167.0,68458.0,8830723.68124388,2026-02-26 05:59:59.999000+00:00,-0.0016770449010543587,0,0.005144967898918162,-0.0008348101173127898,-0.006893932754944099,68356.0,67441.75,136.10143262248891,1501.76577949656,68224.69807312946,67438.62883178462,786.0692413448414,61.48066298342541,0.6767033940143978,-0.17867861860745515,-0.6765506190519297,5,3
2026-02-26 06:00:00+00:00,68458.0,68529.0,68077.0,68186.0,3256686.51618948,2026-02-26 06:59:59.999000+00:00,-0.0039732390662887695,0,-0.0016770449010543587,0.005144967898918162,0.005294584816307291,68328.0,67579.5,152.84632793076966,1405.0816779406093,68218.74452341723,67493.98965905984,724.7548643573973,48.43909928352099,0.4316475045699342,-0.6312095549873723,-1.2194002776153228,6,3
2026-02-26 07:00:00+00:00,68186.0,68291.0,67841.0,67842.0,5284675.0231005605,2026-02-26 07:59:59.999000+00:00,-0.005045023905200452,1,-0.0039732390662887695,-0.0016770449010543587,-0.001521491061239999,68260.0,67696.70833333333,252.6570797780749,1296.1817330491422,68160.7838275069,67519.76820283318,641.015624673717,39.02817265443267,0.11209204925677121,0.622715295693842,-1.0348530209966111,7,3
2026-02-26 08:00:00+00:00,67841.0,68235.0,67809.0,67960.0,5523979.0716896,2026-02-26 08:59:59.999000+00:00,0.0017393355148727085,1,-0.005045023905200452,-0.0039732390662887695,0.00042490842490838787,68206.83333333333,67799.0,279.9488643104347,1209.6822076163983,68129.89400789044,67552.37796558627,577.5160423041671,29.18042629840889,0.13309280651258007,0.04528264227090317,-0.9874063252827294,8,3
2026-02-26 09:00:00+00:00,67967.0,68632.0,67944.0,68576.0,9748425.33901344,2026-02-26 09:59:59.999000+00:00,0.009064155385520856,0,0.0017393355148727085,-0.005045023905200452,-0.0008348101173127898,68265.83333333333,67925.08333333333,318.44146499575896,1119.4100509930895,68198.52569898422,67628.2018199873,570.3238789969182,43.44733242134063,0.5814818851136881,0.7647469717932374,-0.6128953775422232,9,3
2026-02-26 10:00:00+00:00,68584.0,68710.0,68263.0,68304.0,5427701.319888961,2026-02-26 10:59:59.999000+00:00,-0.003966402239850675,0,0.009064155385520856,0.0017393355148727085,0.005144967898918162,68221.0,68046.20833333333,283.57362353015486,982.9210229028761,68214.75251452511,67678.26094443268,536.4915700924321,38.65722528193024,0.2622709868442241,-0.4432227635608835,-1.0418632732704136,10,3
2026-02-26 11:00:00+00:00,68304.0,68397.0,67985.0,68041.0,3333178.0731018498,2026-02-26 11:59:59.999000+00:00,-0.003850433356758054,1,-0.003966402239850675,0.009064155385520856,-0.0016770449010543587,68151.5,68155.33333333333,264.31780106926163,808.8863877897008,68188.02135844433,67705.13050410434,482.89085433998844,38.019086922878515,-0.14134659089238322,-0.3858950821615882,-1.2244571746939787,11,3
2026-02-26 12:00:00+00:00,68051.0,68302.0,68021.0,68174.0,3817032.02687622,2026-02-26 12:59:59.999000+00:00,0.0019547037815434987,0,-0.003850433356758054,-0.003966402239850675,-0.0039732390662887695,68149.5,68243.25,264.0498058361182,675.3422481376743,68185.86422637597,67739.86157787438,446.0026485015842,45.83571021106675,-0.10254060099299872,0.14516294754216252,-1.0900993693441765,12,3
2026-02-26 13:00:00+00:00,68175.0,68213.0,67852.0,67916.0,10246666.6155486,2026-02-26 13:59:59.999000+00:00,-0.0037844339484260914,0,0.0019547037815434987,-0.003850433356758054,-0.005045023905200452,68161.83333333333,68313.04166666667,248.05839358656425,530.4301354268746,68144.34665308736,67752.90886840221,391.4377846851421,48.81530984204131,-0.7485277327751072,1.6844591670702482,-0.4487657862389867,13,3
2026-02-26 14:00:00+00:00,67910.0,68270.0,67281.0,67701.0,25540659.38001519,2026-02-26 14:59:59.999000+00:00,-0.0031656752458919524,0,-0.0037844339484260914,0.0019547037815434987,0.0017393355148727085,68118.66666666667,68343.95833333333,305.9788663107164,465.75870582014414,68076.1394756893,67749.06376703909,327.0757086502126,39.625039720368605,-1.3804537098263305,1.492582255116901,1.0580136723237548,14,3
2026-02-26 15:00:00+00:00,67701.0,67740.0,66775.0,67386.0,38138295.940931335,2026-02-26 15:59:59.999000+00:00,-0.004652811627597786,0,-0.0031656752458919524,-0.0037844339484260914,0.009064155385520856,67920.33333333333,68342.58333333333,334.5879056824858,468.6478158576269,67969.9641717371,67722.17015466582,247.79401707128272,37.135199523525905,-2.041156068513364,0.4932385015389784,2.1630102500095236,15,3
2026-02-26 16:00:00+00:00,67396.0,67556.0,66511.0,66640.0,27710465.1391624,2026-02-26 16:59:59.999000+00:00,-0.01107054877867808,1,-0.004652811627597786,-0.0031656752458919524,-0.003966402239850675,67643.0,68273.08333333333,563.9709212030388,583.5862080829157,67765.35429916217,67642.00940246835,123.34489669381583,29.889570552147234,-2.7983583414317095,-0.27342151883030064,1.1686801730798322,16,3
2026-02-26 17:00:00+00:00,66639.0,67051.0,66607.0,66844.0,9129544.22601024,2026-02-26 17:59:59.999000+00:00,0.003061224489795844,1,-0.01107054877867808,-0.004652811627597786,-0.003850433356758054,67443.5,68196.125,605.2291301340391,644.6656910419315,67623.60748390645,67582.8975948781,40.709889028352336,33.680720037896734,-2.09740493218221,-0.6705380375189833,-0.48579828456249063,17,3
2026-02-26 18:00:00+00:00,66827.0,67368.0,66583.0,67307.0,17876372.64742414,2026-02-26 18:59:59.999000+00:00,0.0069265753096763305,1,0.003061224489795844,-0.01107054877867808,0.0019547037815434987,67299.0,68111.125,488.1049067187828,620.3536377061133,67574.89864022854,67562.46073599825,12.43790423028986,35.39455468389478,-1.2962364546993221,0.9580794183015207,0.4203138982673661,18,3
2026-02-26 19:00:00+00:00,67293.0,67908.0,67289.0,67602.0,17520699.19523376,2026-02-26 19:59:59.999000+00:00,0.004382902224137064,0,0.0069265753096763305,0.003061224489795844,-0.0037844339484260914,67246.66666666667,68050.58333333333,420.9321401718712,594.5999689993318,67579.06808019338,67565.38957036874,13.678509824632783,40.51838723969871,-0.7544287869511015,-0.01989628764209228,0.42228772183500063,19,3
2026-02-26 20:00:00+00:00,67592.0,67825.0,67294.0,67416.0,6550363.99977816,2026-02-26 20:59:59.999000+00:00,-0.002751397887636453,1,0.004382902224137064,0.0069265753096763305,-0.0031656752458919524,67199.16666666667,67977.54166666667,372.7296159815034,557.7683778696563,67553.98068324054,67554.32367626736,-0.3429930268175667,41.30532971996387,-1.0067649743992784,-0.626135696595939,-0.6650880789680589,20,3
2026-02-26 21:00:00+00:00,67419.0,67585.0,67160.0,67460.0,6630305.6453196,2026-02-26 21:59:59.999000+00:00,0.000652664056010499,1,-0.002751397887636453,0.004382902224137064,-0.004652811627597786,67211.5,67914.625,381.2745729301134,525.1624851558535,67539.52211658815,67547.3367372846,-7.814620696444763,45.373062015503876,-0.8656844554787269,0.012204153165251252,-0.599968434230227,21,3
2026-02-26 22:00:00+00:00,67467.0,67632.0,67322.0,67589.0,2431088.34534336,2026-02-26 22:59:59.999000+00:00,0.0019122442929142558,0,0.000652664056010499,-0.002751397887636453,-0.01107054877867808,67369.66666666667,67878.08333333333,280.230381346409,515.5524614674933,67547.13409865151,67550.42290489314,-3.2888062416313915,45.51824112104373,-0.5607253479315524,-0.6333369115404974,-0.9944095028790911,22,3
2026-02-26 23:00:00+00:00,67574.0,67659.0,67403.0,67488.0,3646701.48606432,2026-02-26 23:59:59.999000+00:00,-0.0014943259997928227,0,0.0019122442929142558,0.000652664056010499,0.003061224489795844,67477.0,67857.0,110.63453331932132,520.9243456189292,67538.03654501282,67545.79898601217,-7.76244099935866,34.988962472406186,-0.708356219292415,0.5000283692073189,-0.8090426234774393,23,3
2026-02-27 00:00:00+00:00,67488.0,67538.0,67015.0,67220.0,4588606.3006486,2026-02-27 00:59:59.999000+00:00,-0.003971076339497337,1,-0.0014943259997928227,0.0019122442929142558,0.0069265753096763305,67462.5,67809.75,139.3466898164369,525.2952999212406,67489.10784578008,67521.66572778905,-32.55788200897223,35.027624309392266,-1.122701840447503,0.2582895304657429,-0.647415621427726,0,4
2026-02-27 01:00:00+00:00,67243.0,67377.0,66895.0,67350.0,8364790.8832815,2026-02-27 01:59:59.999000+00:00,0.0019339482296936161,0,-0.003971076339497337,-0.0014943259997928227,0.004382902224137064,67420.5,67772.25,126.25331664094702,524.6244411893455,67467.70663873699,67508.94974795282,-41.24310921583674,40.09176942930886,-0.8048614720327205,0.822948044616322,-0.22680028457959864,1,4
2026-02-27 02:00:00+00:00,67347.0,67536.0,67270.0,67270.0,6593659.7887034,2026-02-27 02:59:59.999000+00:00,-0.0011878247958425625,1,0.0019339482296936161,-0.003971076339497337,-0.002751397887636453,67396.16666666667,67730.20833333333,140.55378553966392,522.6748909332116,67437.29023277745,67491.24976662299,-53.959533845540136,36.83750728013978,-0.8804867831160743,-0.21173644616962461,-0.40736635814305,2,4
2026-02-27 03:00:00+00:00,67269.0,67702.0,67110.0,67609.0,9247870.50683262,2026-02-27 03:59:59.999000+00:00,0.005039393488925237,1,-0.0011878247958425625,0.0019339482296936161,0.000652664056010499,67421.0,67704.66666666667,165.10602642798648,512.4758035465898,67463.70712004245,67499.9720061324,-36.26488608994987,45.633001422475104,-0.1866754800999582,0.4025398342020241,-0.13226921971258412,3,4
2026-02-27 04:00:00+00:00,67601.0,68207.0,67576.0,67748.0,13412718.42942116,2026-02-27 04:59:59.999000+00:00,0.002055939298022391,0,0.005039393488925237,-0.0011878247958425625,0.0019122442929142558,67447.5,67670.29166666667,205.32486445341453,478.22311315935974,67507.44448618976,67518.3444501226,-10.899963932839455,50.683338179703405,0.16249388872058448,0.45035750873797586,0.32266073428852343,4,4
2026-02-27 05:00:00+00:00,67747.0,67921.0,67692.0,67718.0,3211279.26303842,2026-02-27 05:59:59.999000+00:00,-0.00044281750014762977,0,0.002055939298022391,0.005039393488925237,-0.0014943259997928227,67485.83333333333,67639.45833333333,233.88237776592428,448.1369141076147,67539.83764216056,67533.13375011353,6.703892047036788,55.26315789473684,0.17526265789345502,-0.7605795365095869,-0.7845619751513008,5,4
2026-02-27 06:00:00+00:00,67737.0,67827.0,67534.0,67667.0,3638999.44197732,2026-02-27 06:59:59.999000+00:00,-0.000753123246404197,1,-0.00044281750014762977,0.002055939298022391,-0.003971076339497337,67560.33333333333,67617.83333333333,201.17521375500198,432.87920456219956,67559.40108182817,67543.04976862363,16.351313204533653,70.882472549817,0.1135805697028046,0.1331930809823756,-0.7400287642435407,6,4
2026-02-27 07:00:00+00:00,67663.0,67759.0,67468.0,67700.0,5626947.110385,2026-02-27 07:59:59.999000+00:00,0.00048768232668794376,1,-0.000753123246404197,-0.00044281750014762977,0.0019339482296936161,67618.66666666667,67611.91666666667,177.31741772683765,430.6467245835878,67581.03168462383,67554.67571168856,26.355972935270984,68.7062937062937,0.20453733490832962,0.5462896326599849,-0.5217856057250193,7,4
2026-02-27 08:00:00+00:00,67675.0,68057.0,67661.0,67942.0,6470096.38474836,2026-02-27 08:59:59.999000+00:00,0.003574593796159542,0,0.00048768232668794376,-0.000753123246404197,-0.0011878247958425625,67730.66666666667,67611.16666666667,113.94677103456537,430.029388888266,67636.56527160478,67583.36639971162,53.19887189315341,65.36042573778423,0.769327264326319,0.14984133630956964,-0.4336002142289077,8,4
2026-02-27 09:00:00+00:00,67940.0,68142.0,67307.0,67374.0,10035457.29581706,2026-02-27 09:59:59.999000+00:00,-0.008360071825969206,0,0.003574593796159542,0.00048768232668794376,0.005039393488925237,67691.5,67561.08333333333,183.37039009222667,379.84126158598565,67596.17061443481,67567.85777751076,28.3128369240585,45.12820512820513,-0.49253030740310433,0.5510522098980086,-0.038622627516587085,9,4
2026-02-27 10:00:00+00:00,67363.0,67421.0,66582.0,66619.0,14619405.76172706,2026-02-27 10:59:59.999000+00:00,-0.01120610324457505,0,-0.008360071825969206,0.003574593796159542,0.002055939298022391,67503.33333333333,67490.875,469.6269441050296,392.08032804626527,67445.83667375254,67497.57201621366,-51.735342461121036,36.30113441045033,-2.2237152380088787,0.45677524509228506,0.42954272708074287,10,4
2026-02-27 11:00:00+00:00,66623.0,66782.0,65971.0,66125.0,13838497.874231253,2026-02-27 11:59:59.999000+00:00,-0.007415301940887686,0,-0.01120610324457505,-0.008360071825969206,-0.00044281750014762977,67237.83333333333,67411.04166666667,711.8324006602223,463.7154748461914,67242.63103163676,67395.90001501265,-153.26898337589228,30.128014289967254,-2.7733421385025707,-0.05341584331287852,0.29778717374174896,11,4
2026-02-27 12:00:00+00:00,66123.0,66199.0,65745.0,65931.0,9684061.15043595,2026-02-27 12:59:59.999000+00:00,-0.0029338374291115743,1,-0.007415301940887686,-0.01120610324457505,-0.000753123246404197,66948.5,67317.58333333333,843.1931569713515,525.2133244472988,67040.84164215418,67287.38890278949,-246.54726063531416,25.788551401869157,-2.640038378296059,-0.3002086470332378,-0.20240212883635259,12,4
2026-02-27 13:00:00+00:00,65933.0,66339.0,65663.0,66285.0,25323584.965989303,2026-02-27 13:59:59.999000+00:00,0.005369249670109655,0,-0.0029338374291115743,-0.007415301940887686,0.00048768232668794376,66712.66666666667,67249.625,786.9751372376465,549.3796352620881,66924.558312592,67213.13787295323,-288.57956036123505,33.64155561599131,-1.7558441159541966,1.614975739269191,1.4466628083445574,13,4
2026-02-27 14:00:00+00:00,66285.0,66329.0,65693.0,65909.0,15190718.53821042,2026-02-27 14:59:59.999000+00:00,-0.005672474918910764,1,0.005369249670109655,-0.0029338374291115743,0.003574593796159542,66373.83333333333,67174.95833333333,555.4135095859206,604.3878310384146,66768.31857219322,67116.53506754928,-348.21649535605684,32.68163804491414,-2.0946125456534297,-0.40013554326481704,0.4061878653439125,14,4
2026-02-27 15:00:00+00:00,65872.0,66303.0,65839.0,66105.0,24490442.9782818,2026-02-27 15:59:59.999000+00:00,0.002973797205237494,0,-0.005672474918910764,0.005369249670109655,-0.008360071825969206,66162.33333333333,67121.58333333333,263.0457500716568,640.4294018746658,66666.26956108658,67041.6065440271,-375.3369829405274,33.83536743702935,-1.5873464434293372,0.6121977980619577,1.850991836649588,15,4
2026-02-27 16:00:00+00:00,66098.0,66118.0,65459.0,65474.0,16833238.42496232,2026-02-27 16:59:59.999000+00:00,-0.00954542016488924,1,0.002973797205237494,-0.005672474918910764,-0.01120610324457505,65971.5,67073.0,280.2568464182145,718.071269283917,66482.84347476557,66925.48754076584,-442.64406600026996,29.600181735574736,-2.226798464718652,-0.31266092492119935,0.9615059520703704,16,4
2026-02-27 17:00:00+00:00,65474.0,65740.0,65130.0,65698.0,17392398.01281918,2026-02-27 17:59:59.999000+00:00,0.0034212053639612883,0,-0.00954542016488924,0.002973797205237494,-0.007415301940887686,65900.33333333333,67025.25,287.6008807897123,770.174133295237,66362.09832480164,66834.56253774615,-472.46421294451284,27.711686494051776,-1.7233115767226301,0.03321758854360857,0.9743008701578095,17,4
2026-02-27 18:00:00+00:00,65698.0,65778.0,65232.0,65307.0,13883834.12461617,2026-02-27 18:59:59.999000+00:00,-0.005951474930743661,1,0.0034212053639612883,-0.00954542016488924,-0.0029338374291115743,65796.33333333333,66941.91666666667,374.10675833392554,843.1102313835826,66199.77550560138,66721.40975717237,-521.6342515709839,23.110817360652135,-1.9391493612688084,-0.2017297376484254,0.47708981534646633,18,4
2026-02-27 19:00:00+00:00,65306.0,65453.0,65176.0,65387.0,7092951.04262437,2026-02-27 19:59:59.999000+00:00,0.001224983539283686,1,-0.005951474930743661,0.0034212053639612883,0.005369249670109655,65646.66666666667,66849.625,314.36836137127875,887.7629830507738,66074.73312012425,66622.56458997441,-547.8314698501636,24.602309871431686,-1.6475399717317885,-0.48912159429732016,-0.5163828537110372,19,4
2026-02-27 20:00:00+00:00,65384.0,65654.0,65384.0,65585.0,8867668.5669169,2026-02-27 20:59:59.999000+00:00,0.003028124856622849,0,0.001224983539283686,-0.005951474930743661,-0.005672474918910764,65592.66666666667,66773.33333333333,286.9234508214943,915.2247842698654,65999.38956318205,66545.70795368002,-546.3183904979669,28.019425675675677,-1.2984059804295396,0.25020862453829795,-0.25339412742595707,20,4
2026-02-27 21:00:00+00:00,65585.0,65735.0,65394.0,65524.0,7376877.742132559,2026-02-27 21:59:59.999000+00:00,-0.0009300907219638166,1,0.003028124856622849,0.001224983539283686,0.002973797205237494,65495.833333333336,66692.66666666667,139.71029536654382,937.1276496981188,65926.25270730788,66470.02588303706,-543.7731757291767,27.162048698572633,-1.2470730823523768,-0.1681153071446666,-0.4965182528373973,21,4
2026-02-27 22:00:00+00:00,65524.0,65654.0,64935.0,65628.0,15478176.13476516,2026-02-27 22:59:59.999000+00:00,0.00158720468835849,1,-0.0009300907219638166,0.003028124856622849,-0.00954542016488924,65521.5,66610.95833333333,148.7504620655536,941.060016499877,65880.36767541437,66407.65359540468,-527.2859199903178,24.989191526156517,-1.0445224705107392,1.0982015258789715,0.7264177792959413,22,4
2026-02-27 23:00:00+00:00,65628.0,65954.0,65542.0,65868.0,7727681.217894,2026-02-27 23:59:59.999000+00:00,0.003656975681111785,1,0.00158720468835849,-0.0009300907219638166,0.0034212053639612883,65549.83333333333,66543.45833333333,197.34580469661637,933.4856594473379,65878.46495611985,66367.67925500433,-489.2142988844862,32.480223359702194,-0.7235872629615197,-0.5007369634115326,-0.5846455200761725,23,4
2026-02-28 00:00:00+00:00,65868.0,66009.0,65721.0,65940.0,3859152.5333508,2026-02-28 00:59:59.999000+00:00,0.0010930952814720563,0,0.003656975681111785,0.00158720468835849,-0.005951474930743661,65655.33333333333,66490.125,210.33655562277448,929.7096934392762,65887.93188594756,66335.9993101892,-448.0674242416426,40.60857538035961,-0.5917169670081872,-0.5006066600658092,-1.2218176606131572,0,5
2026-02-28 01:00:00+00:00,65937.0,65966.0,65731.0,65781.0,2862762.56881497,2026-02-28 01:59:59.999000+00:00,-0.0024112829845314154,1,0.0010930952814720563,0.003656975681111785,0.001224983539283686,65721.0,66424.75,166.80767357805365,921.746510912439,65871.48082657102,66294.8882501752,-423.4074236041779,44.75609756097561,-0.698402426674499,-0.2581888007600184,-1.303367823998518,1,5
2026-02-28 02:00:00+00:00,65781.0,66017.0,65762.0,65959.0,2061857.22784328,2026-02-28 02:59:59.999000+00:00,0.002705948526170232,0,-0.0024112829845314154,0.0010930952814720563,0.003028124856622849,65783.33333333333,66370.125,175.4761141327435,908.2243695140629,65884.94531479086,66270.00763905111,-385.0623242602451,50.42892156862746,-0.4526689811461111,-0.279766596677007,-1.3574120813634372,2,5
2026-02-28 03:00:00+00:00,65961.0,65977.0,65742.0,65789.0,2109041.06150555,2026-02-28 03:59:59.999000+00:00,-0.002577358662199214,0,0.002705948526170232,-0.0024112829845314154,-0.0009300907219638166,65827.5,66294.29166666667,122.50183657568782,875.684153826722,65870.18449713073,66234.37744356584,-364.1929464351124,41.94805194805195,-0.5770250203324534,0.022884142037140398,-1.2575760852046078,3,5
2026-02-28 04:00:00+00:00,65789.0,65824.0,65500.0,65664.0,7100762.78233728,2026-02-28 04:59:59.999000+00:00,-0.0019000136800985112,0,-0.002577358662199214,0.002705948526170232,0.00158720468835849,65833.5,66207.45833333333,111.13010377215737,827.2521816506567,65838.46380526446,66192.12726256097,-353.6634572965122,45.669848002827855,-0.6569439711224931,2.366820547945313,-0.4662395740000679,4,5
2026-02-28 05:00:00+00:00,65676.0,65709.0,65505.0,65592.0,2368329.26763528,2026-02-28 05:59:59.999000+00:00,-0.0010964912280702066,0,-0.0019000136800985112,-0.002577358662199214,0.003656975681111785,65787.5,66118.875,145.72954389709997,770.3383396618382,65800.54629676223,66147.67339126016,-347.1270944979333,40.517560073937155,-0.6839527164535089,-0.6664683302016008,-1.1659860767594146,5,5
2026-02-28 06:00:00+00:00,65592.0,65592.0,63037.0,63238.0,67686775.01030563,2026-02-28 06:59:59.999000+00:00,-0.03588852299060863,1,-0.0010964912280702066,-0.0019000136800985112,0.0010930952814720563,65337.166666666664,65934.33333333333,1035.9612766081477,902.5110220222671,65406.30840495266,65932.1420289446,-525.8336239919372,24.751580849141817,-2.9875904753956606,27.579968138420742,4.096773337764936,6,5
2026-02-28 07:00:00+00:00,63216.0,64315.0,63045.0,63832.0,35520418.66501904,2026-02-28 07:59:59.999000+00:00,0.009393086435371067,0,-0.03588852299060863,-0.0010964912280702066,-0.0024112829845314154,65012.333333333336,65773.16666666667,1166.3204819567884,918.7168587822376,65164.10711188302,65776.57595272647,-612.4688408434522,30.55439766569404,-2.1129106841902243,-0.4752236510069967,1.5246651870789896,7,5
2026-02-28 08:00:00+00:00,63830.0,63877.0,63418.0,63469.0,14714693.47924429,2026-02-28 08:59:59.999000+00:00,-0.005686802857500894,1,0.009393086435371067,-0.03588852299060863,0.002705948526170232,64597.333333333336,65586.79166666667,1204.480579599496,913.2985120131102,64903.321402362555,65605.64440067267,-702.3229983101119,30.733752620545076,-2.318838406950422,-0.5857398636538171,0.02097890923835558,8,5
2026-02-28 09:00:00+00:00,63476.0,63938.0,63379.0,63662.0,8468686.039435541,2026-02-28 09:59:59.999000+00:00,0.003040854590429909,1,-0.005686802857500894,0.009393086435371067,-0.002577358662199214,64242.833333333336,65432.125,1091.295086872794,911.7878429744408,64712.34887892217,65461.67074136358,-749.3218624414149,32.336678271554376,-1.9413781546214586,-0.4244741794057084,-0.4206928597533601,9,5
2026-02-28 10:00:00+00:00,63621.0,64047.0,63470.0,64006.0,11250980.1045085,2026-02-28 10:59:59.999000+00:00,0.005403537432063121,0,0.003040854590429909,-0.005686802857500894,-0.0019000136800985112,63966.5,65323.25,840.5759334922176,919.8743415769147,64603.67982062645,65353.84327904035,-750.1634584139028,34.30105388745277,-1.4319890668347977,0.32853904987348015,-0.2116460422268667,10,5
2026-02-28 11:00:00+00:00,64006.0,64309.0,63793.0,63845.0,8870538.45082075,2026-02-28 11:59:59.999000+00:00,-0.0025153891822641272,1,0.005403537432063121,0.003040854590429909,-0.0010964912280702066,63675.333333333336,65228.25,281.6676527989573,950.6908814738814,64486.95984822238,65242.07711022255,-755.1172620001671,33.632286995515685,-1.4549944960611283,-0.21157638104202658,-0.3656811732733621,11,5
2026-02-28 12:00:00+00:00,63865.0,64094.0,63838.0,64031.0,3957775.54148757,2026-02-28 12:59:59.999000+00:00,0.0029133056621504227,1,-0.0025153891822641272,0.005403537432063121,-0.03588852299060863,63807.5,65149.083333333336,213.12601898049772,968.5676522809692,64416.81217926509,65152.36769465051,-735.5555153854148,34.67664555747457,-1.1543678241785778,-0.553829165678057,-0.6921794031163341,12,5
2026-02-28 13:00:00+00:00,64032.0,65213.0,63908.0,65110.0,31810799.3060606,2026-02-28 13:59:59.999000+00:00,0.01685121269385137,0,0.0029133056621504227,-0.0025153891822641272,0.009393086435371067,64020.5,65100.125,574.5964670673349,937.8636830515746,64523.456459378154,65149.22934689862,-625.772887520463,43.73553719008264,0.010529248736734545,7.037545073641086,1.2284757704691873,13,5
2026-02-28 14:00:00+00:00,65110.0,65361.0,64284.0,64444.0,25769906.72941296,2026-02-28 14:59:59.999000+00:00,-0.010228843495622808,1,0.01685121269385137,0.0029133056621504227,-0.005686802857500894,64183.0,65039.083333333336,522.985277007012,930.5754608570668,64511.23238870459,65096.99013601724,-585.7577473126439,38.741721854304636,-0.6394788583671223,-0.18990068493804635,0.7699310779961916,14,5
2026-02-28 15:00:00+00:00,64447.0,65012.0,64222.0,64853.0,19607695.44543576,2026-02-28 15:59:59.999000+00:00,0.006346595493762042,1,-0.010228843495622808,0.01685121269385137,0.003040854590429909,64381.5,64986.916666666664,511.58840874857907,902.9050176834784,64563.812021211575,65078.91679260855,-515.1047713969747,43.269509718595884,-0.14831755726670462,-0.2391243146000156,0.36629614259600285,15,5
2026-02-28 16:00:00+00:00,64851.0,65214.0,64686.0,65102.0,8625744.90091628,2026-02-28 16:59:59.999000+00:00,0.003839452299816415,1,0.006346595493762042,-0.010228843495622808,0.005403537432063121,64564.166666666664,64971.416666666664,545.2578900230485,897.3557733705568,64646.61017179441,65080.62665982273,-434.01648802831915,43.847810480976314,0.1455201350550762,-0.5600836964792737,-0.3641227128284671,16,5
2026-02-28 17:00:00+00:00,65104.0,65536.0,64849.0,65447.0,11825812.58834255,2026-02-28 17:59:59.999000+00:00,0.0052993763632454005,1,0.003839452299816415,0.006346595493762042,-0.0025153891822641272,64831.166666666664,64960.958333333336,514.0021076144712,889.9516586049137,64769.74706844142,65107.76542576179,-338.0183573203685,47.60504201680672,0.5461438966567937,0.37099029987385057,-0.1289094021231062,17,5
2026-02-28 18:00:00+00:00,65434.0,66160.0,65194.0,65915.0,16309166.27082725,2026-02-28 18:59:59.999000+00:00,0.007150824331138228,1,0.0052993763632454005,0.003839452299816415,0.0029133056621504227,65145.166666666664,64986.291666666664,502.76094382101854,908.6867963077758,64945.93982714274,65167.560579409066,-221.62075226632442,51.67713483896832,1.0220334851424193,0.37911590844118614,0.1717357489704481,18,5
2026-02-28 19:00:00+00:00,65914.0,66677.0,65633.0,66376.0,32363319.76332368,2026-02-28 19:59:59.999000+00:00,0.00699385572328004,1,0.007150824331138228,0.0052993763632454005,0.01685121269385137,65356.166666666664,65027.5,708.5803882634548,949.1720877256403,65165.949084505395,65257.07461056395,-91.12552605855308,54.979674796747965,1.4207118155267395,0.9843638372375312,1.1684464501890075,19,5
2026-02-28 20:00:00+00:00,66369.0,67152.0,66205.0,66958.0,18218468.88050838,2026-02-28 20:59:59.999000+00:00,0.008768229480535128,0,0.00699385572328004,0.007150824331138228,-0.010228843495622808,65775.16666666667,65084.708333333336,798.8600419542647,1022.7586939049063,65441.64922535072,65383.06908385551,58.5801414952075,80.49180327868852,1.8316066906402053,-0.4370642748104355,0.19883716161217152,20,5
2026-02-28 21:00:00+00:00,66989.0,67019.0,66373.0,66723.0,16339230.184070012,2026-02-28 21:59:59.999000+00:00,-0.0035096627736790342,1,0.008768229480535128,0.00699385572328004,0.006346595493762042,66086.83333333333,65134.666666666664,728.8438561385138,1073.1897869362117,65638.7801137583,65482.32322579214,156.45688796616014,75.17854032398537,1.4800115996889776,-0.10315019932596703,0.048364807611803826,21,5
2026-02-28 22:00:00+00:00,66723.0,67743.0,66621.0,67116.0,23033005.42884432,2026-02-28 22:59:59.999000+00:00,0.005890022930623573,0,-0.0035096627736790342,0.008768229480535128,0.003839452299816415,66422.5,65196.666666666664,643.3228582631418,1143.6019247371416,65866.04471164165,65603.33632017791,262.7083914637333,81.5976433893606,1.6783229302228544,0.4096750684925432,0.4755553052463886,22,5
2026-02-28 23:00:00+00:00,67106.0,67217.0,66759.0,66985.0,11028351.2308098,2026-02-28 23:59:59.999000+00:00,-0.0019518445676143248,0,0.005890022930623573,-0.0035096627736790342,0.0052993763632454005,66678.83333333333,65243.208333333336,456.0453558915775,1193.741723523107,66038.1916790814,65705.68177794252,332.5099011388811,79.1031704326502,1.459102611849814,-0.5211935643883037,-0.33951272164195256,23,5
2026-03-01 00:00:00+00:00,66982.0,67113.0,66631.0,66821.0,6934449.983601941,2026-03-01 00:59:59.999000+00:00,-0.002448309322982789,1,-0.0019518445676143248,0.005890022930623573,0.007150824331138228,66829.83333333333,65279.916666666664,260.7108870571562,1229.1214931288314,66158.62372845349,65788.29794253937,370.32578591411584,75.45668294447458,1.2538087910336508,-0.3712160740556364,-0.6277320090600697,0,6
2026-03-01 01:00:00+00:00,66770.0,67702.0,66086.0,67353.0,26421306.184338786,2026-03-01 01:59:59.999000+00:00,0.007961568967839394,1,-0.002448309322982789,-0.0019518445676143248,0.00699385572328004,66992.66666666667,65345.416666666664,222.93556609471685,1296.9971310356748,66342.37392407603,65904.20179864757,438.1721254284639,79.72881355932203,1.5478702961588247,2.8101516698249864,0.6318819055432184,1,6
2026-03-01 02:00:00+00:00,67370.0,68201.0,67338.0,67627.0,38416996.615559034,2026-03-01 02:59:59.999000+00:00,0.004068118717800218,0,0.007961568967839394,-0.002448309322982789,0.008768229480535128,67104.16666666667,65414.916666666664,339.14151416461254,1373.726253219463,66540.00870498741,66031.81648022923,508.1922247581824,80.02672010688042,1.610279579464322,0.454015798746948,1.3264103168811505,2,6
2026-03-01 03:00:00+00:00,67616.0,67807.0,67408.0,67513.0,10467258.006606031,2026-03-01 03:59:59.999000+00:00,-0.0016857172431129497,0,0.004068118717800218,0.007961568967839394,-0.0035096627736790342,67235.83333333333,65486.75,313.9824304475354,1437.7219677203216,66689.69967345089,66141.53377799003,548.1658954608574,73.91996814652597,1.4093475967490845,-0.7275357542560537,-0.5893970788178183,3,6
2026-03-01 04:00:00+00:00,67555.0,67611.0,67089.0,67341.0,9456405.07512027,2026-03-01 04:59:59.999000+00:00,-0.002547657488187416,0,-0.0016857172431129497,0.004068118717800218,0.005890022930623573,67273.33333333333,65556.625,310.2216411369561,1486.6312607296684,66789.89972368922,66230.38312776854,559.5165959206788,81.9827776551115,1.2002808276237869,-0.09657284943657618,-0.6690960664858986,4,6
2026-03-01 05:00:00+00:00,67341.0,67566.0,67205.0,67300.0,3998815.870525,2026-03-01 05:59:59.999000+00:00,-0.0006088415675442604,0,-0.002547657488187416,-0.0016857172431129497,-0.0019518445676143248,67325.83333333333,65627.79166666667,276.48682903468926,1528.6854249868206,66868.3766892755,66309.61400719309,558.762682082408,79.40398942561885,1.0938864896600589,-0.577131495662569,-1.0564419527173814,5,6
2026-03-01 06:00:00+00:00,67302.0,67348.0,66807.0,66932.0,8236333.6315672,2026-03-01 06:59:59.999000+00:00,-0.005468053491827662,1,-0.0006088415675442604,-0.002547657488187416,-0.002448309322982789,67344.33333333333,65781.70833333333,236.82032562607503,1462.123336215645,66878.16489092541,66355.71667332693,522.4482175984886,71.3785046728972,0.7867268363583644,1.0596931437320372,-0.8331777285052975,6,6
2026-03-01 07:00:00+00:00,66930.0,67225.0,66800.0,67136.0,7093007.33438784,2026-03-01 07:59:59.999000+00:00,0.0030478694794717764,0,-0.005468053491827662,-0.0006088415675442604,0.007961568967839394,67308.16666666667,65919.375,251.3558565652977,1425.656212350545,66917.83183078305,66413.51543826568,504.31639251737215,70.40347910123218,0.8533789489080922,-0.13881495679064781,-0.8852154265230822,7,6
2026-03-01 08:00:00+00:00,67146.0,67289.0,66474.0,66567.0,9446840.10517305,2026-03-01 08:59:59.999000+00:00,-0.008475333651096317,0,0.0030478694794717764,-0.005468053491827662,0.004068118717800218,67131.5,66048.45833333333,339.5012517844011,1331.2723557143172,66863.85770297027,66424.88466506082,438.97303790945443,57.68867924528302,0.3895083259566665,0.33185257815447566,-0.6107559085524764,8,6
2026-03-01 09:00:00+00:00,66570.0,66767.0,66264.0,66412.0,10024581.84437032,2026-03-01 09:59:59.999000+00:00,-0.0023284810792134625,1,-0.008475333651096317,0.0030478694794717764,-0.0016857172431129497,66948.0,66163.04166666667,386.37028866535456,1231.5500123483857,66794.34113328253,66423.93024542669,370.41088785584725,50.45754956786985,0.20215040464219666,0.06115714172836495,-0.5600219495192099,9,6
2026-03-01 10:00:00+00:00,66409.0,66729.0,66235.0,66465.0,8059111.0048827,2026-03-01 10:59:59.999000+00:00,0.0007980485454435193,1,-0.0023284810792134625,-0.008475333651096317,-0.002547657488187416,66802.0,66265.5,373.4578958376534,1143.4284829391545,66743.67326662368,66426.97244946916,316.7008171545167,42.760646108663735,0.17447527587137782,-0.1960651197228146,-0.7447234400932036,10,6
2026-03-01 11:00:00+00:00,66467.0,66657.0,66380.0,66467.0,3051676.68913625,2026-03-01 11:59:59.999000+00:00,3.009102535167507e-05,0,0.0007980485454435193,-0.0023284810792134625,-0.0006088415675442604,66663.16666666667,66374.75,298.63919138365907,1020.7880267698133,66701.10814868157,66429.93745321219,271.17069546938,45.96469104665826,0.09037135779493452,-0.6213382980719141,-1.2076953058215518,11,6
2026-03-01 12:00:00+00:00,66462.0,66552.0,66257.0,66297.0,5634535.038686399,2026-03-01 12:59:59.999000+00:00,-0.002557660192275879,1,3.009102535167507e-05,0.0007980485454435193,-0.005468053491827662,66557.33333333333,66469.16666666667,296.8263240185848,891.1429234917517,66638.93766426902,66420.09023445573,218.84742981329327,36.113936927772116,-0.19319759168604908,0.8463735227080049,-0.9614789365441103,12,6
2026-03-01 13:00:00+00:00,66310.0,67338.0,66146.0,66941.0,21340712.951633457,2026-03-01 13:59:59.999000+00:00,0.009713863372399878,0,-0.002557660192275879,3.009102535167507e-05,0.0030478694794717764,66524.83333333333,66545.45833333333,222.05262130949126,847.0081349914258,66685.40879284301,66458.67614301456,226.73264982845285,49.36452917388793,0.4669868568271491,2.787484291979609,0.7207274487593466,13,6
2026-03-01 14:00:00+00:00,66941.0,67302.0,66767.0,66871.0,14289067.93935376,2026-03-01 14:59:59.999000+00:00,-0.0010456969570218355,0,0.009713863372399878,-0.002557660192275879,-0.008475333651096317,66575.5,66646.58333333333,264.26785647086075,720.6622507491071,66713.96128625178,66489.21865093941,224.74263531237375,50.742280285035626,0.3114033882493457,-0.33043155719593476,0.012614668025880956,14,6
2026-03-01 15:00:00+00:00,66859.0,67248.0,66823.0,66829.0,7024084.44140277,2026-03-01 15:59:59.999000+00:00,-0.0006280749502773908,0,-0.0010456969570218355,0.009713863372399878,-0.0023284810792134625,66645.0,66728.91666666667,267.4830835092955,611.4411995641058,66731.65954990535,66514.38763975872,217.2719101466355,40.89645587213342,0.16368431405125713,-0.5084294881083447,-0.7358534991773179,15,6
2026-03-01 16:00:00+00:00,66861.0,67119.0,65844.0,66137.0,19134014.43497938,2026-03-01 16:59:59.999000+00:00,-0.010354786095856605,0,-0.0006280749502773908,-0.0010456969570218355,0.0007980485454435193,66590.33333333333,66772.04166666667,336.29431548921013,521.6054212950853,66640.17346530453,66486.43299977659,153.7404655279388,27.396844660194176,-1.2174752039385197,1.7240581451720352,0.5600703620770436,16,6
2026-03-01 17:00:00+00:00,66139.0,66219.0,65734.0,65979.0,10516926.1446486,2026-03-01 17:59:59.999000+00:00,-0.0023889804496726175,1,-0.010354786095856605,-0.0006280749502773908,3.009102535167507e-05,66509.0,66794.20833333333,420.5463113186983,471.7703916959616,66538.45447064229,66448.84537016352,89.60910047877405,27.03592814371258,-1.7279768880847863,-0.4503544365774942,-0.389791244773809,17,6
2026-03-01 18:00:00+00:00,66006.0,66654.0,65995.0,66317.0,12997604.57957266,2026-03-01 18:59:59.999000+00:00,0.005122842116430881,0,-0.0023889804496726175,-0.010354786095856605,-0.002557660192275879,66512.33333333333,66810.95833333333,418.60466627885023,445.6082778221043,66504.38455208193,66439.0790464477,65.3055056342273,35.39646320593269,-1.1085034949250347,0.23587485552385679,-0.09976541993821494,18,6
2026-03-01 19:00:00+00:00,66319.0,66345.0,65788.0,65970.0,12145176.6793506,2026-03-01 19:59:59.999000+00:00,-0.0052324441696699475,0,0.005122842116430881,-0.0023889804496726175,0.009713863372399878,66350.5,66794.04166666667,407.27865149540185,469.88384119917544,66422.17154406932,66404.33245041454,17.8390936547803,32.55508919202519,-1.7537135658116296,-0.06558346155273542,-0.11207909731653941,19,6
2026-03-01 20:00:00+00:00,65969.0,65969.0,65092.0,65313.0,16216975.96562601,2026-03-01 20:59:59.999000+00:00,-0.009959072305593453,1,-0.0052324441696699475,0.005122842116430881,-0.0010456969570218355,66090.83333333333,66725.5,496.0453271938204,556.8560815837943,66251.52976805865,66323.49300964309,-71.96324158443895,30.260911972689584,-2.5365620430733333,0.33526060540546454,0.40231516534721057,20,6
2026-03-01 21:00:00+00:00,65300.0,65751.0,65288.0,65682.0,9271501.71101514,2026-03-01 21:59:59.999000+00:00,0.005649717514124353,0,-0.009959072305593453,-0.0052324441696699475,-0.0006280749502773908,65899.66666666667,66682.125,355.8908071740567,596.2116863536428,66163.90980374193,66275.97500892878,-112.06520518685284,32.95827473042664,-1.6774662806706142,-0.4282841800674001,-0.4220154993662469,21,6
2026-03-01 22:00:00+00:00,65675.0,66466.0,65051.0,65238.0,21757846.5923406,2026-03-01 22:59:59.999000+00:00,-0.006759842879327627,1,0.005649717514124353,-0.009959072305593453,-0.010354786095856605,65749.83333333333,66603.875,419.5394696940211,656.9385062786002,66021.4621416278,66199.08797123036,-177.6258296025626,33.95315141270224,-2.079151985986262,1.3467446019549216,1.1415889342672574,22,6
2026-03-01 23:00:00+00:00,65245.0,66077.0,65124.0,65771.0,16990136.63158209,2026-03-01 23:59:59.999000+00:00,0.008170084919832066,1,-0.006759842879327627,0.005649717514124353,-0.0023889804496726175,65715.16666666667,66553.29166666667,405.1633826386249,672.8616679674433,65982.92950445428,66167.37775113923,-184.44824668494402,42.907722947554774,-1.1626337238526168,-0.21912600314209796,0.5120788073567606,23,6
2026-03-02 00:00:00+00:00,65776.0,66786.0,65763.0,66502.0,12452181.0451977,2026-03-02 00:59:59.999000+00:00,0.01111432090130915,1,0.008170084919832066,-0.006759842879327627,0.005122842116430881,65746.0,66540.0,463.0304525238905,670.490021931554,66062.786503769,66192.16458438817,-129.3780806191644,50.355974600731194,-0.056674967198660525,-0.2670935310754957,-0.08178086155893909,0,0
2026-03-02 01:00:00+00:00,66506.0,67063.0,66375.0,66534.0,14360269.9679322,2026-03-02 01:59:59.999000+00:00,0.00048118853568324127,0,0.01111432090130915,0.008170084919832066,-0.0052324441696699475,65840.0,66505.875,563.8684243370913,647.7696391305462,66135.28088780455,66217.48572628535,-82.20483848080039,50.640903003634975,0.0434182127426505,0.1532333103581378,0.23704900705298662,1,0
2026-03-02 02:00:00+00:00,66531.0,66613.0,65905.0,66280.0,11178807.6380996,2026-03-02 02:59:59.999000+00:00,-0.0038175970180659435,1,0.00048118853568324127,0.01111432090130915,-0.009959072305593453,66001.16666666667,66449.75,519.5692125510452,603.2313168956236,66157.54536660385,66222.11641322718,-64.57104662332858,49.8399548107701,-0.2814011727268656,-0.22154613645405674,-0.0571592084596358,2,0
2026-03-02 03:00:00+00:00,66290.0,67027.0,66118.0,66820.0,18168379.516708203,2026-03-02 03:59:59.999000+00:00,0.00814725407362693,1,-0.0038175970180659435,0.00048118853568324127,0.005649717514124353,66190.83333333333,66420.875,583.530776078466,565.5316322880548,66259.46146404941,66266.40408632146,-6.942622272050357,48.838102554253894,0.70575185756666,0.6252520040497658,1.234048469179074,3,0
2026-03-02 04:00:00+00:00,66821.0,66971.0,66637.0,66869.0,7538719.175975789,2026-03-02 04:59:59.999000+00:00,0.0007333133792277735,0,0.00814725407362693,-0.0038175970180659435,-0.006759842879327627,66462.66666666667,66401.20833333333,402.7901024485157,539.7625064324704,66353.23662342642,66311.04082066801,42.19580275840417,49.98071731585037,0.8666620246717652,-0.5850637549131472,-0.7974885456351408,4,0
2026-03-02 05:00:00+00:00,66858.0,66988.0,66562.0,66714.0,5792006.316806099,2026-03-02 05:59:59.999000+00:00,-0.0023179649762969934,0,0.0007333133792277735,0.00814725407362693,0.008170084919832066,66619.83333333333,66376.79166666667,222.60136259767188,509.75722939009256,66408.73868136082,66340.88964876668,67.84903259413841,48.91488960181166,0.6615077018854386,-0.23169888921397586,-1.1692061807227603,5,0
2026-03-02 06:00:00+00:00,66728.0,66728.0,66068.0,66216.0,13430225.71205856,2026-03-02 06:59:59.999000+00:00,-0.007464700062955298,0,-0.0023179649762969934,0.0007333133792277735,0.01111432090130915,66572.16666666667,66346.95833333333,276.88294752545505,496.63401611138386,66379.08657653608,66331.63856367285,47.44801286322763,50.77375122428992,-0.2636918315799727,1.3187519103854197,0.28253709506115315,6,0
2026-03-02 07:00:00+00:00,66216.0,66216.0,65557.0,66006.0,10595467.41469254,2026-03-02 07:59:59.999000+00:00,-0.003171438927147552,1,-0.007464700062955298,-0.0023179649762969934,0.00048118853568324127,66484.16666666667,66299.875,362.20017480733543,471.5056652212182,66321.68864168438,66307.51718858597,14.171453098402708,50.261780104712045,-0.6232692874689459,-0.21107301977961435,-0.31081089816302937,7,0
2026-03-02 08:00:00+00:00,66006.0,66300.0,65661.0,66280.0,13581600.7876552,2026-03-02 08:59:59.999000+00:00,0.004151137775353808,0,-0.003171438927147552,-0.007464700062955298,-0.0038175970180659435,66484.16666666667,66287.91666666667,362.20017480733543,468.0631614780181,66315.27500450217,66305.47887832034,9.796126181827276,49.63675633222069,-0.016913671739670354,0.2818312072596103,0.2558917935180833,8,0
2026-03-02 09:00:00+00:00,66284.0,66715.0,66174.0,66174.0,13853045.64495282,2026-03-02 09:59:59.999000+00:00,-0.0015992757996379225,1,0.004151137775353808,-0.003171438927147552,0.00814725407362693,66376.5,66278.0,337.58302677104155,467.8411100921032,66293.54038842491,66295.73970214846,-2.199313723554951,52.10222588623249,-0.2222976941456164,0.01998621970573211,0.2793635006691334,9,0
2026-03-02 10:00:00+00:00,66172.0,66383.0,66090.0,66303.0,9678477.60031851,2026-03-02 10:59:59.999000+00:00,0.0019494061111615668,1,-0.0015992757996379225,0.004151137775353808,0.0007333133792277735,66282.16666666667,66271.25,236.33232244162642,466.1915308353876,66294.99571328261,66296.27750198932,-1.2817887067067204,61.4477335800185,0.06810505532587836,-0.30134658844174533,-0.5862829689097214,10,0
2026-03-02 11:00:00+00:00,66309.0,66455.0,66018.0,66347.0,9271814.6372413,2026-03-02 11:59:59.999000+00:00,0.0006636200473584264,0,0.0019494061111615668,-0.0015992757996379225,-0.0023179649762969934,66221.0,66266.25,122.09832088952845,464.6417272770354,66302.99637277759,66300.03472406419,2.961648713404429,58.31457864466117,0.17378981537715849,-0.042017244846837,-0.7827050459303114,11,0
2026-03-02 12:00:00+00:00,66347.0,66403.0,65917.0,65958.0,8902490.134569,2026-03-02 12:59:59.999000+00:00,-0.005863113629855143,0,0.0006636200473584264,0.0019494061111615668,-0.007464700062955298,66178.0,66252.125,162.84348302612906,468.80044070503936,66249.92000773488,66274.69881857795,-24.77881084306864,59.12778904665315,-0.627399154227882,-0.03983303345915323,-0.9320455444110322,12,0
2026-03-02 13:00:00+00:00,65955.0,66116.0,65344.0,65430.0,9328545.8068581,2026-03-02 13:59:59.999000+00:00,-0.008005094150823289,1,-0.005863113629855143,0.0006636200473584264,-0.003171438927147552,66082.0,66189.16666666667,348.4864415786774,473.70002120462215,66123.77846808336,66212.12853572032,-88.35006763695856,45.67149022594567,-1.6026316923864725,0.04785803363428576,-0.7776797008895013,13,0
2026-03-02 14:00:00+00:00,65407.0,67201.0,65259.0,67164.0,41080735.66555704,2026-03-02 14:59:59.999000+00:00,0.026501604768454756,1,-0.008005094150823289,-0.005863113629855143,0.004151137775353808,66229.33333333333,66201.375,567.1845084544348,495.3187653341682,66283.81254991669,66282.63753307436,1.175016842331388,56.697693241602586,1.9434454484084858,3.4037663014266997,3.8854553373746867,14,0
2026-03-02 15:00:00+00:00,67165.0,69610.0,66990.0,69121.0,69508975.03595954,2026-03-02 15:59:59.999000+00:00,0.02913763325591101,1,0.026501604768454756,-0.008005094150823289,-0.0015992757996379225,66720.5,66296.875,1305.3503361027579,767.6685942492161,66720.30292685259,66492.88660469848,227.41632215410937,68.83646424930828,3.678833576306465,0.6920090137099792,4.005666412613708,15,0
2026-03-02 16:00:00+00:00,69135.0,70111.0,68938.0,69436.0,60538895.24451184,2026-03-02 16:59:59.999000+00:00,0.004557225734581394,0,0.02913763325591101,0.026501604768454756,0.0019494061111615668,67242.66666666667,66434.33333333333,1678.295762560873,998.4622379059617,67138.10247656757,66710.89500435044,427.2074722171237,72.7771362586605,3.0062896248955364,-0.12904923122240186,2.6477573064959983,16,0
2026-03-02 17:00:00+00:00,69435.0,69595.0,68808.0,69189.0,16516398.75914595,2026-03-02 17:59:59.999000+00:00,-0.003557232559479262,0,0.004557225734581394,0.02913763325591101,0.0006636200473584264,67716.33333333333,66568.08333333333,1773.3142605385453,1139.810049622264,67453.62517248026,66894.45833736152,559.16683511874,67.85229841748304,2.2994328463196565,-0.7271770703373837,-0.10070605024798038,17,0
2026-03-02 18:00:00+00:00,69202.0,69280.0,68750.0,68887.0,11080492.31734081,2026-03-02 18:59:59.999000+00:00,-0.0043648556851522136,1,-0.003557232559479262,0.004557225734581394,-0.005863113629855143,68204.5,66675.16666666667,1585.6923724235662,1232.176711847764,67674.14437671406,67042.05401607548,632.0903606385837,64.6486643437863,1.7950617894867353,-0.3291217729164483,-0.4338167580251463,18,0
2026-03-02 19:00:00+00:00,68887.0,69061.0,68591.0,68975.0,17198094.65221825,2026-03-02 19:59:59.999000+00:00,0.001277454381813703,1,-0.0043648556851522136,-0.003557232559479262,-0.008005094150823289,68795.33333333333,66800.375,821.3911775934971,1307.7642658157765,67874.27601106574,67185.23520006989,689.0408109958516,66.57381615598885,1.662857027710174,0.5521056429328035,-0.06641506496014403,19,0
2026-03-02 20:00:00+00:00,68975.0,69512.0,68605.0,69110.0,28168727.1866093,2026-03-02 20:59:59.999000+00:00,0.0019572308807538352,1,0.001277454381813703,-0.0043648556851522136,0.026501604768454756,69119.66666666667,66958.58333333333,189.7531729066825,1349.0263128265474,68064.3873939787,67327.81037043508,736.5770235436212,72.40631774543202,1.5947922188107033,0.637898136755285,0.5829142679845201,20,0
2026-03-02 21:00:00+00:00,69125.0,69537.0,69015.0,69417.0,15412533.46350831,2026-03-02 21:59:59.999000+00:00,0.004442193604398792,1,0.0019572308807538352,0.001277454381813703,0.02913763325591101,69169.0,67114.20833333333,225.31489067845445,1409.4393575039273,68272.4816410589,67482.56515781026,789.9164832486422,76.01830663615561,1.6338352227830808,-0.4528494893856959,-0.22477056385163843,21,0
2026-03-02 22:00:00+00:00,69417.0,69511.0,69161.0,69445.0,10426497.327978,2026-03-02 22:59:59.999000+00:00,0.0004033594076378044,0,0.004442193604398792,0.0019572308807538352,0.004557225734581394,69170.5,67289.5,227.46758002283,1427.4471588291096,68452.869080896,67627.93070167616,824.938379219835,75.0832144555397,1.5100383833248787,-0.32350529180264653,-0.5037388454489884,22,0
2026-03-02 23:00:00+00:00,69444.0,69481.0,68775.0,68821.0,12337460.99317546,2026-03-02 23:59:59.999000+00:00,-0.008985528115775021,1,0.0004033594076378044,0.004442193604398792,-0.003557232559479262,69109.16666666667,67416.58333333333,267.5611455876269,1422.1381610871645,68509.504606912,67716.3062052557,793.1984016562928,69.38626043650213,0.9875388377125429,0.18327954298416826,-0.37202556755401245,23,0
2026-03-03 00:00:00+00:00,68821.0,69159.0,68655.0,69101.0,7863929.58574119,2026-03-03 00:59:59.999000+00:00,0.004068525595385175,0,-0.008985528115775021,0.0004033594076378044,-0.0043648556851522136,69144.83333333333,67524.875,245.3653737350317,1448.1820181019286,68600.50389815631,67818.8761159775,781.6277821788099,70.04872456291201,1.088347307381817,-0.36259741043224614,-0.6330917848810584,0,1
2026-03-03 01:00:00+00:00,69094.0,69256.0,68748.0,68748.0,7714413.1401174,2026-03-03 01:59:59.999000+00:00,-0.005108464421643699,0,0.004068525595385175,-0.008985528115775021,0.001277454381813703,69107.0,67617.125,290.19510671529196,1452.8274774703827,68623.19560613227,67887.70010738658,735.4954987456877,66.47454370797311,0.7783959331283049,-0.019012943083174583,-0.6205404768417925,1,1
2026-03-03 02:00:00+00:00,68748.0,68756.0,68233.0,68507.0,9385003.32294922,2026-03-03 02:59:59.999000+00:00,-0.0035055565252807286,0,-0.005108464421643699,0.004068525595385175,0.0019572308807538352,69006.5,67709.91666666667,379.593334980465,1434.718633710525,68605.319359035,67933.5741735061,671.7451855288964,67.85264042582995,0.5555677012933753,0.21655440958226868,-0.5128945411396777,2,1
2026-03-03 03:00:00+00:00,68507.0,68534.0,68225.0,68359.0,3621441.34326882,2026-03-03 03:59:59.999000+00:00,-0.002160363174566138,0,-0.0035055565252807286,-0.005108464421643699,0.004442193604398792,68830.16666666667,67774.04166666667,396.14159921475033,1427.589530536996,68567.42407302962,67965.08719769084,602.3368753387767,71.66740642106821,0.40975246793333725,-0.6141246605194819,-0.8144423969353924,3,1
2026-03-03 04:00:00+00:00,68362.0,68442.0,68036.0,68109.0,3969842.32954434,2026-03-03 04:59:59.999000+00:00,-0.003657162919293744,0,-0.002160363174566138,-0.0035055565252807286,0.0004033594076378044,68607.5,67825.70833333333,354.74483782284705,1415.800633181191,68496.89729256352,67975.7474052693,521.1498872942175,58.95734597156398,0.20009290858285447,0.0962050612591292,-0.7796949527600948,4,1
2026-03-03 05:00:00+00:00,68108.0,68528.0,67848.0,67947.0,12339804.23565978,2026-03-03 05:59:59.999000+00:00,-0.002378540281020136,1,-0.003657162919293744,-0.002160363174566138,-0.008985528115775021,68461.83333333333,67877.08333333333,422.51268221055375,1395.9377996619282,68412.2977090922,67973.61796784194,438.67974125026376,33.132183908045974,0.050085803739682466,2.108386482713571,-0.2995915854472871,5,1
2026-03-03 06:00:00+00:00,67938.0,68167.0,67800.0,68106.0,8175460.979092681,2026-03-03 06:59:59.999000+00:00,0.0023400591637599,1,-0.002378540281020136,-0.003657162919293744,0.004068525595385175,68296.0,67955.83333333333,298.5511680805136,1350.734765134303,68365.17498461649,67983.4240442981,381.750940318394,29.993983152827923,0.11117405914383237,-0.33747239235229587,-0.5338680253502914,6,1
2026-03-03 07:00:00+00:00,68106.0,68255.0,67955.0,68173.0,5713707.81539999,2026-03-03 07:59:59.999000+00:00,0.00098376060846328,0,0.0023400591637599,-0.002378540281020136,-0.005108464421643699,68200.16666666667,68046.125,200.6912221024953,1285.585480284871,68335.6096023678,67997.46670768342,338.14289468438074,33.84223918575063,0.09869044256153699,-0.30111490593474743,-0.6644232054108167,7,1
2026-03-03 08:00:00+00:00,68172.0,68296.0,66903.0,66992.0,15237369.02222784,2026-03-03 08:59:59.999000+00:00,-0.0173235738488845,0,0.00098376060846328,0.0023400591637599,-0.0035055565252807286,67947.66666666667,68075.79166666667,486.6964830664218,1250.8023504426753,68128.90043277275,67922.98769229946,205.91274047328625,26.447924434501616,-0.866477158667877,1.6668092794593035,-0.10306088689584865,8,1
2026-03-03 09:00:00+00:00,66993.0,67191.0,66343.0,66643.0,25117129.99700731,2026-03-03 09:59:59.999000+00:00,-0.005209577262956788,1,-0.0173235738488845,0.00098376060846328,-0.002160363174566138,67661.66666666667,68095.33333333333,667.3157173553511,1223.1563825518301,67900.30036619233,67828.17378916616,72.12657702616707,22.78244631185808,-1.1873652086116528,0.6483902148964926,0.4543126480711076,9,1
2026-03-03 10:00:00+00:00,66625.0,66993.0,66435.0,66832.0,12851522.278788,2026-03-03 10:59:59.999000+00:00,0.0028360067824078072,1,-0.005209577262956788,-0.0173235738488845,-0.003657162919293744,67448.83333333333,68117.375,698.9996900068583,1193.869441987115,67735.9464637012,67754.38313811681,-18.436674415614107,23.743660673121255,-1.0766462016655525,-0.4883363552954,-0.2803174618581922,10,1
2026-03-03 11:00:00+00:00,66846.0,67145.0,66761.0,67020.0,9408115.7045316,2026-03-03 11:59:59.999000+00:00,0.0028130237012209403,1,0.0028360067824078072,-0.005209577262956788,-0.002378540281020136,67294.33333333333,68145.41666666667,668.6567629433112,1157.838875778605,67625.80085390102,67699.9843871452,-74.18353324418422,21.592794501066606,-0.9719976502860723,-0.2679376419040951,-0.48515880237125714,11,1
2026-03-03 12:00:00+00:00,67021.0,67945.0,67021.0,67378.0,16866749.26400168,2026-03-03 12:59:59.999000+00:00,0.005341689048045328,0,0.0028130237012209403,0.0028360067824078072,0.0023400591637599,67173.0,68204.58333333333,546.8776828169838,1074.4808621533753,67587.67764560855,67676.13369180111,-88.45604619255755,27.28072103759068,-0.7692862315637401,0.7927871843537684,-0.06236933071744777,12,1
2026-03-03 13:00:00+00:00,67382.0,67418.0,66639.0,66921.0,11671608.43924278,2026-03-03 13:59:59.999000+00:00,-0.006782629344890045,0,0.005341689048045328,0.0028130237012209403,0.00098376060846328,66964.33333333333,68266.70833333333,243.97923401415878,942.0226840497675,67485.11185397647,67620.1978627788,-135.0860088023328,28.320401643085347,-1.4285307096301665,-0.3080107935111581,-0.3795449496406404,13,1
2026-03-03 14:00:00+00:00,66922.0,67556.0,66147.0,66556.0,33859558.228134796,2026-03-03 14:59:59.999000+00:00,-0.005454192256541313,1,-0.006782629344890045,0.005341689048045328,-0.0173235738488845,66891.66666666667,68241.375,293.9106439552748,980.3617261378114,67342.17156874933,67541.36839146186,-199.1968227125326,21.513319901499884,-1.719135860841515,1.9010190330143995,0.9895082798462282,14,1
2026-03-03 15:00:00+00:00,66556.0,67818.0,66469.0,67716.0,29698599.6650772,2026-03-03 15:59:59.999000+00:00,0.017428932027165,1,-0.005454192256541313,-0.006782629344890045,-0.005209577262956788,67070.5,68182.83333333333,414.17858462669,967.415591915737,67399.68363509559,67554.30406616839,-154.62043107280624,40.21615472127418,-0.4825571731884907,-0.12288874340953893,1.1029467531376362,15,1
2026-03-03 16:00:00+00:00,67718.0,68993.0,67494.0,68174.0,40482910.7613086,2026-03-03 16:59:59.999000+00:00,0.006763541851261046,1,0.017428932027165,-0.005454192256541313,0.0028360067824078072,67294.16666666667,68130.25,586.2403659164231,929.9094976708539,67518.80922969627,67600.20746867443,-81.3982389781595,46.967765434347115,0.04704758915741877,0.36312523882776726,2.629878646008426,16,1
2026-03-03 17:00:00+00:00,68174.0,68402.0,67544.0,68319.0,22755773.634465512,2026-03-03 17:59:59.999000+00:00,0.0021269105524099885,1,0.006763541851261046,0.017428932027165,0.0028130237012209403,67510.66666666667,68094.0,694.5892790920504,903.4226224353729,67641.91550205069,67653.45135988374,-11.535857833048794,49.63556851311953,0.24905287338661433,-0.43789186087344634,0.7485328729256788,17,1
2026-03-03 18:00:00+00:00,68318.0,68912.0,67994.0,68629.0,16887678.39208967,2026-03-03 18:59:59.999000+00:00,0.004537537141937165,0,0.0021269105524099885,0.006763541851261046,0.005341689048045328,67719.16666666667,68083.25,822.7401574187414,895.0727077278723,67793.77465558135,67725.71422211458,68.06043346677325,54.68637346791636,0.6097270035027407,-0.2578728078700926,0.12103678053483735,18,1
2026-03-03 19:00:00+00:00,68633.0,68885.0,68341.0,68422.0,16063090.85873724,2026-03-03 19:59:59.999000+00:00,-0.0030162176339448843,0,0.004537537141937165,0.0021269105524099885,-0.006782629344890045,67969.33333333333,68060.20833333333,757.0880177556468,878.0749685008102,67890.42470856884,67777.29094640238,113.13376216645702,54.24637940282496,0.41202822041992615,-0.04882776153166635,0.040817964704813955,19,1
2026-03-03 20:00:00+00:00,68437.0,68591.0,68099.0,68267.0,22644738.38114107,2026-03-03 20:59:59.999000+00:00,-0.0022653532489550487,0,-0.0030162176339448843,0.004537537141937165,-0.005454192256541313,68254.5,68025.08333333333,306.29577202800766,850.688974790093,67948.35936878902,67813.56569111331,134.7936776757124,51.440329218107,0.2843773386464358,0.40973730275726217,0.7638710551169656,20,1
2026-03-03 21:00:00+00:00,68267.0,68267.0,67829.0,68030.0,4675267.8597561,2026-03-03 21:59:59.999000+00:00,-0.003471662736021841,1,-0.0022653532489550487,-0.0030162176339448843,0.017428932027165,68306.83333333333,67967.29166666667,206.4319903233247,797.4656857024426,67960.9194658984,67829.59786214195,131.32160375645617,48.75846501128668,0.07863452240969121,-0.7935384467214801,-1.064799228055674,21,1
2026-03-03 22:00:00+00:00,68029.0,68520.0,68029.0,68324.0,8046210.8043098,2026-03-03 22:59:59.999000+00:00,0.004321622813464598,1,-0.003471662736021841,-0.0022653532489550487,0.006763541851261046,68331.83333333333,67920.58333333333,195.9442947085322,737.7446191831638,68016.77800960634,67866.22024272403,150.5577668823098,63.669950738916256,0.5468242751988316,0.72101600286268,-0.7021830634216323,22,1
2026-03-03 23:00:00+00:00,68308.0,68854.0,68260.0,68336.0,6803970.188976481,2026-03-03 23:59:59.999000+00:00,0.00017563374509688146,0,0.004321622813464598,-0.003471662736021841,0.0021269105524099885,68334.66666666667,67900.375,195.84449603913117,718.396875409038,68065.88908505152,67901.01874326299,164.87034178852628,68.66593164277839,0.6063848757025364,-0.1543882761147567,-0.7955495128425393,23,1
2026-03-04 00:00:00+00:00,68336.0,68406.0,67898.0,68103.0,9664109.70473718,2026-03-04 00:59:59.999000+00:00,-0.003409623039100862,1,0.00017563374509688146,0.004321622813464598,0.004537537141937165,68247.0,67858.79166666667,150.13327400094974,673.3504790960615,68071.59845658205,67915.9803178361,155.618138745951,63.878576108320594,0.36267640837081705,0.4203633226369192,-0.5159939646593459,0,2
2026-03-04 01:00:00+00:00,68105.0,68896.0,67967.0,68412.0,16197247.31558928,2026-03-04 01:59:59.999000+00:00,0.004537245055283856,0,-0.003409623039100862,0.00017563374509688146,-0.0030162176339448843,68245.33333333333,67844.79166666667,147.84000347981868,657.3617876579085,68123.9679248002,67952.72251651491,171.2454082852928,64.80851063829788,0.8628556511540096,0.6760206382642435,0.11404871694212701,1,2
2026-03-04 02:00:00+00:00,68413.0,68453.0,67987.0,68323.0,5321638.44502014,2026-03-04 02:59:59.999000+00:00,-0.001300941355317775,0,0.004537245055283856,-0.003409623039100862,-0.0022653532489550487,68254.66666666667,67837.125,151.21066969266286,650.3382606045336,68154.58824406171,67980.15047825455,174.43776580716076,60.66350710900474,0.7471112026352965,-0.6714479725268966,-0.9739206409233823,2,2
2026-03-04 03:00:00+00:00,68284.0,68384.0,67405.0,67748.0,17610563.8912206,2026-03-04 03:59:59.999000+00:00,-0.008415906795661732,1,-0.001300941355317775,0.004537245055283856,-0.003471662736021841,68207.66666666667,67811.66666666667,247.91342567305702,640.9114207288009,68092.03620651376,67962.95414653199,129.0820599817671,59.08990987030117,-0.0993377003553379,2.309237196995248,0.22032873117877194,3,2
2026-03-04 04:00:00+00:00,67730.0,67958.0,67463.0,67789.0,8507237.78044013,2026-03-04 04:59:59.999000+00:00,0.0006051839168683681,1,-0.008415906795661732,-0.001300941355317775,0.004321622813464598,68118.5,67798.33333333333,290.2927831730769,637.7777768932249,68045.41525166549,67950.0686541963,95.34659746919351,64.59171597633136,-0.01463414636175234,-0.5169241693230933,-0.7665563287182232,4,2
2026-03-04 05:00:00+00:00,67789.0,68365.0,67665.0,68191.0,10305519.1571375,2026-03-04 05:59:59.999000+00:00,0.005930165661095499,1,0.0006051839168683681,-0.008415906795661732,0.00017563374509688146,68094.33333333333,67808.5,274.1515395343627,642.1802536719076,68067.81290525541,67967.91542055212,99.89748470329505,56.85030285549466,0.5956271589057933,0.21138252193114737,-0.5631932902702718,5,2
2026-03-04 06:00:00+00:00,68186.0,68669.0,68047.0,68503.0,9340783.50743372,2026-03-04 06:59:59.999000+00:00,0.0045753838483084674,1,0.005930165661095499,0.0006051839168683681,-0.003409623039100862,68161.0,67825.04166666667,321.26686720284033,655.1585588726552,68134.76476598535,68007.55131532604,127.21345065931382,54.953327311050884,1.0348003916790849,-0.09361349341004466,-0.6734924109360414,6,2
2026-03-04 07:00:00+00:00,68503.0,69635.0,68349.0,69510.0,14644053.8187132,2026-03-04 07:59:59.999000+00:00,0.014700086127614753,1,0.0045753838483084674,0.005930165661095499,0.004537245055283856,68344.0,67880.75,643.7278927948835,737.677922495031,68346.33941737222,68118.84381048707,227.49560688514612,64.23619411905331,2.208619711010769,0.5677543331412138,-0.1513929310405192,7,2
2026-03-04 08:00:00+00:00,69493.0,71164.0,69140.0,71006.0,25234295.216308106,2026-03-04 08:59:59.999000+00:00,0.021522083153503013,1,0.014700086127614753,0.0045753838483084674,-0.001300941355317775,68791.16666666667,68048.0,1261.584942296139,951.4714005330478,68755.51796854573,68332.70723193248,422.81073661324626,72.13633823803315,3.1088690614797505,0.7231768968277044,0.9424640886176175,8,2
2026-03-04 09:00:00+00:00,71009.0,71896.0,70736.0,71521.0,29844894.3487895,2026-03-04 09:59:59.999000+00:00,0.0072529082049404,0,0.021522083153503013,0.014700086127614753,-0.008415906795661732,69420.0,68251.25,1545.909958555492,1140.520485658338,69180.97674261562,68568.87706660415,612.0996760114649,77.2943456050731,2.8668928275432206,0.18271162689345544,1.3804495193042527,9,2
2026-03-04 10:00:00+00:00,71526.0,71881.0,71211.0,71334.0,12115554.43520916,2026-03-04 10:59:59.999000+00:00,-0.0026146166860082642,0,0.0072529082049404,0.021522083153503013,0.0006051839168683681,70010.83333333333,68438.83333333333,1473.6294536372138,1260.8257703322688,69512.21108990553,68773.70098759644,738.5101023090829,76.8610965142757,2.2962464242015774,-0.5940493441317689,-0.4692563884391299,10,2
2026-03-04 11:00:00+00:00,71345.0,71494.0,70955.0,71117.0,6601162.2294807,2026-03-04 11:59:59.999000+00:00,-0.003042027644601486,1,-0.0026146166860082642,0.0072529082049404,0.005930165661095499,70498.5,68609.54166666667,1211.8430178698732,1335.51445806448,69759.10169145852,68947.27869221893,811.8229992395936,77.13130602917911,1.8775224170671356,-0.455149802282512,-1.0211944009634821,11,2
2026-03-04 12:00:00+00:00,71117.0,71348.0,70602.0,71339.0,15584781.73775431,2026-03-04 12:59:59.999000+00:00,0.0031216164911342936,1,-0.003042027644601486,-0.0026146166860082642,0.0045753838483084674,70971.16666666667,68774.58333333333,738.4788193483739,1418.8527489257403,70002.16296969567,69124.44323353605,877.7197361596191,76.83816984155243,1.807387460473453,1.3609148201437753,-0.08827793227275689,12,2
2026-03-04 13:00:00+00:00,71339.0,71614.0,71221.0,71498.0,9710783.10764002,2026-03-04 13:59:59.999000+00:00,0.0022287949088155568,1,0.0031216164911342936,-0.003042027644601486,0.014700086127614753,71302.5,68965.29166666667,205.23620528353777,1465.7042669427663,70232.29174358863,69300.26225327412,932.0294903145113,77.42886884108259,1.7279804599437842,-0.37690605675179023,-0.6826083684949688,13,2
2026-03-04 14:00:00+00:00,71481.0,72621.0,71329.0,71644.0,42585588.3297824,2026-03-04 14:59:59.999000+00:00,0.002042015161263233,1,0.0022287949088155568,0.0031216164911342936,0.021522083153503013,71408.83333333333,69177.29166666667,185.1911623856642,1470.030803538394,70449.47762919038,69473.8724567353,975.605172455078,81.18724678527391,1.6779977177321126,3.3853917709559296,2.4516654567286706,14,2
2026-03-04 15:00:00+00:00,71644.0,73500.0,71639.0,73419.0,54356901.413731806,2026-03-04 15:59:59.999000+00:00,0.024775277762268955,0,0.002042015161263233,0.0022287949088155568,0.0072529082049404,71725.16666666667,69414.91666666667,848.4417284796067,1670.7759695799366,70906.32722469956,69766.10412660676,1140.2230980927998,85.04829903401932,2.396541131926878,0.2764154152994782,2.8546587246218578,15,2
2026-03-04 16:00:00+00:00,73419.0,73546.0,72569.0,73362.0,47381399.34042366,2026-03-04 16:59:59.999000+00:00,-0.0007763657908715915,0,0.024775277762268955,0.002042015161263233,-0.0026146166860082642,72063.16666666667,69631.08333333333,1043.0738068924709,1831.1607607826897,71284.12303628425,70032.46678389516,1251.6562523890898,85.43102235972437,2.037459925185363,-0.12832780919969755,2.1867947591887815,16,2
2026-03-04 17:00:00+00:00,73374.0,73792.0,73002.0,73262.0,31490851.09529478,2026-03-04 17:59:59.999000+00:00,-0.0013631035140808656,1,-0.0007763657908715915,0.024775277762268955,-0.003042027644601486,72420.66666666667,69837.04166666667,1021.2881408421538,1951.2135015342321,71588.41179993283,70271.6914665696,1316.720333363235,91.54611211573237,1.7552965529606555,-0.33537524147311926,0.9576692855491464,17,2
2026-03-04 18:00:00+00:00,73263.0,73740.0,72963.0,73740.0,12960771.5662224,2026-03-04 18:59:59.999000+00:00,0.006524528404902918,0,-0.0013631035140808656,-0.0007763657908715915,0.0031216164911342936,72820.83333333333,70050.0,982.3425912707091,2087.7663745565537,71919.42536917393,70528.60320978666,1390.8221593872731,92.06842923794713,1.7674391373334406,-0.588427396674619,-0.38482668959968946,18,2
2026-03-04 19:00:00+00:00,73739.0,74075.0,73569.0,73693.0,30275623.35598295,2026-03-04 19:59:59.999000+00:00,-0.0006373745592622715,0,0.006524528404902918,-0.0013631035140808656,0.0022287949088155568,73186.66666666667,70269.625,778.8154252607698,2184.0836863223835,72192.28300468563,70763.00297202468,1429.280032660943,90.94968740696636,1.5674193353663874,1.3359429800371996,0.8223852784089704,19,2
2026-03-04 20:00:00+00:00,73685.0,73769.0,73100.0,73100.0,31418243.33955,2026-03-04 20:59:59.999000+00:00,-0.008046897262969366,1,-0.0006373745592622715,0.006524528404902918,0.002042015161263233,73429.33333333333,70471.0,247.84484385173346,2214.010388400795,72331.93177319552,70936.11386298582,1395.8179102097056,82.84040577225318,1.1874379694753632,0.03774059315417033,0.8646670119467178,20,2
2026-03-04 21:00:00+00:00,73086.0,73365.0,72921.0,73361.0,21848989.14676016,2026-03-04 21:59:59.999000+00:00,0.0035704514363885664,0,-0.008046897262969366,-0.0006373745592622715,0.024775277762268955,73419.66666666667,70693.125,249.45433775322292,2225.854370639415,72490.24996193468,71115.7350583202,1374.5149036144721,80.79321925475772,1.1985847031104768,-0.3045763599629342,0.14047050521878982,21,2
2026-03-04 22:00:00+00:00,73362.0,73566.0,72656.0,72721.0,10117626.1740158,2026-03-04 22:59:59.999000+00:00,-0.00872398140701458,0,0.0035704514363885664,-0.008046897262969366,-0.0007763657908715915,73312.83333333333,70876.33333333333,381.4359272853021,2203.21694970856,72525.74996779088,71234.6435725187,1291.1063952721743,65.88845654993514,0.8372605643355652,-0.536929324004169,-0.7195780652034212,22,2
2026-03-04 23:00:00+00:00,72721.0,72881.0,72349.0,72691.0,10925885.56338796,2026-03-04 23:59:59.999000+00:00,-0.000412535581193918,1,-0.00872398140701458,0.0035704514363885664,-0.0013631035140808656,73217.66666666667,71057.79166666667,459.8302584912027,2163.8860369123104,72551.1730496692,71342.52182640621,1208.6512232629902,61.909609120521175,0.754757092320714,0.07988626733886872,-0.6805130233202025,23,2
2026-03-05 00:00:00+00:00,72691.0,73024.0,72578.0,72792.0,7863116.65425864,2026-03-05 00:59:59.999000+00:00,0.0013894429846885714,0,-0.000412535581193918,-0.00872398140701458,0.006524528404902918,73059.66666666667,71253.16666666667,403.92953175551804,2096.12308106217,72588.2233497201,71449.89058000575,1138.3327697143395,65.10567757977621,0.7341330989750632,-0.2803222577575305,-0.8961782541110365,0,3
2026-03-05 01:00:00+00:00,72763.0,73300.0,72452.0,72571.0,18608404.897058982,2026-03-05 01:59:59.999000+00:00,-0.003036047917353568,0,0.0013894429846885714,-0.000412535581193918,-0.0006373745592622715,72872.66666666667,71426.45833333333,297.8809604932902,2021.617647127927,72585.57360360931,71532.93572222756,1052.6378813817573,65.05175983436854,0.5661514027109427,1.366543155248845,-0.11635986386664406,1,3
2026-03-05 02:00:00+00:00,72571.0,72910.0,72373.0,72534.0,5268711.4146513,2026-03-05 02:59:59.999000+00:00,-0.0005098455305838634,0,-0.003036047917353568,0.0013894429846885714,-0.008046897262969366,72778.33333333333,71601.91666666667,301.09378376926423,1920.7778296725944,72577.63920305403,71607.08863169218,970.5505713618477,62.86329386437029,0.48526347968739647,-0.7168638879152931,-1.0949716633130382,2,3
2026-03-05 03:00:00+00:00,72533.0,72785.0,72373.0,72518.0,6238899.95888968,2026-03-05 03:59:59.999000+00:00,-0.00022058620784737304,1,-0.0005098455305838634,-0.003036047917353568,0.0035704514363885664,72637.83333333333,71800.66666666667,112.35553668877962,1743.240477463228,72568.46394104572,71674.56354786313,893.9003931825864,61.32829853398489,0.41149419291662814,0.18414152301841158,-0.9685322626232855,3,3
2026-03-05 04:00:00+00:00,72511.0,73101.0,72471.0,72832.0,10208419.0329408,2026-03-05 04:59:59.999000+00:00,0.00432995945834147,0,-0.00022058620784737304,-0.0005098455305838634,-0.00872398140701458,72656.33333333333,72010.79166666667,135.5354810542484,1529.4916455437349,72609.0079501156,71760.29958135475,848.7083687608538,62.71948608137045,0.5369158672595356,0.636253041434818,-0.691145777747484,4,3
2026-03-05 05:00:00+00:00,72832.0,72934.0,72304.0,72444.0,9031063.86292476,2026-03-05 05:59:59.999000+00:00,-0.005327328646748675,1,0.00432995945834147,-0.00022058620784737304,-0.000412535581193918,72615.16666666667,72188.0,158.47071219832523,1296.2843555263585,72583.62211163627,71810.94405680995,772.6780548263196,35.15077672860188,0.19748753343247036,-0.11533178313085679,-0.7700131627008253,5,3
2026-03-05 06:00:00+00:00,72446.0,72659.0,72079.0,72574.0,12224984.22076142,2026-03-05 06:59:59.999000+00:00,0.0017944895367456581,0,-0.005327328646748675,0.00432995945834147,0.0013894429846885714,72578.83333333333,72357.625,132.71686639111707,1032.6696012677455,72582.14178676915,71867.46671926847,714.675067500677,38.25983313468415,0.2095297467208966,0.35365937018214044,-0.5521489476706177,6,3
2026-03-05 07:00:00+00:00,72560.0,72677.0,71803.0,72083.0,9869669.85749712,2026-03-05 07:59:59.999000+00:00,-0.006765508308760659,1,0.0017944895367456581,-0.005327328646748675,-0.003036047917353568,72497.5,72464.83333333333,242.55617897321045,839.7192422142442,72505.35074265081,71883.43214747081,621.9185951800027,34.267413931144915,-0.4547154740987921,-0.1926640002744806,-0.7024760035960913,7,3
2026-03-05 08:00:00+00:00,72084.0,72365.0,71802.0,72348.0,9867563.5578216,2026-03-05 08:59:59.999000+00:00,0.003676317578347188,1,-0.006765508308760659,0.0017944895367456581,-0.0005098455305838634,72466.5,72520.75,248.7647482223156,780.979554895764,72481.14293608915,71917.8445809915,563.2983550976496,30.3056027164686,-0.2211965715582102,-0.00021341136085928358,-0.6526718690374153,8,3
2026-03-05 09:00:00+00:00,72349.0,72887.0,72327.0,72611.0,12371542.54875924,2026-03-05 09:59:59.999000+00:00,0.003635207607673996,1,0.003676317578347188,-0.006765508308760659,-0.00022058620784737304,72482.0,72566.16666666667,255.42356969962285,751.4481477709548,72501.12094592159,71969.18942684398,531.9315190776106,35.57333333333332,0.05966257747300205,0.25375858754442415,-0.42617258992602486,9,3
2026-03-05 10:00:00+00:00,72609.0,73573.0,72546.0,73408.0,18330758.14506176,2026-03-05 10:59:59.999000+00:00,0.010976298356998315,0,0.003635207607673996,0.003676317578347188,0.00432995945834147,72578.0,72652.58333333333,448.5278140294214,722.2768899424707,72640.6408003952,72075.7679878185,564.8728125766938,53.89479008598887,1.0458823716855186,0.48168735408828867,-0.01568632497227023,10,3
2026-03-05 11:00:00+00:00,73408.0,73474.0,72807.0,72925.0,10315890.16509075,2026-03-05 11:59:59.999000+00:00,-0.00657966434176116,1,0.010976298356998315,0.003635207607673996,-0.005327328646748675,72658.16666666667,72727.91666666667,462.55352838845016,645.3418990074754,72684.38836956516,72138.6740627949,545.7143067702564,44.77969348659004,0.3053936737044956,-0.4372360333677844,-0.6120361333779706,11,3
2026-03-05 12:00:00+00:00,72934.0,73102.0,72683.0,72941.0,5990920.394908571,2026-03-05 12:59:59.999000+00:00,0.00021940349674332005,0,-0.00657966434176116,0.010976298356998315,0.0017944895367456581,72719.33333333333,72794.66666666667,473.33737083030735,574.3844846266547,72723.86708193975,72198.10561369898,525.761468240773,53.096846846846844,0.254765470255423,-0.41925318135103784,-0.8834812710189591,12,3
2026-03-05 13:00:00+00:00,72918.0,72980.0,72236.0,72489.0,11026333.1922348,2026-03-05 13:59:59.999000+00:00,-0.00619678918578026,1,0.00021940349674332005,-0.00657966434176116,-0.006765508308760659,72787.0,72835.95833333333,384.9420735095323,509.01742334305857,72687.73368471826,72219.65334601757,468.080338700689,47.458480120785104,-0.6816236879567316,0.8405073787335937,-0.5273137309640062,13,3
2026-03-05 14:00:00+00:00,72489.0,72809.0,71979.0,72617.0,36162103.95008835,2026-03-05 14:59:59.999000+00:00,0.0017657851536094782,0,-0.00619678918578026,0.00021940349674332005,0.003676317578347188,72831.83333333333,72876.5,336.16092370238755,444.62988999663753,72676.85157937699,72249.08643149775,427.7651478792395,47.81304673831542,-0.5836314783110116,2.279612843148546,1.341558846788447,14,3
2026-03-05 15:00:00+00:00,72628.0,72790.0,71196.0,71665.0,40459657.7624107,2026-03-05 15:59:59.999000+00:00,-0.013109877852293561,0,0.0017657851536094782,-0.00619678918578026,0.003635207607673996,72674.16666666667,72803.41666666667,587.9797331750373,493.09315779757947,72521.18210562668,72205.82076990533,315.36133572134713,40.4268808114962,-2.3087253365093434,0.11884136548730462,1.9012762578577402,15,3
2026-03-05 16:00:00+00:00,71683.0,71685.0,70814.0,71323.0,25469029.185823858,2026-03-05 16:59:59.999000+00:00,-0.004772204004744318,0,-0.013109877852293561,0.0017657851536094782,0.010976298356998315,72326.66666666667,72718.45833333333,676.9347580268778,563.3219774784418,72336.84639706873,72140.42663880123,196.41975826749695,37.97895572761564,-2.4771949065074996,-0.37050804197641984,0.8505705873286901,16,3
2026-03-05 17:00:00+00:00,71323.0,71587.0,70671.0,70721.0,23385071.75509659,2026-03-05 17:59:59.999000+00:00,-0.008440475022082672,1,-0.004772204004744318,-0.013109877852293561,-0.00657966434176116,71959.33333333333,72612.58333333333,860.4374855997669,682.8330317311917,72088.25464367354,72035.28392481596,52.97071885758487,34.020985239196165,-2.770198929213461,-0.08182319850209319,0.7088974158726471,17,3
2026-03-05 18:00:00+00:00,70721.0,71099.0,70675.0,71000.0,8864175.08937,2026-03-05 18:59:59.999000+00:00,0.003945079962104581,0,-0.008440475022082672,-0.004772204004744318,0.00021940349674332005,71635.83333333333,72498.41666666667,778.524351979789,714.4636733435068,71920.83085233915,71958.59622668145,-37.765374342299765,33.60773085182534,-2.0972608161510378,-0.6209472785800572,-0.7122689821666423,18,3
2026-03-05 19:00:00+00:00,71000.0,71440.0,70861.0,70955.0,15175853.35862465,2026-03-05 19:59:59.999000+00:00,-0.0006338028169013965,1,0.003945079962104581,-0.008440475022082672,-0.00619678918578026,71380.16666666667,72384.33333333333,689.0499014046713,733.7600405099571,71772.24149044082,71884.25576544578,-112.01427500495629,35.80552907530982,-1.9479574444255014,0.7120435015801609,-0.029356023170617418,19,3
2026-03-05 20:00:00+00:00,70918.0,71381.0,70848.0,71270.0,6365873.109751601,2026-03-05 20:59:59.999000+00:00,0.004439433443731877,0,-0.0006338028169013965,0.003945079962104581,0.0017657851536094782,71155.66666666667,72308.08333333333,332.8445081806105,751.0372488918541,71694.97356883454,71838.75533837572,-143.78176954117953,37.99263351749539,-1.382199531201691,-0.5805261846356873,-0.8723875302153338,20,3
2026-03-05 21:00:00+00:00,71238.0,71581.0,71043.0,71147.0,14219003.22201182,2026-03-05 21:59:59.999000+00:00,-0.0017258313455872365,1,0.004439433443731877,-0.0006338028169013965,-0.013109877852293561,71069.33333333333,72215.83333333333,223.54477543899694,752.0565812469871,71610.66994286,71787.51420219975,-176.84425933974853,40.75464243382062,-1.421213988395784,1.2336296964874078,0.013270671198250565,21,3
2026-03-05 22:00:00+00:00,71153.0,71372.0,71091.0,71240.0,2929882.236736,2026-03-05 22:59:59.999000+00:00,0.0013071527963230967,0,-0.0017258313455872365,0.004439433443731877,-0.004772204004744318,71055.5,72154.125,206.6366375051086,769.3649731461126,71553.64379780462,71746.95759462939,-193.31379682477564,38.67075664621677,-1.1881552083946971,-0.793946017805216,-1.163332937651718,22,3
2026-03-05 23:00:00+00:00,71234.0,71306.0,70793.0,70896.0,7364909.37406896,2026-03-05 23:59:59.999000+00:00,-0.004828747894441321,1,0.0013071527963230967,-0.0017258313455872365,-0.008440475022082672,71084.66666666667,72079.33333333333,156.16615070513387,801.482575473812,71452.4678289116,71683.92369873091,-231.4558698193141,32.74994970830819,-1.4764305170749072,1.5137219788989702,-0.6673622175892664,23,3
2026-03-06 00:00:00+00:00,70898.0,71049.0,70794.0,70973.0,3752578.30501736,2026-03-06 00:59:59.999000+00:00,0.0010860979462874454,1,-0.004828747894441321,0.0013071527963230967,0.003945079962104581,71080.16666666667,72003.54166666667,159.44831960877613,817.0153518095245,71378.70354754059,71631.2626840101,-252.55913646951376,21.359680075276415,-1.2613492076791815,-0.4904786855586061,-1.0169410891534274,0,4
2026-03-06 01:00:00+00:00,70988.0,71287.0,70403.0,71254.0,12889097.30423686,2026-03-06 01:59:59.999000+00:00,0.003959252109957401,0,0.0010860979462874454,-0.004828747894441321,-0.0006338028169013965,71130.0,71948.66666666667,159.22939414365,821.4609819553335,71359.5183863805,71603.31730000935,-243.79891362885246,29.365275376636205,-0.8456477932928087,2.4347310719681925,-0.037024604128211035,1,4
2026-03-06 02:00:00+00:00,71255.0,71415.0,71034.0,71251.0,6351449.95010608,2026-03-06 02:59:59.999000+00:00,-4.210289948636259e-05,0,0.003959252109957401,0.0010860979462874454,0.004439433443731877,71126.83333333333,71895.20833333333,156.04539924657465,823.4575556529603,71342.82325001426,71577.21972223088,-234.3964722166129,29.063429137760167,-0.7823212367302936,-0.5072230583581478,-0.7326314512111884,2,4
2026-03-06 03:00:00+00:00,71251.0,71293.0,71001.0,71092.0,3791948.78416676,2026-03-06 03:59:59.999000+00:00,-0.002231547627401742,0,-4.210289948636259e-05,0.003959252109957401,-0.0017258313455872365,71117.66666666667,71835.79166666667,156.23913282539266,828.0002089141735,71304.23505770437,71541.27752058415,-237.0424628797773,31.338498530590428,-0.8982988876803162,-0.4029790340859999,-0.9827229061921222,3,4
2026-03-06 04:00:00+00:00,71092.0,71124.0,70303.0,70622.0,10540394.49692762,2026-03-06 04:59:59.999000+00:00,-0.006611151747031974,0,-0.002231547627401742,-4.210289948636259e-05,0.0013071527963230967,71014.66666666667,71743.70833333333,240.4659365193283,835.2504169441283,71199.27581805755,71473.18288942977,-273.9070713722176,25.581395348837205,-1.3429605188791685,1.779677442094925,-0.27818634029630657,4,4
2026-03-06 05:00:00+00:00,70624.0,70668.0,70153.0,70443.0,6761177.28083448,2026-03-06 05:59:59.999000+00:00,-0.0025346209396505115,1,-0.006611151747031974,-0.002231547627401742,-0.004828747894441321,70939.16666666667,71660.33333333333,336.9388173336254,861.7574391934724,71082.92569220254,71396.8730457683,-313.94735356575984,31.55193236714976,-1.4126171448808649,-0.35854608830767487,-0.6601509114246308,5,4
2026-03-06 06:00:00+00:00,70435.0,70844.0,70275.0,70611.0,8193257.12719536,2026-03-06 06:59:59.999000+00:00,0.002384906946041543,1,-0.0025346209396505115,-0.006611151747031974,0.0010860979462874454,70878.83333333333,71578.54166666667,361.2054354882193,864.4211925535369,71010.32173955599,71338.66022756323,-328.3384880072408,38.65519439133206,-1.1192942456772865,0.211809243697886,-0.4909871212040246,6,4
2026-03-06 07:00:00+00:00,70606.0,71176.0,70477.0,71059.0,6983277.500665271,2026-03-06 07:59:59.999000+00:00,0.00634462052654694,0,0.002384906946041543,-0.0025346209396505115,0.003959252109957401,70846.33333333333,71535.875,327.93881536997407,863.7105650416926,71017.81070270123,71317.94465515114,-300.13395244990534,55.66353887399464,-0.5521236155968297,-0.14767992847604894,-0.6002324641976969,7,4
2026-03-06 08:00:00+00:00,71061.0,71066.0,70759.0,70785.0,4993486.8164181,2026-03-06 08:59:59.999000+00:00,-0.0038559506888641293,0,0.00634462052654694,0.002384906946041543,-4.210289948636259e-05,70768.66666666667,71470.75,261.35544116457356,858.7245977202587,70981.99367151642,71278.46727328809,-296.4736017716641,46.39140651225244,-0.7985680179891533,-0.2849365049659863,-0.7749900221577357,8,4
2026-03-06 09:00:00+00:00,70798.0,70817.0,70322.0,70579.0,8491339.89232907,2026-03-06 09:59:59.999000+00:00,-0.0029102210920393112,0,-0.0038559506888641293,0.00634462052654694,-0.002231547627401742,70683.16666666667,71386.08333333333,214.056456633294,841.4115425908623,70919.99464512928,71226.65488267415,-306.66023754487105,44.01273885350319,-0.959201642097955,0.7004830901746588,-0.4012572586515701,9,4
2026-03-06 10:00:00+00:00,70561.0,70784.0,70471.0,70547.0,5717734.83499086,2026-03-06 10:59:59.999000+00:00,-0.0004533926522053422,0,-0.0029102210920393112,-0.0038559506888641293,-0.006611151747031974,70670.66666666667,71266.875,220.43744379395253,738.9253837656298,70862.61085357092,71176.31007655014,-313.6992229792231,37.34686734336716,-0.9742187991045221,-0.32663926924463804,-0.6285292778476386,10,4
2026-03-06 11:00:00+00:00,70539.0,70638.0,70209.0,70243.0,5617042.02971497,2026-03-06 11:59:59.999000+00:00,-0.00430918394828983,0,-0.0004533926522053422,-0.0029102210920393112,-0.0025346209396505115,70637.33333333333,71155.125,271.05841921334815,677.5106167556315,70767.2861068677,71107.17599680569,-339.8898899379856,35.121790651744575,-1.3462888660960874,-0.01761061122661367,-0.6139550780675495,11,4
2026-03-06 12:00:00+00:00,70233.0,70234.0,69677.0,69946.0,13311342.7346675,2026-03-06 12:59:59.999000+00:00,-0.004228179320359349,0,-0.00430918394828983,-0.0004533926522053422,0.002384906946041543,70526.5,71030.33333333333,392.6595216722305,606.3560918238444,70640.93439811883,71021.16296000527,-380.22856188644073,30.043183220234425,-1.788278122302338,1.3698136250803463,0.1292403043482679,12,4
2026-03-06 13:00:00+00:00,69940.0,70342.0,69240.0,69240.0,23899043.5249368,2026-03-06 13:59:59.999000+00:00,-0.010093500700540381,0,-0.004228179320359349,-0.00430918394828983,0.00634462052654694,70223.33333333333,70894.95833333333,564.0874636320052,628.8052493527275,70425.40602917747,70889.22496296784,-463.818933790375,27.02552719200888,-2.6319092199641956,0.7953893909361327,1.11376714914418,13,4
2026-03-06 14:00:00+00:00,69240.0,69291.0,68176.0,68409.0,28575143.45914833,2026-03-06 14:59:59.999000+00:00,-0.012001733102253054,1,-0.010093500700540381,-0.004228179320359349,-0.0038559506888641293,69827.33333333333,70719.625,851.6352896792923,709.2821730691774,70115.18971699632,70705.5045953406,-590.3148783442739,20.582836163377692,-3.2576950157954148,0.19566054722367365,1.717576259138753,14,4
2026-03-06 15:00:00+00:00,68418.0,69108.0,68315.0,68508.0,20611935.20169432,2026-03-06 15:59:59.999000+00:00,0.0014471780028944004,0,-0.012001733102253054,-0.010093500700540381,-0.0029102210920393112,69482.16666666667,70588.08333333333,904.1250835074944,811.6848240357148,69867.92976053535,70542.72647716722,-674.7967166318704,17.121647509578537,-2.5626736779321666,-0.2786760552519497,1.2057182031078728,15,4
2026-03-06 16:00:00+00:00,68507.0,68796.0,68247.0,68460.0,11800393.0714992,2026-03-06 16:59:59.999000+00:00,-0.0007006480994919961,0,0.0014471780028944004,-0.012001733102253054,-0.0004533926522053422,69134.33333333333,70468.79166666667,808.9792745353519,904.1028692217698,69651.32518199144,70388.4504418215,-737.1252598300489,16.93911395403933,-2.2218618423319367,-0.4274970808888824,0.1344983756727852,16,4
2026-03-06 17:00:00+00:00,68459.0,68644.0,67753.0,67962.0,12025828.70514834,2026-03-06 17:59:59.999000+00:00,-0.00727432077125334,1,-0.0007006480994919961,0.0014471780028944004,-0.00430918394828983,68754.16666666667,70353.83333333333,714.1849666774582,1036.3705760783905,69391.4290001466,70208.71337205694,-817.2843719103403,15.679824561403507,-2.307893902569086,0.019104078337324193,0.2528978365992634,17,4
2026-03-06 18:00:00+00:00,67963.0,68478.0,67959.0,68184.0,6672576.060146879,2026-03-06 18:59:59.999000+00:00,0.0032665312969011318,0,-0.00727432077125334,-0.0007006480994919961,-0.004228179320359349,68460.5,70236.5,433.0088913194208,1116.3548212387566,69205.67069243174,70058.73460375643,-853.0639113246871,21.730055658627094,-1.8385731498184918,-0.4451462577967451,-0.5546143452002532,18,4
2026-03-06 19:00:00+00:00,68183.0,68472.0,68002.0,68121.0,7465688.0176239,2026-03-06 19:59:59.999000+00:00,-0.0009239704329461196,0,0.0032665312969011318,-0.00727432077125334,-0.010093500700540381,68274.0,70118.41666666667,217.45344320529372,1184.834529487247,69038.79827821147,69915.19870718187,-876.4004289704026,22.330791229742616,-1.6858190886208224,0.11886143377428393,-0.3875484454487241,19,4
2026-03-06 20:00:00+00:00,68121.0,68270.0,67772.0,68114.0,9188284.08936794,2026-03-06 20:59:59.999000+00:00,-0.0001027583270943877,1,-0.0009239704329461196,0.0032665312969011318,-0.012001733102253054,68224.83333333333,69986.91666666667,214.14986955061954,1225.89246695053,68896.52162002509,69781.77658072396,-885.254960698876,19.058240396530366,-1.5277984955121287,0.23073507326820875,-0.14028557612346168,20,4
2026-03-06 21:00:00+00:00,68099.0,68322.0,67937.0,68288.0,19059734.581536,2026-03-06 21:59:59.999000+00:00,0.002554540916698489,1,-0.0001027583270943877,-0.0009239704329461196,0.0014471780028944004,68188.16666666667,69867.79166666667,170.31784001853367,1246.9899402874742,68802.90290925199,69671.12646363329,-868.2235543813003,13.16139324647699,-1.266884050646371,1.0743519025049122,1.3222172281804419,21,4
2026-03-06 22:00:00+00:00,68289.0,68438.0,68233.0,68313.0,3774292.83943887,2026-03-06 22:59:59.999000+00:00,0.00036609653233354855,0,0.002554540916698489,-0.0001027583270943877,-0.0007006480994919961,68163.66666666667,69745.83333333333,128.94133018004908,1250.0796380213055,68727.53323090554,69570.52450336415,-842.9912724586175,14.806378132118454,-1.1461936421917052,-0.801975582435697,-0.9937713766223027,22,4
2026-03-06 23:00:00+00:00,68317.0,68365.0,68110.0,68114.0,3576530.71506406,2026-03-06 23:59:59.999000+00:00,-0.002913061935502781,1,0.00036609653233354855,0.002554540916698489,-0.00727432077125334,68189.0,69629.91666666667,90.63774027363773,1267.6509571729498,68633.14350307392,69462.63379941125,-829.4902963373315,14.835948644793149,-1.1958470571799915,-0.05239713312870864,-0.9822054992819361,23,4
2026-03-07 00:00:00+00:00,68114.0,68382.0,68112.0,68297.0,2788343.656889,2026-03-07 00:59:59.999000+00:00,0.0026866723434242346,0,-0.002913061935502781,0.00036609653233354855,0.0032665312969011318,68207.83333333333,69518.41666666667,100.58512130808283,1262.0551877978698,68581.42911798562,69376.29055501042,-794.861437024796,19.22866520787747,-0.9677997273620755,-0.2203775448803723,-1.086724945534467,0,5
2026-03-07 01:00:00+00:00,68290.0,68355.0,68189.0,68269.0,2972853.70092156,2026-03-07 01:59:59.999000+00:00,-0.00040997408378118383,1,0.0026866723434242346,-0.002913061935502781,-0.0009239704329461196,68232.5,69394.04166666667,92.8843364721615,1230.2624138085546,68533.363099834,69294.26903241705,-760.9059325830603,20.798816568047343,-0.9144729238568311,0.06617191664187505,-0.9799668144916678,1,5
2026-03-07 02:00:00+00:00,68262.0,68366.0,68061.0,68345.0,5005736.79141655,2026-03-07 02:59:59.999000+00:00,0.0011132431996954129,0,-0.00040997408378118383,0.0026866723434242346,-0.0001027583270943877,68271.0,69272.95833333333,81.06540545658305,1181.5957330640613,68504.38416139799,69223.95280779357,-719.568646395579,24.659702437480206,-0.7853433347520546,0.6838153824605673,-0.6730180088659913,2,5
2026-03-07 03:00:00+00:00,68345.0,68543.0,68102.0,68124.0,8874208.420728,2026-03-07 03:59:59.999000+00:00,-0.0032335942643938465,0,0.0011132431996954129,-0.00040997408378118383,0.002554540916698489,68243.66666666667,69149.29166666667,99.69486761378961,1137.427015472008,68445.86352118291,69142.47482203109,-696.611300848177,29.132385938668662,-0.9014131480262031,0.7728076386167178,-0.14648388650843713,3,5
2026-03-07 04:00:00+00:00,68103.0,68134.0,67816.0,68069.0,6244235.41428305,2026-03-07 04:59:59.999000+00:00,-0.0008073513005695254,0,-0.0032335942643938465,0.0011132431996954129,0.00036609653233354855,68203.0,69042.91666666667,114.43251269591207,1112.822690515205,68387.884517924,69062.95816854731,-675.0736506233079,41.0432033719705,-0.8751768587822162,-0.2963614197185148,-0.5039155280559532,4,5
2026-03-07 05:00:00+00:00,68057.0,68130.0,67914.0,68008.0,4490396.40146608,2026-03-07 05:59:59.999000+00:00,-0.000896149495364984,0,-0.0008073513005695254,-0.0032335942643938465,-0.002913061935502781,68185.33333333333,68941.45833333333,136.89801542966944,1090.4003643872638,68329.44074593569,68984.81311902529,-655.3723730896018,36.559139784946225,-0.856069351974101,-0.28087330096575835,-0.7401882006264291,5,5
2026-03-07 06:00:00+00:00,68010.0,68015.0,67634.0,67685.0,4501729.0630156,2026-03-07 06:59:59.999000+00:00,-0.0047494412422067755,1,-0.000896149495364984,-0.0008073513005695254,0.0026866723434242346,68083.33333333333,68819.54166666667,232.0109192013826,1058.731151099269,68230.29601579174,68888.53066576416,-658.2346499724226,31.850117096018735,-1.0716050675270008,0.0025237552626355964,-0.7087098807366656,6,5
2026-03-07 07:00:00+00:00,67685.0,67849.0,67459.0,67847.0,5599255.636583179,2026-03-07 07:59:59.999000+00:00,0.0023934402009306854,0,-0.0047494412422067755,-0.000896149495364984,-0.00040997408378118383,68013.0,68685.70833333333,228.40577917834042,961.9219654936737,68171.32739797763,68811.38024607793,-640.0528481002984,46.80377987770984,-0.8719089109300981,0.24380111690515038,-0.5409500088664961,7,5
2026-03-07 08:00:00+00:00,67846.0,68028.0,67723.0,67802.0,3274879.3220402,2026-03-07 08:59:59.999000+00:00,-0.0006632570342093302,1,0.0023934402009306854,-0.0047494412422067755,0.0011132431996954129,67922.5,68561.41666666667,170.8809526019338,866.9013241093941,68114.50779828876,68736.61133896104,-622.1035406722804,38.22441430332922,-0.8760128120081645,-0.41512237793832507,-0.8560079602187087,8,5
2026-03-07 09:00:00+00:00,67802.0,68061.0,67732.0,68007.0,1599955.58471739,2026-03-07 09:59:59.999000+00:00,0.0030235096309843,0,-0.0006632570342093302,0.0023934402009306854,-0.0032335942643938465,67903.0,68454.25,148.49781130427922,758.8897639700391,68097.96813701357,68682.56605459355,-584.5979175799876,46.7687074829932,-0.5893477830828371,-0.5114459412444419,-1.027509757544574,9,5
2026-03-07 10:00:00+00:00,68015.0,68093.0,67873.0,67891.0,1854567.18727765,2026-03-07 10:59:59.999000+00:00,-0.0017057067654799862,1,0.0030235096309843,-0.0006632570342093302,-0.0008073513005695254,67873.33333333333,68343.58333333333,124.55146176923816,621.6993482830256,68066.12688516533,68623.93153203107,-557.8046468657412,44.04698344901228,-0.7279778152948813,0.1591366691627467,-0.9543131077984227,10,5
2026-03-07 11:00:00+00:00,67890.0,68250.0,67857.0,68019.0,3294211.6862302204,2026-03-07 11:59:59.999000+00:00,0.0018853750865357455,0,-0.0017057067654799862,0.0030235096309843,-0.000896149495364984,67875.16666666667,68250.91666666667,126.98726955428478,474.6262525982783,68058.8765951399,68579.12178891766,-520.245193777766,42.638204707170225,-0.48863008608789454,0.7762697996753887,-0.7391845457718035,11,5
2026-03-07 12:00:00+00:00,68019.0,68086.0,67905.0,67984.0,2328619.37728784,2026-03-07 12:59:59.999000+00:00,-0.0005145621076464435,0,0.0018853750865357455,-0.0017057067654799862,-0.0047494412422067755,67925.0,68169.16666666667,91.0054941316398,310.59237455819624,68047.35711896453,68535.03869344229,-487.68157447775593,41.045182362547635,-0.5961726102582615,-0.2931178688299082,-0.8027491305377911,12,5
2026-03-07 13:00:00+00:00,67984.0,68090.0,67866.0,67913.0,5293108.74947429,2026-03-07 13:59:59.999000+00:00,-0.0010443633796187735,1,-0.0005145621076464435,0.0018853750865357455,0.0023934402009306854,67936.0,68113.875,83.35946234312436,215.11580538833044,68026.68679297,68488.96175318731,-462.2749602173135,44.119368051492096,-0.9337993535034642,1.2730673810845001,-0.3353207505550467,13,5
2026-03-07 14:00:00+00:00,67929.0,68075.0,67629.0,68027.0,6993648.47472456,2026-03-07 14:59:59.999000+00:00,0.0016786182321499865,0,-0.0010443633796187735,-0.0005145621076464435,-0.0006632570342093302,67973.5,68097.95833333333,57.67408397281329,206.28061902619942,68026.73497866692,68454.74236406232,-428.0073853953945,41.768292682926834,-0.34398933679909194,0.32127428430771743,0.07176779879900985,14,5
2026-03-07 15:00:00+00:00,68012.0,68032.0,67785.0,67895.0,5074451.78824155,2026-03-07 15:59:59.999000+00:00,-0.0019404060152586888,0,0.0016786182321499865,-0.0010443633796187735,0.0030235096309843,67954.83333333333,68072.41666666667,62.57928274425714,190.66130134166204,68006.46805887201,68413.27996672437,-406.8119078523596,39.27752293577982,-0.9305331780398565,-0.27441995310732226,-0.2298559400942056,15,5
2026-03-07 16:00:00+00:00,67886.0,67889.0,67713.0,67800.0,3004051.76796,2026-03-07 16:59:59.999000+00:00,-0.0013992193828705757,0,-0.0019404060152586888,0.0016786182321499865,-0.0017057067654799862,67939.66666666667,68044.91666666667,87.2918474360495,179.60461794119382,67974.70374212247,68367.85182104108,-393.1480789186171,34.543391945547356,-1.363643482412363,-0.4080046686184019,-0.6846355570390731,16,5
2026-03-07 17:00:00+00:00,67800.0,67947.0,67783.0,67790.0,1407787.215498,2026-03-07 17:59:59.999000+00:00,-0.0001474926253687281,0,-0.0013992193828705757,-0.0019404060152586888,0.0018853750865357455,67901.5,68037.75,95.35774725822847,186.361558214137,67946.28778179594,68325.04798244545,-378.76020064951445,39.23969072164948,-1.3294050681596319,-0.5313705208036398,-1.0298819874065523,17,5
2026-03-07 18:00:00+00:00,67790.0,67790.0,67484.0,67584.0,4607910.242242561,2026-03-07 18:59:59.999000+00:00,-0.0030387962826375903,0,-0.0001474926253687281,-0.0013992193828705757,-0.0005145621076464435,67834.83333333333,68012.75,150.19908997356643,205.18332192792545,67890.55119998119,68270.15553930134,-379.6043393201544,35.76042278332355,-2.0895947875851557,2.273158181517175,-0.13334225054830318,18,5
2026-03-07 19:00:00+00:00,67582.0,67582.0,66943.0,67091.0,11573946.566318631,2026-03-07 19:59:59.999000+00:00,-0.007294625946969724,1,-0.0030387962826375903,-0.0001474926253687281,-0.0010443633796187735,67697.83333333333,67969.83333333333,330.86638788037374,276.78317774282067,67767.543323061,68182.81068453827,-415.2673614772648,28.52459016393442,-3.1751688830956204,1.5117560798419256,1.6351890794533694,19,5
2026-03-07 20:00:00+00:00,67090.0,67424.0,67086.0,67391.0,6875129.53612681,2026-03-07 20:59:59.999000+00:00,0.004471538656451779,1,-0.007294625946969724,-0.0030387962826375903,0.0016786182321499865,67591.83333333333,67939.70833333333,305.2025010203846,298.8738978720355,67709.61358105163,68124.15804123913,-414.54446018750605,43.03977272727273,-1.8359192195775522,-0.40598226398123005,0.45077982064536404,20,5
2026-03-07 21:00:00+00:00,67390.0,67473.0,67283.0,67447.0,2951393.37073924,2026-03-07 21:59:59.999000+00:00,0.0008309714947098978,0,0.004471538656451779,-0.007294625946969724,-0.0019404060152586888,67517.16666666667,67904.66666666667,268.8340875505979,305.49128871602716,67669.21149165907,68073.99818633254,-404.7866946734721,40.02991026919242,-1.4981332809529004,-0.5707145072350237,-0.6496290256428441,21,5
2026-03-07 22:00:00+00:00,67447.0,67465.0,67116.0,67256.0,5359696.6033396805,2026-03-07 22:59:59.999000+00:00,-0.0028318531587765428,1,0.0008309714947098978,0.004471538656451779,-0.0013992193828705757,67426.5,67860.625,245.0508109812655,319.91531649443135,67605.64049294229,68013.40572808568,-407.7652351433935,37.31412639405204,-1.8899532745895413,0.8159885620388274,0.3338066368454808,22,5
2026-03-07 23:00:00+00:00,67273.0,67395.0,67190.0,67269.0,2657974.65340425,2026-03-07 23:59:59.999000+00:00,0.00019329130486500645,0,-0.0028318531587765428,0.0008309714947098978,-0.0001474926253687281,67339.66666666667,67825.41666666667,171.86234791052615,336.8668832737252,67553.84964787425,67958.26456304229,-404.4149151680467,31.173469387755105,-1.6517404776014997,-0.5040811355351646,-0.776410360234507,23,5
2026-03-08 00:00:00+00:00,67269.0,67485.0,67180.0,67205.0,2628348.1026811497,2026-03-08 00:59:59.999000+00:00,-0.0009514040642791821,1,0.00019329130486500645,-0.0028318531587765428,-0.0030387962826375903,67276.5,67779.91666666667,128.20257393167927,344.0717715870499,67500.1804712782,67902.46718800212,-402.28671672391647,32.02306079664571,-1.6709207617202564,-0.011146287902014218,-0.784244561901852,0,6
2026-03-08 01:00:00+00:00,67202.0,67355.0,67098.0,67300.0,2590252.533361,2026-03-08 01:59:59.999000+00:00,0.0014135852987129383,0,-0.0009514040642791821,0.00019329130486500645,-0.007294625946969724,67311.33333333333,67739.54166666667,90.59948470793731,341.0251780243033,67469.38347569694,67857.83998889085,-388.4565131939016,30.826666666666668,-1.2888833288296015,-0.014494111065915805,-0.7895338604712399,1,6
2026-03-08 02:00:00+00:00,67299.0,67423.0,66840.0,66918.0,7685626.24484184,2026-03-08 02:59:59.999000+00:00,-0.0056760772659733005,1,0.0014135852987129383,-0.0009514040642791821,0.004471538656451779,67232.5,67680.08333333333,174.42333548796702,354.98694599813655,67384.55524866664,67788.22221193596,-403.6669632693229,26.01260126012602,-2.14679255652778,1.9671339554175833,1.2243616359705893,2,6
2026-03-08 03:00:00+00:00,66918.0,67087.0,66858.0,67002.0,4518020.14612728,2026-03-08 03:59:59.999000+00:00,0.0012552676409933738,0,-0.0056760772659733005,0.0014135852987129383,0.0008309714947098978,67158.33333333333,67633.33333333333,158.89199674458905,367.6389611318437,67325.70059502561,67729.98352957034,-404.2829345447244,29.619686800894854,-1.7172644906558692,-0.41214677864936244,0.03605806835648241,3,6
2026-03-08 04:00:00+00:00,67008.0,67080.0,66569.0,66647.0,5496217.266123709,2026-03-08 04:59:59.999000+00:00,-0.005298349303005878,1,0.0012552676409933738,-0.0056760772659733005,-0.0028318531587765428,67056.83333333333,67574.08333333333,251.53243653568285,406.8670241089657,67221.28511886783,67649.76252737995,-428.4774085121171,22.132471728594496,-2.278590493696634,0.21651012796720548,0.47187450798630554,4,6
2026-03-08 05:00:00+00:00,66617.0,67233.0,66617.0,67139.0,6721522.54244125,2026-03-08 05:59:59.999000+00:00,0.007382177742434104,1,-0.005298349303005878,0.0012552676409933738,0.00019329130486500645,67035.16666666667,67537.875,234.63283365632674,405.2367329445292,67208.62586981124,67611.92826609255,-403.30239628131676,36.67136812411847,-0.9843011937780082,0.22293610623251547,0.9409771647717959,5,6
2026-03-08 06:00:00+00:00,67140.0,67225.0,67035.0,67167.0,3857627.76124797,2026-03-08 06:59:59.999000+00:00,0.00041704523451358,1,0.007382177742434104,-0.005298349303005878,-0.0009514040642791821,67028.83333333333,67516.29166666667,229.5904323564098,410.8162054436025,67202.22188984028,67578.97061675237,-376.7487269120902,38.56988082340196,-0.8502382867041569,-0.4260782825780892,-0.25791144295527924,6,6
2026-03-08 07:00:00+00:00,67167.0,67442.0,67153.0,67333.0,5267255.80206714,2026-03-08 07:59:59.999000+00:00,0.002471451754581855,1,0.00041704523451358,0.007382177742434104,0.0014135852987129383,67034.33333333333,67494.875,237.6397833478183,406.19810029596914,67222.34159909563,67560.75057106701,-338.4089719713811,42.18803418803419,-0.39851244966939187,0.3654131834542649,0.3437643880881558,7,6
2026-03-08 08:00:00+00:00,67327.0,67563.0,67168.0,67530.0,5632904.194722299,2026-03-08 08:59:59.999000+00:00,0.0029257570582033043,1,0.002471451754581855,0.00041704523451358,-0.0056760772659733005,67136.33333333333,67483.54166666667,300.69630298609,401.01794154086315,67269.67366077322,67558.47275098797,-288.7990902147576,49.074074074074076,0.11585100944565704,0.0694191446923198,0.4573313211884827,8,6
2026-03-08 09:00:00+00:00,67531.0,67888.0,67463.0,67706.0,6027350.16550922,2026-03-08 09:59:59.999000+00:00,0.0026062490744853672,1,0.0029257570582033043,0.002471451754581855,0.0012552676409933738,67253.66666666667,67471.0,367.6855540123844,388.444948745353,67336.80078988503,67569.40069535923,-232.59990547419875,61.831473643709124,0.6049763312897536,0.07002532923540472,0.5626570117112426,9,6
2026-03-08 10:00:00+00:00,67698.0,68186.0,67698.0,67907.0,6356346.5305977,2026-03-08 10:59:59.999000+00:00,0.0029687176911943336,0,0.0026062490744853672,0.0029257570582033043,-0.005298349303005878,67463.66666666667,67471.66666666667,306.647463105762,389.2100881253386,67424.52374528734,67594.40805125855,-169.88430597120896,60.32,1.1185047526135465,0.054583914332889005,0.6419500355676717,10,6
2026-03-08 11:00:00+00:00,67895.0,67895.0,67427.0,67529.0,7861077.10880954,2026-03-08 11:59:59.999000+00:00,-0.005566436449850554,0,0.0029687176911943336,0.0026062490744853672,0.007382177742434104,67528.66666666667,67451.25,262.17297082105944,371.70889139876624,67440.59701524314,67589.56301042458,-148.9659951814392,51.452870304748394,0.20916906159393006,0.2367288458815897,1.2049915622310965,11,6
2026-03-08 12:00:00+00:00,67529.0,67649.0,66906.0,67324.0,13264440.47914372,2026-03-08 12:59:59.999000+00:00,-0.0030357327962801106,0,-0.005566436449850554,0.0029687176911943336,0.00041704523451358,67554.83333333333,67423.75,223.89766999483518,354.60158284133655,67422.65901289805,67569.89167631905,-147.23266342100396,51.198871650211565,-0.2813016208239327,0.6873566173621277,2.8045885224185563,12,6
2026-03-08 13:00:00+00:00,67325.0,67436.0,66832.0,67245.0,14359259.27623575,2026-03-08 13:59:59.999000+00:00,-0.0011734299803932702,1,-0.0030357327962801106,-0.005566436449850554,0.002471451754581855,67540.16666666667,67395.91666666667,243.3708417808703,340.46425031414486,67395.32685706757,67545.82562622134,-150.49876915376808,49.586492074431426,-0.4432672931957507,0.08253788004201623,2.567492675806246,13,6
2026-03-08 14:00:00+00:00,67236.0,67411.0,67057.0,67341.0,5355365.450245501,2026-03-08 14:59:59.999000+00:00,0.0014276154360919335,0,-0.0011734299803932702,-0.0030357327962801106,0.0029257570582033043,67508.66666666667,67367.33333333333,256.8101762570138,312.8555252109214,67386.96887905718,67530.65335761235,-143.6844785551657,52.31765507839127,-0.08417090705230484,-0.6270444493534211,-0.16061272736842003,14,6
2026-03-08 15:00:00+00:00,67341.0,67362.0,67080.0,67215.0,4675457.372936999,2026-03-08 15:59:59.999000+00:00,-0.001871074085623925,0,0.0014276154360919335,-0.0011734299803932702,0.0026062490744853672,67426.83333333333,67339.0,259.5676532798997,293.1622194304092,67360.512128433,67507.27162741884,-146.75949898584804,48.566610455311974,-0.4229740115930426,-0.1269582969874321,-0.3628602675154552,15,6
2026-03-08 16:00:00+00:00,67214.0,67264.0,66815.0,66877.0,6660674.53415469,2026-03-08 16:59:59.999000+00:00,-0.005028639440601057,1,-0.001871074085623925,0.0014276154360919335,0.0029687176911943336,67255.16666666667,67300.54166666667,215.32154241829934,290.58710862398067,67286.1256471356,67460.58484020263,-174.45919306702854,49.298185552892846,-1.457537702454426,0.42460384147842833,0.20004025197754796,16,6
2026-03-08 17:00:00+00:00,66878.0,67185.0,66807.0,67043.0,4326340.84532273,2026-03-08 17:59:59.999000+00:00,0.0024821687575697915,0,-0.005028639440601057,-0.001871074085623925,-0.005566436449850554,67174.16666666667,67269.41666666667,180.2669316027556,275.4954297785434,67248.72170142243,67429.65262981725,-180.93092839482415,50.68265068265068,-0.821852714031141,-0.3504650582853035,-0.5858736259653882,17,6
2026-03-08 18:00:00+00:00,67057.0,67072.0,66759.0,66831.0,4191713.40170343,2026-03-08 18:59:59.999000+00:00,-0.003162149665140279,1,0.0024821687575697915,-0.005028639440601057,-0.0030357327962801106,67092.0,67238.04166666667,208.46390565967056,280.93546814816966,67184.45682428051,67385.30799057153,-200.85116629101685,53.21678321678322,-1.4488795927041562,-0.031118085336445,-0.6217725695411538,18,6
2026-03-08 19:00:00+00:00,66816.0,67457.0,66783.0,67318.0,10734553.45895154,2026-03-08 19:59:59.999000+00:00,0.007287037452679224,0,-0.003162149665140279,0.0024821687575697915,-0.0011734299803932702,67104.16666666667,67247.5,220.9365669814278,279.58773988253057,67205.00192823735,67380.32221349215,-175.32028525479836,53.134851138353774,0.2521569795214223,1.5608987137787684,1.5281512453898924,19,6
2026-03-08 20:00:00+00:00,67318.0,67505.0,67019.0,67218.0,5651081.32614798,2026-03-08 20:59:59.999000+00:00,-0.0014854867940223837,0,0.007287037452679224,-0.003162149665140279,0.0014276154360919335,67083.66666666667,67240.29166666667,199.20408286367683,277.95252621418945,67207.00163158546,67368.29834582607,-161.29671424061235,50.871199180047824,-0.08019954691648896,-0.47356158337116994,-0.12621485229889126,20,6
2026-03-08 21:00:00+00:00,67219.0,67254.0,66703.0,67003.0,8941010.02708752,2026-03-08 21:59:59.999000+00:00,-0.0031985480079740336,0,-0.0014854867940223837,0.007287037452679224,-0.001871074085623925,67048.33333333333,67221.79166666667,189.83115294806632,278.3718155604209,67175.6167651877,67341.23920909822,-165.62244391051354,44.45564516129033,-0.7859691766071862,0.5821768456448844,0.8796532988334906,21,6
2026-03-08 22:00:00+00:00,67003.0,67003.0,65623.0,66235.0,37800225.8788947,2026-03-08 22:59:59.999000+00:00,-0.011462173335522241,0,-0.0031985480079740336,-0.0014854867940223837,-0.005028639440601057,66941.33333333333,67179.25,385.65303918119514,343.34939098909854,67030.90649362036,67259.29556397983,-228.38907035946613,31.74513673526924,-2.750114095964656,3.227735542670887,4.250442254061173,22,6
2026-03-08 23:00:00+00:00,66235.0,66570.0,65923.0,65975.0,8904673.4898485,2026-03-08 23:59:59.999000+00:00,-0.003925417075564264,1,-0.011462173335522241,-0.0031985480079740336,0.0024821687575697915,66763.33333333333,67125.33333333333,543.5073749544326,421.3764882765355,66868.4593407557,67164.16255924059,-295.703218484894,26.16359129716332,-2.7299419054876233,-0.7644280349440897,0.14365776813312303,23,6
2026-03-09 00:00:00+00:00,65974.0,66749.0,65844.0,66371.0,15484554.63621753,2026-03-09 00:59:59.999000+00:00,0.006002273588480378,0,-0.003925417075564264,-0.011462173335522241,-0.003162149665140279,66686.66666666667,67090.58333333333,564.1066092769438,448.06481635457015,66791.9271344856,67105.40977707462,-313.48264258902054,29.926816518557246,-1.6059804453914002,0.7389244708264961,0.9945908022207134,0,0
2026-03-09 01:00:00+00:00,66361.0,66686.0,66122.0,66206.0,7548376.64821534,2026-03-09 01:59:59.999000+00:00,-0.0024860255231953232,1,0.006002273588480378,-0.003925417075564264,0.007287037452679224,66501.33333333333,67045.0,493.4469238227211,480.3210882011862,66701.7844984109,67038.78683062464,-337.0023322137422,31.69111541655134,-1.7467482078333783,-0.5125221986972684,-0.1560537632912869,1,0
2026-03-09 02:00:00+00:00,66205.0,66700.0,65978.0,66543.0,9668818.1964354,2026-03-09 02:59:59.999000+00:00,0.005090173096093942,1,-0.0024860255231953232,0.006002273588480378,-0.0014854867940223837,66388.83333333333,67029.375,354.8624615681561,490.621062652827,66677.35611403998,67002.061880208,-324.70576616801554,39.57276368491322,-0.9913455353305295,0.2809135854026832,0.1356899307579313,2,0
2026-03-09 03:00:00+00:00,66529.0,67661.0,66511.0,67214.0,16124351.68225392,2026-03-09 03:59:59.999000+00:00,0.01008370527328184,0,0.005090173096093942,-0.0024860255231953232,-0.0031985480079740336,66424.0,67038.20833333333,430.3291762866082,492.0132534915574,66759.91671187998,67017.7610001926,-257.84428831261175,49.64261009914688,0.3572905108128108,0.6676652052676386,0.9770350052929448,3,0
2026-03-09 04:00:00+00:00,67215.0,67605.0,67115.0,67150.0,12355316.86874,2026-03-09 04:59:59.999000+00:00,-0.0009521825810099305,1,0.01008370527328184,0.005090173096093942,-0.011462173335522241,66576.5,67059.16666666667,505.5162707207033,485.29163495694473,66819.9295254369,67027.5564816598,-207.62695622289903,47.781649245063875,0.18717267471834179,-0.23374799109982392,0.40552821931473654,4,0
2026-03-09 05:00:00+00:00,67150.0,68045.0,67126.0,67891.0,11290589.08955522,2026-03-09 05:59:59.999000+00:00,0.011034996276991782,0,-0.0009521825810099305,0.01008370527328184,-0.003925417075564264,66895.83333333333,67090.5,637.4949149834334,514.0924463780505,66984.70959844661,67091.51526079612,-106.80566234950675,56.86991869918699,1.5571129388104892,-0.08617567566224305,0.2283940488983215,5,0
2026-03-09 06:00:00+00:00,67907.0,67930.0,67251.0,67252.0,5308105.80772312,2026-03-09 06:59:59.999000+00:00,-0.00941214593981532,1,0.011034996276991782,-0.0009521825810099305,0.006002273588480378,67042.66666666667,67094.04166666667,592.2910320354322,514.9344811451704,67025.8311986856,67103.40301925567,-77.57182057006867,53.591266040988316,0.30675423596035484,-0.5298645831833894,-0.6331034516519716,6,0
2026-03-09 07:00:00+00:00,67253.0,67556.0,66919.0,67532.0,10934585.46753856,2026-03-09 07:59:59.999000+00:00,0.004163444953309892,1,-0.00941214593981532,0.011034996276991782,-0.0024860255231953232,67263.66666666667,67102.33333333333,447.31048124248747,520.5214497548191,67103.70332196474,67135.15094375524,-31.447621790503035,54.5829428303655,0.8254542956280806,1.0599788066826203,0.13792396485913375,7,0
2026-03-09 08:00:00+00:00,67551.0,67906.0,67385.0,67802.0,13942173.7791112,2026-03-09 08:59:59.999000+00:00,0.0039981046022625755,1,0.004163444953309892,-0.00941214593981532,0.005090173096093942,67473.5,67113.66666666667,318.33802782972185,533.048302406398,67211.133580124,67184.54717014375,26.586409980256576,59.00241053217133,1.2913151213987746,0.27505279651444026,0.5228273940515981,8,0
2026-03-09 09:00:00+00:00,67804.0,68437.0,67564.0,67982.0,7714177.741105,2026-03-09 09:59:59.999000+00:00,0.002654788944278952,0,0.0039981046022625755,0.004163444953309892,0.01008370527328184,67601.5,67125.16666666667,346.30145821580305,549.1179223976836,67329.72841395107,67243.6177501331,86.11066381797718,56.527723161620145,1.5603812922223115,-0.4467019373504918,-0.38926052265634065,9,0
2026-03-09 10:00:00+00:00,67983.0,68073.0,67545.0,67607.0,5052331.243046151,2026-03-09 10:59:59.999000+00:00,-0.005516166043952775,1,0.002654788944278952,0.0039981046022625755,-0.0009521825810099305,67677.66666666667,67112.66666666667,268.69809569288736,533.7460449731025,67372.38558103553,67270.53495382694,101.85062720859423,53.628054467450106,0.9261583069121193,-0.3450590053007463,-0.7637852223347122,10,0
2026-03-09 11:00:00+00:00,67607.0,67866.0,67345.0,67757.0,7823829.922953701,2026-03-09 11:59:59.999000+00:00,0.0022187051636664012,1,-0.005516166043952775,0.002654788944278952,0.011034996276991782,67655.33333333333,67122.16666666667,252.50082500658354,543.4198205752153,67431.55703010698,67306.56940169161,124.98762841537246,57.118580060422964,1.168218952082666,0.5485583875210365,-0.36316321582018757,11,0
2026-03-09 12:00:00+00:00,67757.0,68323.0,67757.0,68137.0,8694368.191870641,2026-03-09 12:59:59.999000+00:00,0.005608276635624465,1,0.0022187051636664012,-0.005516166043952775,-0.00941214593981532,67802.83333333333,67156.04166666667,226.9673250246899,580.6153765828553,67540.08671778283,67368.08277934408,172.00393843874917,69.37652811735941,1.6895149059031906,0.11126753488888341,-0.2105555004447304,12,0
2026-03-09 13:00:00+00:00,68137.0,69299.0,68130.0,68996.0,26193221.39373192,2026-03-09 13:59:59.999000+00:00,0.012606953637524398,1,0.005608276635624465,0.0022187051636664012,0.004163444953309892,68046.83333333333,67229.0,500.13014968968645,691.6712588936747,67764.07337658547,67488.66924013341,275.4041364520526,77.42872707463229,2.554681833717233,2.0126653042164646,2.045610875898976,13,0
2026-03-09 14:00:00+00:00,68996.0,69497.0,68715.0,69164.0,29759848.502276,2026-03-09 14:59:59.999000+00:00,0.0024349237636964727,0,0.012606953637524398,0.005608276635624465,0.0039981046022625755,68273.83333333333,67304.95833333333,652.6246751605465,796.6401991042608,67979.44670326462,67612.76781493834,366.67888832627796,76.45387383974237,2.3336026336067035,0.13616603528566285,2.1422703146729454,14,0
2026-03-09 15:00:00+00:00,69174.0,69301.0,68777.0,68907.0,16246683.43474992,2026-03-09 15:59:59.999000+00:00,-0.003715805910589287,1,0.0024349237636964727,0.012606953637524398,0.002654788944278952,68428.0,67375.45833333333,678.6345113252016,860.6311626552115,68122.14721045468,67708.63686568366,413.51034477102803,75.1442934276671,1.779556368771929,-0.45407371836898325,0.4910343017876743,15,0
2026-03-09 16:00:00+00:00,68894.0,69258.0,68675.0,68982.0,17238569.94342258,2026-03-09 16:59:59.999000+00:00,0.0010884235273629361,0,-0.003715805910589287,0.0024349237636964727,-0.005516166043952775,68657.16666666667,67463.16666666667,569.2969055142001,913.2756936974316,68254.43225500012,67802.9600608182,451.4721941819298,73.8696418085731,1.6630611586565647,0.06105163017770865,0.5584370749034993,16,0
2026-03-09 17:00:00+00:00,68983.0,69093.0,68296.0,68610.0,10744636.8870042,2026-03-09 17:59:59.999000+00:00,-0.005392711142037099,0,0.0010884235273629361,-0.003715805910589287,0.0022187051636664012,68799.33333333333,67528.45833333333,371.7933117041088,937.6205303868445,68309.1349850001,67862.74079705388,446.3941879462218,64.51143451143452,1.1534961443521803,-0.3767094995542919,-0.257542754969194,17,0
2026-03-09 18:00:00+00:00,68609.0,68720.0,68258.0,68378.0,12383555.591716738,2026-03-09 18:59:59.999000+00:00,-0.0033814312782393108,1,-0.005392711142037099,0.0010884235273629361,0.005608276635624465,68839.5,67592.91666666667,289.9336130240916,940.7582009733394,68319.72960269239,67900.90814542025,418.82145727213356,62.33427079148252,0.8345219127731817,0.1525336520859848,-0.10123912483403834,18,0
2026-03-09 19:00:00+00:00,68386.0,69575.0,68386.0,69027.0,40438630.860951535,2026-03-09 19:59:59.999000+00:00,0.009491356869168355,0,-0.0033814312782393108,-0.005392711142037099,0.012606953637524398,68844.66666666667,67664.125,293.53409789641995,982.7848325645451,68428.54043304741,67984.3223568706,444.2180761768104,61.625051166598446,1.3867481007451263,2.265510503946105,2.686584625616192,19,0
2026-03-09 20:00:00+00:00,69020.0,69187.0,68792.0,68994.0,21072511.084589463,2026-03-09 20:59:59.999000+00:00,-0.00047807379720976595,0,0.009491356869168355,-0.0033814312782393108,0.0024349237636964727,68816.33333333333,67738.125,263.181052942443,1014.0970415732685,68515.53421257858,68059.11329339871,456.4209191798727,70.35046728971963,1.238416984287458,-0.47890147030329955,0.6262636983499268,20,0
2026-03-09 21:00:00+00:00,68981.0,69126.0,68693.0,68958.0,5335640.08010748,2026-03-09 21:59:59.999000+00:00,-0.0005217845030002222,0,-0.00047807379720976595,0.009491356869168355,-0.003715805910589287,68824.83333333333,67819.58333333333,267.4833950507665,1030.860126978614,68583.60587218188,68125.6974938877,457.9083782941889,67.66600594648168,1.1043366960009393,-0.7467961906063731,-0.986644087529451,21,0
2026-03-09 22:00:00+00:00,68927.0,69044.0,68618.0,68648.0,3965379.89771648,2026-03-09 22:59:59.999000+00:00,-0.004495490008410874,0,-0.0005217845030002222,-0.00047807379720976595,0.0010884235273629361,68769.16666666667,67920.125,262.94974163885496,986.302551335658,68593.51266107698,68164.38656841453,429.1260926624527,60.377821393523064,0.7379834909828697,-0.25681270884437135,-1.1040546713739947,22,0
2026-03-09 23:00:00+00:00,68648.0,68708.0,68400.0,68453.0,3101660.08835144,2026-03-09 23:59:59.999000+00:00,-0.0028405780212096277,1,-0.004495490008410874,-0.0005217845030002222,-0.005392711142037099,68743.0,68023.375,288.5245222876217,899.7299987203763,68571.8953286036,68185.76534112456,386.12998747904203,55.75653874358348,0.47750436309895844,-0.2178151480170727,-1.1477287896399424,23,0
2026-03-10 00:00:00+00:00,68453.0,69287.0,68400.0,69166.0,8071775.5443789,2026-03-10 00:59:59.999000+00:00,0.010415905803982328,1,-0.0028405780212096277,-0.004495490008410874,-0.0033814312782393108,68874.33333333333,68139.83333333333,267.7481402882827,856.3971887347548,68663.29604727996,68258.37531585607,404.92073142388836,67.5999096861594,1.1982368463665032,1.6024049426605997,-0.548732496884749,0,1
2026-03-10 01:00:00+00:00,69166.0,69379.0,68825.0,69272.0,9502131.18928696,2026-03-10 01:59:59.999000+00:00,0.0015325448919989437,1,0.010415905803982328,-0.0028405780212096277,0.009491356869168355,68915.16666666667,68267.58333333333,310.8931755889691,780.7181708300141,68756.94280923689,68333.45862579266,423.4841834442341,67.27480045610034,1.2865291268920183,0.17720458615875967,-0.39918243706973816,1,1
2026-03-10 02:00:00+00:00,69272.0,70572.0,69112.0,70276.0,23014249.06914,2026-03-10 02:59:59.999000+00:00,0.014493590483889651,0,0.0015325448919989437,0.010415905803982328,-0.00047807379720976595,69128.83333333333,68423.125,641.0935708830546,793.9415328310404,68990.64391550813,68477.35057943764,513.2933360704919,71.35156717907766,2.333767567736392,1.4220091904316243,1.0396531002514977,2,1
2026-03-10 03:00:00+00:00,70275.0,70376.0,69405.0,69439.0,11310797.78961979,2026-03-10 03:59:59.999000+00:00,-0.011910182708179229,1,0.014493590483889651,0.0015325448919989437,-0.0005217845030002222,69209.0,68515.83333333333,645.5174668131311,776.3245436329483,69059.62177466073,68548.58386984967,511.0379048110626,54.441548024864645,1.1891504323005806,-0.508530660477359,-0.23027156795591094,3,1
2026-03-10 04:00:00+00:00,69440.0,70116.0,69440.0,70072.0,7776942.70052952,2026-03-10 04:59:59.999000+00:00,0.009115914687711557,0,-0.011910182708179229,0.014493590483889651,-0.004495490008410874,69446.33333333333,68637.58333333333,659.6285823304463,781.9161478472996,69215.37227086678,68661.42950912006,553.9427617467154,58.32721936903889,1.834489120880515,-0.31243199240405306,-0.5948675690375044,4,1
2026-03-10 05:00:00+00:00,70074.0,70353.0,69908.0,69971.0,7472774.30455589,2026-03-10 05:59:59.999000+00:00,-0.0014413745861400207,0,0.009115914687711557,-0.011910182708179229,-0.0028405780212096277,69699.33333333333,68724.25,464.7707678275631,810.3242104445125,69331.62269073342,68758.43473066672,573.1879600667016,60.04531722054381,1.5385816984489225,-0.039111564490878936,-0.6062607050196719,5,1
2026-03-10 06:00:00+00:00,69973.0,70184.0,69781.0,69915.0,6705385.654847549,2026-03-10 06:59:59.999000+00:00,-0.0008003315659345089,1,-0.0014413745861400207,0.009115914687711557,0.010415905803982328,69824.16666666667,68835.20833333333,386.94362202638564,781.7835227189831,69421.3730460052,68844.10623209881,577.2668139063899,58.84025014212621,1.3811901060682872,-0.10269126544347673,-0.699639198090108,6,1
2026-03-10 07:00:00+00:00,69913.0,70531.0,69835.0,70408.0,9923793.20482368,2026-03-10 07:59:59.999000+00:00,0.0070514195809197044,1,-0.0008003315659345089,-0.0014413745861400207,0.0015325448919989437,70013.5,68955.04166666667,337.49592584213866,793.6691610895151,69573.16180815824,68959.9502149063,613.2115932519373,66.65431641348647,1.830685132503787,0.4799735191441876,-0.3426482600410961,7,1
2026-03-10 08:00:00+00:00,70415.0,71091.0,70385.0,70698.0,18832822.3630059,2026-03-10 08:59:59.999000+00:00,0.00411885013066704,1,0.0070514195809197044,-0.0008003315659345089,0.014493590483889651,70083.83333333333,69075.70833333333,433.4676073556573,830.0574877180354,69746.21383767236,69088.69464343177,657.5191942405945,71.26099706744868,1.9544329045529343,0.8977443377046377,0.6029725010506195,8,1
2026-03-10 09:00:00+00:00,70695.0,71295.0,70668.0,71072.0,8882791.85346848,2026-03-10 09:59:59.999000+00:00,0.005290107216611606,0,0.00411885013066704,0.0070514195809197044,-0.011910182708179229,70356.0,69204.45833333333,459.4966811193543,890.482037440287,69950.18093956892,69235.60615132572,714.5747882432042,69.73557228334298,2.097225534200518,-0.528334538379265,-0.4814102338717923,9,1
2026-03-10 10:00:00+00:00,71072.0,71083.0,70693.0,70780.0,7511572.1083872,2026-03-10 10:59:59.999000+00:00,-0.004108509680324168,0,0.005290107216611606,0.00411885013066704,0.009115914687711557,70474.0,69336.66666666667,462.874064902741,878.462127863709,70077.84541040446,69350.00569567196,727.8397147325013,66.41544117647058,1.6430228322344451,-0.15436810494955555,-0.6473122890023608,10,1
2026-03-10 11:00:00+00:00,70781.0,70880.0,70564.0,70617.0,4828355.23189326,2026-03-10 11:59:59.999000+00:00,-0.0023029104266741873,0,-0.004108509680324168,0.005290107216611606,-0.0014413745861400207,70581.66666666667,69455.83333333333,392.2115075136739,848.3254946502037,70160.79227034224,69443.85712562219,716.9351447200461,64.90030537093587,1.368774926592845,-0.3572110921358179,-0.9177170293140436,11,1
2026-03-10 12:00:00+00:00,70617.0,70639.0,70319.0,70531.0,7655449.0013682,2026-03-10 12:59:59.999000+00:00,-0.0012178370647294434,0,-0.0023029104266741873,-0.004108509680324168,-0.0008003315659345089,70684.33333333333,69555.58333333333,229.7952711133337,826.98908651892,70217.7473056742,69524.38622742795,693.3610782462492,67.62118659928879,1.1794794908026345,0.5855190087922344,-0.6048457385645126,12,1
2026-03-10 13:00:00+00:00,70539.0,70937.0,69747.0,69942.0,29943755.38157466,2026-03-10 13:59:59.999000+00:00,-0.008350937885468812,1,-0.0012178370647294434,-0.0023029104266741873,0.0070514195809197044,70606.66666666667,69595.0,374.8427225198924,821.6856481002237,70175.3246432628,69555.32058095181,620.0040623109817,62.97716576607983,0.42230261755487697,2.911430325801013,1.7402226568661976,13,1
2026-03-10 14:00:00+00:00,69958.0,71528.0,69281.0,71450.0,37568652.2776615,2026-03-10 14:59:59.999000+00:00,0.02156072174087109,0,-0.008350937885468812,-0.0012178370647294434,0.00411885013066704,70732.0,69690.25,512.0847585696531,898.4617409473336,70371.42854429928,69695.66720458501,675.7613397142704,67.48315982853643,1.9586254147500242,0.254640635381983,2.337888635536787,14,1
2026-03-10 15:00:00+00:00,71460.0,71775.0,70928.0,71364.0,15548929.13758572,2026-03-10 15:59:59.999000+00:00,-0.0012036389083275312,0,0.02156072174087109,-0.008350937885468812,0.005290107216611606,70780.66666666667,69792.625,562.2752587709709,944.1534884375425,70524.13184517632,69819.24741165279,704.8844335235335,66.06265356265357,1.6643215528445823,-0.5861195918696507,0.18131944017503798,15,1
2026-03-10 16:00:00+00:00,71363.0,71727.0,70966.0,71285.0,18875830.604507048,2026-03-10 16:59:59.999000+00:00,-0.001107000728658658,0,-0.0012036389083275312,0.02156072174087109,-0.004108509680324168,70864.83333333333,69888.58333333333,598.7678737423096,974.7211827000575,70641.18848437996,69927.82167745629,713.3668069236737,59.02989081797028,1.4326319068992457,0.21396338213924704,0.4996330747394474,16,1
2026-03-10 17:00:00+00:00,71284.0,71466.0,70531.0,70886.0,16855846.53994254,2026-03-10 17:59:59.999000+00:00,-0.005597250473451609,0,-0.001107000728658658,-0.0012036389083275312,-0.0023029104266741873,70909.66666666667,69983.41666666667,586.4437454912843,955.4442588818785,70678.85179447535,69998.79784949656,680.0539449787902,64.0512720916683,0.9446739827497512,-0.10701431406585038,0.2771392980760365,17,1
2026-03-10 18:00:00+00:00,70886.0,70933.0,69915.0,70040.0,30122159.6346584,2026-03-10 18:59:59.999000+00:00,-0.011934655644273873,1,-0.005597250473451609,-0.001107000728658658,-0.0012178370647294434,70827.83333333333,70052.66666666667,677.1015925442207,892.1600882883808,70580.5669030176,70001.84986064497,578.7170423726348,49.70160387914957,-0.014197750866632759,0.7870451990221479,1.432347675329755,18,1
2026-03-10 19:00:00+00:00,70026.0,70297.0,69749.0,70050.0,27688688.9176425,2026-03-10 19:59:59.999000+00:00,0.00014277555682462584,1,-0.011934655644273873,-0.005597250473451609,-0.008350937885468812,70845.83333333333,70095.29166666667,649.7249930746882,865.0521712615498,70498.94122563029,70005.41653763423,493.5246879960614,50.74938341870614,-0.052357150437089085,-0.0807867279946276,1.3932397379879073,19,1
2026-03-10 20:00:00+00:00,70057.0,70355.0,70018.0,70251.0,23999499.05240676,2026-03-10 20:59:59.999000+00:00,0.002869379014989404,0,0.00014277555682462584,-0.011934655644273873,0.02156072174087109,70646.0,70147.66666666667,609.9052385079318,832.9313696896334,70460.79642168716,70023.60790521688,437.1885164702835,53.10192023633678,0.1240598410548909,-0.1332381564258568,0.987608484492138,20,1
2026-03-10 21:00:00+00:00,70251.0,70433.0,69556.0,69777.0,17873873.56478448,2026-03-10 21:59:59.999000+00:00,-0.0067472349148054445,0,0.002869379014989404,0.00014277555682462584,-0.0012036389083275312,70381.5,70181.79166666667,579.6201341910569,798.1215979356339,70355.59697219683,70005.34065297859,350.2563192182424,44.15415971836205,-0.507180444325373,-0.25523972288946517,0.31233441491145936,21,1
2026-03-10 22:00:00+00:00,69773.0,69876.0,69465.0,69711.0,8282842.28291553,2026-03-10 22:59:59.999000+00:00,-0.0009458704157530029,1,-0.0067472349148054445,0.002869379014989404,-0.001107000728658658,70119.16666666667,70226.08333333333,424.29773346856825,736.4132178896984,70256.42820724347,69983.53764164684,272.8905655966373,40.460081190798384,-0.6994487888326834,-0.5365950053918598,-0.718855118518861,22,1
2026-03-10 23:00:00+00:00,69711.0,69980.0,69708.0,69963.0,7912510.58804721,2026-03-10 23:59:59.999000+00:00,0.003614924473899439,1,-0.0009458704157530029,-0.0067472349148054445,-0.005597250473451609,69965.33333333333,70289.0,197.23556126293443,635.9992479749708,70211.2854061291,69982.01633485818,229.26907127091545,39.02197584636705,-0.5125792224408879,-0.04471070222261486,-0.7977786436594828,23,1
2026-03-11 00:00:00+00:00,69958.0,70175.0,69768.0,70036.0,9684232.14208052,2026-03-11 00:59:59.999000+00:00,0.0010434086588624325,1,0.003614924473899439,-0.0009458704157530029,-0.011934655644273873,69964.66666666667,70325.25,196.9392460295952,592.5159509417468,70184.31842057078,69986.01512486869,198.30329570209142,42.30132450331126,-0.48817251171089165,0.22391395680527815,-0.615896132769666,0,2
2026-03-11 01:00:00+00:00,70036.0,70146.0,69887.0,70089.0,3474929.97315387,2026-03-11 01:59:59.999000+00:00,0.0007567536695414212,0,0.0010434086588624325,0.003614924473899439,0.00014277555682462584,69971.16666666667,70359.29166666667,200.9222900195488,551.4169477889025,70169.65404817527,69993.64363413767,176.0104140376061,44.40914866581957,-0.4901765673878899,-0.6411765102104078,-1.23344319083695,1,2
2026-03-11 02:00:00+00:00,70083.0,70125.0,69639.0,69826.0,7003403.33140252,2026-03-11 02:59:59.999000+00:00,-0.003752371984191538,0,0.0007567536695414212,0.0010434086588624325,0.002869379014989404,69900.33333333333,70340.54166666667,151.33494846453297,561.9229390577076,70116.78419460985,69981.2255871645,135.55860744534584,42.80465401102266,-0.9156801242702601,1.0154084788782618,-0.7889141041372709,2,2
2026-03-11 03:00:00+00:00,69817.0,69895.0,69503.0,69561.0,4722806.01243933,2026-03-11 03:59:59.999000+00:00,-0.003795147939163024,1,-0.003752371984191538,0.0007567536695414212,-0.0067472349148054445,69864.33333333333,70345.625,203.30830437243634,553.9073703666539,70031.27893390064,69950.09776589306,81.18116800757707,45.83606557377049,-1.4165274592403865,-0.3256412933890631,-0.9829257163251187,3,2
2026-03-11 04:00:00+00:00,69562.0,70263.0,69510.0,70152.0,6961803.05878272,2026-03-11 04:59:59.999000+00:00,0.008496140078492198,0,-0.003795147939163024,-0.003752371984191538,-0.0009458704157530029,69937.83333333333,70348.95833333333,216.1012878877151,552.4278806797325,70049.85140560823,69965.05348693802,84.79791867021413,32.25806451612904,-0.3565322103058628,0.4740819420586253,-0.7435236267395191,4,2
2026-03-11 05:00:00+00:00,70134.0,70189.0,69427.0,69511.0,7130615.72063386,2026-03-11 05:59:59.999000+00:00,-0.00913730185882089,1,0.008496140078492198,-0.003795147939163024,0.003614924473899439,69862.5,70329.79166666667,276.04401815676215,573.6824586409176,69966.95118936081,69931.41989531298,35.53129404783249,28.00854497982435,-1.427255887527797,0.02424841099723052,-0.7236543353484787,5,2
2026-03-11 06:00:00+00:00,69512.0,69997.0,69512.0,69965.0,3696981.41328565,2026-03-11 06:59:59.999000+00:00,0.0065313403633957545,0,-0.00913730185882089,0.008496140078492198,0.0010434086588624325,69850.66666666667,70331.875,268.53876187025236,572.1995176422038,69966.65100638222,69933.90731047498,32.74369590723654,35.61464690496949,-0.6411662168324421,-0.48153405566539,-1.0549047912868281,6,2
2026-03-11 07:00:00+00:00,69962.0,70007.0,69516.0,69666.0,6656543.0088509405,2026-03-11 07:59:59.999000+00:00,-0.004273565354105613,0,0.0065313403633957545,-0.00913730185882089,0.0007567536695414212,69780.16666666667,70300.95833333333,248.21073028149561,587.7420669522583,69920.39700540034,69914.06232451387,6.334680886473507,36.40819964349376,-1.0803350126457862,0.8005346158705771,-0.7305163572205415,7,2
2026-03-11 08:00:00+00:00,69665.0,69788.0,69513.0,69661.0,5951996.26858639,2026-03-11 08:59:59.999000+00:00,-7.177102173228089e-05,0,-0.004273565354105613,0.0065313403633957545,-0.003752371984191538,69752.66666666667,70257.75,251.2390627010434,595.352818257639,69880.48977380029,69895.31696714247,-14.827193342178361,44.80394845078146,-1.0023468130149278,-0.10584273838954295,-0.742628173555894,8,2
2026-03-11 09:00:00+00:00,69644.0,69754.0,69398.0,69459.0,4745769.11309124,2026-03-11 09:59:59.999000+00:00,-0.0028997573965346968,1,-7.177102173228089e-05,-0.004273565354105613,-0.003795147939163024,69735.66666666667,70190.54166666667,269.5831349081662,590.4613508354778,69815.64519321563,69862.99719179858,-47.351998582948,42.30268299036208,-1.2389323460910202,-0.2026592593583113,-0.8375247607731124,9,2
2026-03-11 10:00:00+00:00,69467.0,69720.0,69394.0,69611.0,4136239.85912082,2026-03-11 10:59:59.999000+00:00,0.002188341323658527,0,-0.0028997573965346968,-7.177102173228089e-05,0.008496140078492198,69645.5,70141.83333333333,177.08952526993448,587.9327576199504,69784.1613173363,69844.33073314684,-60.16941581053834,41.55672823218997,-0.9028810292561859,-0.12843634813354665,-0.8752207335142371,10,2
2026-03-11 11:00:00+00:00,69611.0,69679.0,69172.0,69186.0,7531067.85216942,2026-03-11 11:59:59.999000+00:00,-0.006105356911982329,1,0.002188341323658527,-0.0028997573965346968,-0.00913730185882089,69591.33333333333,70082.20833333333,257.7787163965401,609.8041010135922,69692.13649928456,69795.56549365447,-103.42899436991138,42.101042502004816,-1.4696659662401195,0.8207522069985052,-0.5544892303086981,11,2
2026-03-11 12:00:00+00:00,69186.0,69775.0,68991.0,69358.0,20555185.98341848,2026-03-11 12:59:59.999000+00:00,0.0024860520914635753,1,-0.006105356911982329,0.002188341323658527,0.0065313403633957545,69490.16666666667,70033.33333333333,192.6960472535516,619.2048664319133,69640.73088401002,69763.15323486525,-122.42235085523862,45.41200935794125,-1.090646036464229,1.7293853125353662,0.6893933547616381,12,2
2026-03-11 13:00:00+00:00,69360.0,71090.0,69339.0,70190.0,39089875.4692526,2026-03-11 13:59:59.999000+00:00,0.011995732287551464,1,0.0024860520914635753,-0.006105356911982329,-0.004273565354105613,69577.5,70043.66666666667,346.0478290069037,619.6835564150716,69725.23382493155,69794.77151376412,-69.53768883256998,52.563812965891124,0.23614203058716088,0.9017038085077771,2.313235122489297,13,2
2026-03-11 14:00:00+00:00,70189.0,70988.0,69991.0,70592.0,46681218.86705472,2026-03-11 14:59:59.999000+00:00,0.0057273115828464505,0,0.011995732287551464,0.0024860520914635753,-7.177102173228089e-05,69732.66666666667,70007.91666666667,543.41942054633,556.5577368423101,69858.58246724977,69853.82547570752,4.756991542250034,55.84524810765348,1.0494568571576919,0.19420229168479541,2.7322040393342113,14,2
2026-03-11 15:00:00+00:00,70592.0,70674.0,69706.0,70240.0,25520832.265408,2026-03-11 15:59:59.999000+00:00,-0.00498640072529466,1,0.0057273115828464505,0.011995732287551464,-0.0028997573965346968,69862.83333333333,69961.08333333333,558.0961983625996,479.4317212164505,69917.26208767288,69882.43099602548,34.83109164740017,51.49357072205737,0.5817651488703813,-0.4532955033138748,0.8907768082120138,15,2
2026-03-11 16:00:00+00:00,70251.0,70842.0,70181.0,70584.0,21250213.519389357,2026-03-11 16:59:59.999000+00:00,0.004897494305239114,1,-0.00498640072529466,0.0057273115828464505,0.002188341323658527,70025.0,69931.875,609.2995978662468,411.85975999453046,70019.83715110781,69934.39907039396,85.43808071385138,57.37928348909657,1.583366629477617,-0.16733853745856164,0.5258313873605943,16,2
2026-03-11 17:00:00+00:00,70584.0,71335.0,70504.0,70788.0,24400607.63518236,2026-03-11 17:59:59.999000+00:00,0.0028901734104045396,0,0.004897494305239114,-0.00498640072529466,-0.006105356911982329,70292.0,69927.79166666667,511.2228476503448,402.3652870484612,70138.01605093738,69997.6287688833,140.38728205408552,62.08866995073892,2.1378790890321615,0.1482523511078364,0.7512093908503028,17,2
2026-03-11 18:00:00+00:00,70799.0,70917.0,70436.0,70636.0,17128155.88496776,2026-03-11 18:59:59.999000+00:00,-0.002147256597163416,1,0.0028901734104045396,0.004897494305239114,0.0024860520914635753,70505.0,69952.625,236.8586075267991,427.21635002519844,70214.62896617778,70044.91552674379,169.71343943399552,55.220017256255396,1.5995993598084264,-0.2980438790273695,0.20788449263130615,18,2
2026-03-11 19:00:00+00:00,70636.0,70767.0,70397.0,70668.0,19150188.45497316,2026-03-11 19:59:59.999000+00:00,0.0004530267852087544,0,-0.002147256597163416,0.0028901734104045396,0.011995732287551464,70584.66666666667,69978.375,184.26792077333752,451.28722290239546,70284.37835599658,70091.06993217017,193.30842382641276,64.36553265458159,1.528128794705877,0.11805313914617077,0.4190259240424972,19,2
2026-03-11 20:00:00+00:00,70668.0,70721.0,70412.0,70640.0,14095675.8734816,2026-03-11 20:59:59.999000+00:00,-0.0003962189392653359,1,0.0004530267852087544,-0.002147256597163416,0.0057273115828464505,70592.66666666667,69994.58333333333,185.68647399883994,468.17415154849726,70339.08937815095,70131.73141867608,207.3579594748735,59.37239655651208,1.3785824452972049,-0.2639406183064973,0.017094467680873505,20,2
2026-03-11 21:00:00+00:00,70640.0,70796.0,70512.0,70761.0,7369923.5043048,2026-03-11 21:59:59.999000+00:00,0.0017129105322764016,0,-0.0003962189392653359,0.0004530267852087544,-0.00498640072529466,70679.5,70035.58333333333,78.89169765810391,490.82937051565136,70403.99870458926,70178.34390618156,225.65479840770422,65.99474145486415,1.4779406250782618,-0.47715004442107356,-0.5346648030933719,21,2
2026-03-11 22:00:00+00:00,70762.0,70961.0,70253.0,70380.0,13592406.8365182,2026-03-11 22:59:59.999000+00:00,-0.005384321872217712,0,0.0017129105322764016,-0.0003962189392653359,0.004897494305239114,70645.5,70063.45833333333,144.75047481583144,490.59103472455865,70400.30659619092,70193.28139461255,207.0252015783626,59.46301658331139,0.645225135115633,0.8443077229470324,-0.008173834675048279,22,2
2026-03-11 23:00:00+00:00,70380.0,70518.0,70142.0,70196.0,6111067.6464152,2026-03-11 23:59:59.999000+00:00,-0.002614379084967311,1,-0.005384321872217712,0.0017129105322764016,0.0028901734104045396,70546.83333333333,70073.16666666667,213.58690649514125,490.82199607432057,70368.87481216155,70193.4827727894,175.39203937214916,59.74609891563079,0.25026044944148956,-0.5504057728763071,-0.6583882872862125,23,2
2026-03-12 00:00:00+00:00,70196.0,70354.0,70142.0,70236.0,5214867.2966210395,2026-03-12 00:59:59.999000+00:00,0.0005698330389196649,0,-0.002614379084967311,-0.005384321872217712,-0.002147256597163416,70480.16666666667,70081.5,240.8720959891865,491.86026642274953,70348.43253336746,70196.63219702723,151.80033634023857,58.51730716816572,0.31411360206764216,-0.14665200937840683,-0.7142598369062062,0,3
2026-03-12 01:00:00+00:00,70228.0,70230.0,69765.0,69838.0,9128082.42427618,2026-03-12 01:59:59.999000+00:00,-0.0056666097158152295,0,0.0005698330389196649,-0.002614379084967311,0.0004530267852087544,70341.83333333333,70071.04166666667,332.3783486124613,494.35601311195165,70269.90445131093,70170.06684909928,99.83760221164266,58.95112575507962,-0.47140453536649307,0.7503959171100478,-0.3996891691567922,1,3
2026-03-12 02:00:00+00:00,69838.0,69889.0,69240.0,69297.0,10260006.82751091,2026-03-12 02:59:59.999000+00:00,-0.007746499040636956,1,-0.0056666097158152295,0.0005698330389196649,-0.0003962189392653359,70118.0,70049.0,500.9075762652046,517.0298115517738,70120.22684341694,70105.39523064748,14.831612769456115,49.23959112440788,-1.4544615865437325,0.12400462119232958,-0.3135806805612787,2,3
2026-03-12 03:00:00+00:00,69299.0,69614.0,69262.0,69433.0,8044159.22766274,2026-03-12 03:59:59.999000+00:00,0.0019625669220890707,0,-0.007746499040636956,-0.0056666097158152295,0.0017129105322764016,69896.66666666667,70043.66666666667,450.86302423990287,522.9093084597357,70014.49963673741,70055.58817652545,-41.08853978803381,38.58220211161388,-1.167825197959147,-0.21596940792540753,-0.5269122437377537,3,3
2026-03-12 04:00:00+00:00,69448.0,69664.0,69305.0,69387.0,7065025.69950909,2026-03-12 04:59:59.999000+00:00,-0.0006625091815131157,1,0.0019625669220890707,-0.007746499040636956,-0.005384321872217712,69731.16666666667,70011.79166666667,419.09302860690065,539.0844072449951,69917.9612310855,70006.06312641245,-88.10189532695222,29.638391348428527,-1.1589867157532632,-0.12171980942228833,-0.6150522350653711,4,3
2026-03-12 05:00:00+00:00,69379.0,69540.0,69222.0,69480.0,4457405.0408580005,2026-03-12 05:59:59.999000+00:00,0.0013403087033594385,1,-0.0006625091815131157,0.0019625669220890707,-0.002614379084967311,69611.83333333333,70010.5,357.705698342946,540.3720939744029,69850.58258014928,69967.09548741893,-116.51290726965817,35.925925925925924,-0.9817309330283985,-0.36908863032618244,-0.8322020337156937,5,3
2026-03-12 06:00:00+00:00,69481.0,69547.0,69363.0,69488.0,4742775.98719504,2026-03-12 06:59:59.999000+00:00,0.00011514104778354017,1,0.0013403087033594385,-0.0006625091815131157,0.0005698330389196649,69487.16666666667,69990.625,185.61618094102354,550.7900106354806,69794.8006447417,69931.60693279532,-136.8062880536163,26.81895093062606,-0.9125528609716258,0.06402176686238703,-0.813539402861033,6,3
2026-03-12 07:00:00+00:00,69494.0,69853.0,69428.0,69833.0,8576647.05024685,2026-03-12 07:59:59.999000+00:00,0.004964886023486104,1,0.00011514104778354017,0.0013403087033594385,-0.0056666097158152295,69486.33333333333,69997.58333333333,183.72769695157876,547.555986103053,69800.67746862759,69924.30271555122,-123.62524692363513,30.938123752495002,-0.3005780915750102,0.8083601404331195,-0.4809556358764196,7,3
2026-03-12 08:00:00+00:00,69830.0,70121.0,69715.0,69909.0,8959624.572480328,2026-03-12 08:59:59.999000+00:00,0.0010883106840604562,1,0.004964886023486104,0.00011514104778354017,-0.007746499040636956,69588.33333333333,70007.91666666667,223.228731634251,543.2510762348633,69817.34247345412,69923.16918106595,-105.82670761183545,35.03499382461919,-0.18208278086117766,0.04465352485531704,-0.46107123782207216,8,3
2026-03-12 09:00:00+00:00,69925.0,70386.0,69597.0,69971.0,10351916.11827351,2026-03-12 09:59:59.999000+00:00,0.0008868672130912802,1,0.0010883106840604562,0.004964886023486104,0.0019625669220890707,69678.0,70029.25,254.25184357303584,530.6653124704284,69840.98209292271,69926.7122046907,-85.730111767989,35.82757218381455,-0.10976786805383291,0.15539619261164517,-0.361424059423472,9,3
2026-03-12 10:00:00+00:00,69968.0,70508.0,69866.0,70423.0,9119898.021211367,2026-03-12 10:59:59.999000+00:00,0.006459819067899497,1,0.0008868672130912802,0.0010883106840604562,-0.0006625091815131157,69850.66666666667,70063.08333333333,350.6226841303906,528.7213382959917,69930.52330939614,69963.4742636025,-32.95095420636062,46.236559139784944,0.6807303594491603,-0.11901353169654727,-0.5000082060059984,10,3
2026-03-12 11:00:00+00:00,70422.0,70805.0,70378.0,70458.0,9640998.95899884,2026-03-12 11:59:59.999000+00:00,0.0004969967198216185,0,0.006459819067899497,0.0008868672130912802,0.0013403087033594385,70013.66666666667,70116.08333333333,370.60149301730553,499.9492075114015,70011.67356948904,70000.10579963194,11.56776985709439,44.58348230246693,0.6839028075844565,0.05713889964289942,-0.4620516551743618,11,3
2026-03-12 12:00:00+00:00,70442.0,70628.0,70298.0,70396.0,4262766.4566861205,2026-03-12 12:59:59.999000+00:00,-0.0008799568537284364,0,0.0004969967198216185,0.006459819067899497,0.00011514104778354017,70165.0,70159.33333333333,289.54101602338847,475.8334259189251,70070.80071264457,70029.43129595551,41.369416689063655,50.3228410008071,0.49737293299566554,-0.5578501278949641,-0.8894441538282347,12,3
2026-03-12 13:00:00+00:00,70404.0,70528.0,69731.0,69990.0,34208174.1298557,2026-03-12 13:59:59.999000+00:00,-0.00576737314620146,0,-0.0008799568537284364,0.0004969967198216185,0.004964886023486104,70191.16666666667,70151.0,259.022328432318,477.02283232049723,70058.36983377617,70026.51045921806,31.859374558116542,46.185185185185176,-0.33751005002592616,7.024876445248463,1.9682131448247189,13,3
2026-03-12 14:00:00+00:00,70005.0,70672.0,69376.0,69612.0,48548681.251670405,2026-03-12 14:59:59.999000+00:00,-0.00540077153879126,1,-0.00576737314620146,-0.0008799568537284364,0.0010883106840604562,70141.66666666667,70110.16666666667,339.5813107733431,479.5691604518505,69989.69755165676,69995.80598075746,-6.108429100699141,39.73008558262014,-1.0387796125115685,0.4192128778162063,3.256904199679123,14,3
2026-03-12 15:00:00+00:00,69612.0,70567.0,69460.0,70357.0,30041459.49828884,2026-03-12 15:59:59.999000+00:00,0.010702177785439249,1,-0.00540077153879126,-0.00576737314620146,0.0008868672130912802,70206.0,70115.04166666667,337.33840569941134,481.5369847685368,70046.20562063265,70022.56109329395,23.64452733870712,57.666174298375175,0.5024709232866755,-0.3812095668972427,1.4697856948602461,15,3
2026-03-12 16:00:00+00:00,70355.0,70567.0,69921.0,70397.0,19165596.17840905,2026-03-12 16:59:59.999000+00:00,0.0005685290731554105,0,0.010702177785439249,-0.00540077153879126,0.006459819067899497,70201.66666666667,70107.25,334.1452777258589,475.0886644372613,70100.17398668917,70050.2973086055,49.87667808367405,69.07073509015257,0.6098861574464348,-0.36202846005199174,0.48427844204948717,16,3
2026-03-12 17:00:00+00:00,70397.0,70562.0,70090.0,70218.0,12114901.64259576,2026-03-12 17:59:59.999000+00:00,-0.0025427219909939236,0,0.0005685290731554105,0.010702177785439249,0.0004969967198216185,70161.66666666667,70083.5,310.87789665160136,453.3268328012756,70118.30106566007,70062.71973019028,55.58133546978934,63.409634437991116,0.2966954309077059,-0.3678828704403274,-0.11979228231102602,17,3
2026-03-12 18:00:00+00:00,70218.0,70314.0,69812.0,69817.0,10711994.78255324,2026-03-12 18:59:59.999000+00:00,-0.005710786408043567,1,-0.0025427219909939236,0.0005685290731554105,-0.0008799568537284364,70065.16666666667,70049.375,313.4437216257532,440.5746062155225,70071.94705555851,70044.51826869471,27.428786863805726,56.550883607556365,-0.5274362088093784,-0.11580010316467837,-0.22688092963811168,18,3
2026-03-12 19:00:00+00:00,69819.0,70566.0,69783.0,70455.0,35451888.973116,2026-03-12 19:59:59.999000+00:00,0.009138175515991831,0,-0.005710786408043567,-0.0025427219909939236,-0.00576737314620146,70142.66666666667,70040.5,346.84790128605323,429.5792683223809,70130.87827778028,70074.92432286547,55.95395491481759,62.738437418343345,0.9648975883280648,2.30955061991413,1.8810368052778896,19,3
2026-03-12 20:00:00+00:00,70456.0,70572.0,70134.0,70183.0,28350172.83078263,2026-03-12 20:59:59.999000+00:00,-0.003860620254062863,1,0.009138175515991831,-0.005710786408043567,-0.00540077153879126,70237.83333333333,70021.45833333333,231.16956250004446,411.6026976872177,70138.89700427563,70082.92992857913,55.96707569649152,58.49425568320704,0.3924698928708897,-0.2003198235140241,1.1739243325210695,20,3
2026-03-12 21:00:00+00:00,70180.0,70481.0,70180.0,70287.0,4202681.995065751,2026-03-12 21:59:59.999000+00:00,0.0014818403317042872,0,-0.003860620254062863,0.009138175515991831,0.010702177785439249,70226.16666666667,70001.70833333333,225.65319990301847,385.0925894931164,70161.68208054091,70098.04623016587,63.63585037503799,55.896103896103895,0.740839149987775,-0.851758152581614,-0.8393910784447702,21,3
2026-03-12 22:00:00+00:00,70287.0,70299.0,70035.0,70191.0,6482095.2831482105,2026-03-12 22:59:59.999000+00:00,-0.0013658286738656988,1,0.0014818403317042872,-0.003860620254062863,0.0005685290731554105,70191.83333333333,69993.83333333333,209.5599356425259,378.9030696341235,70166.19252968846,70104.93169459802,61.26083509043383,53.643410852713174,0.5203617559949031,0.5423711074877078,-0.6190880330371724,22,3
2026-03-12 23:00:00+00:00,70190.0,70734.0,70170.0,70529.0,13132251.92018718,2026-03-12 23:59:59.999000+00:00,0.00481543217791458,1,-0.0013658286738656988,0.0014818403317042872,-0.0025427219909939236,70243.66666666667,70007.70833333333,251.57636340971519,392.48178894877464,70222.00906358255,70136.34416166483,85.664901917713,56.72937771345875,1.32819325977621,1.0259270107194625,-0.09414207450486166,23,3
2026-03-13 00:00:00+00:00,70537.0,72010.0,70412.0,71488.0,38115718.9226048,2026-03-13 00:59:59.999000+00:00,0.013597243686993998,1,0.00481543217791458,-0.0013658286738656988,-0.005710786408043567,70522.16666666667,70059.875,493.4370949029168,494.17470171578105,70416.77689995446,70236.46681635633,180.3100835981313,61.444229529335914,2.8899192836896166,1.9024510917287913,1.7629836607974978,0,4
2026-03-13 01:00:00+00:00,71485.0,71755.0,71291.0,71673.0,11519601.92302689,2026-03-13 01:59:59.999000+00:00,0.0025878469113698177,0,0.013597243686993998,0.00481543217791458,0.009138175515991831,70725.16666666667,70136.33333333333,676.7647793924145,590.8520499024244,70610.04199226917,70342.87668181142,267.1653104577417,62.64834478450968,2.600763874679698,-0.6977729333554533,-0.3312810085470381,1,4
2026-03-13 02:00:00+00:00,71671.0,71701.0,71055.0,71148.0,5911463.8434205195,2026-03-13 02:59:59.999000+00:00,-0.0073249340755933146,1,0.0025878469113698177,0.013597243686993998,-0.003860620254062863,70886.0,70213.45833333333,635.5614840117864,597.3008839445152,70692.8047626893,70402.51544612169,290.2893165676069,57.140144322066085,1.5646078748369698,-0.4868343643365044,-0.751639181233419,2,4
2026-03-13 03:00:00+00:00,71148.0,71507.0,70972.0,71414.0,4592854.74288578,2026-03-13 03:59:59.999000+00:00,0.003738685556867294,0,-0.0073249340755933146,0.0025878469113698177,0.0014818403317042872,71073.83333333333,70296.0,587.8752985334318,621.1609746822428,70803.75787612172,70477.44022789045,326.31764823127014,63.889972688255945,1.7998555053654441,-0.22305965755036405,-0.8363005230780821,3,4
2026-03-13 04:00:00+00:00,71401.0,71490.0,71251.0,71395.0,3378405.8468969003,2026-03-13 04:59:59.999000+00:00,-0.0002660542750720918,1,0.003738685556867294,-0.0073249340755933146,-0.0013658286738656988,71274.5,70379.66666666667,402.52639659894595,628.589149434735,70894.71820287222,70545.40761841708,349.3105844551319,68.70148940633521,1.6152574925074303,-0.2644213596935612,-0.9095796483293237,4,4
2026-03-13 05:00:00+00:00,71391.0,71640.0,71247.0,71560.0,4452861.1437288,2026-03-13 05:59:59.999000+00:00,0.002311086210518898,0,-0.0002660542750720918,0.003738685556867294,0.00481543217791458,71446.33333333333,70466.33333333333,178.16696277774756,642.3929222938416,70997.06924858419,70620.56260964545,376.5066389387357,64.36589443515643,1.7024886618635713,0.3180361820113464,-0.8272435549269784,5,4
2026-03-13 06:00:00+00:00,71558.0,71592.0,71193.0,71347.0,6641946.69406979,2026-03-13 06:59:59.999000+00:00,-0.0029765231973168937,1,0.002311086210518898,-0.0002660542750720918,0.013597243686993998,71422.83333333333,70543.79166666667,180.85067493782935,631.279651291728,71050.904748802,70674.37278670874,376.5319620932569,60.89449541284404,1.2723494756876752,0.4916132526216306,-0.6687252547177417,6,4
2026-03-13 07:00:00+00:00,71320.0,71677.0,71258.0,71630.0,6935667.8181427,2026-03-13 07:59:59.999000+00:00,0.00396652977700529,1,-0.0029765231973168937,0.002311086210518898,0.0025878469113698177,71415.66666666667,70618.66666666667,169.4469433937195,649.6117680753672,71139.99632590938,70745.15998769327,394.8363382161042,65.81541218637993,1.556827297525181,0.04422214413963266,-0.6388239380439772,7,4
2026-03-13 08:00:00+00:00,71630.0,72140.0,71399.0,71831.0,14475719.39323495,2026-03-13 08:59:59.999000+00:00,0.0028060868351249546,1,0.00396652977700529,-0.0029765231973168937,-0.0073249340755933146,71529.5,70698.75,182.5757375959441,676.2460479278169,71246.30458346178,70825.59258119747,420.71200226430665,73.61632270168856,1.6743166240593799,1.0871413932726952,-0.07838170277955021,8,4
2026-03-13 09:00:00+00:00,71841.0,72100.0,71609.0,72013.0,5676940.14796568,2026-03-13 09:59:59.999000+00:00,0.002533724993387221,1,0.0028060868351249546,0.00396652977700529,0.003738685556867294,71629.33333333333,70783.83333333333,255.8520404946536,708.3966382247895,71364.25772446766,70913.54868629396,450.7090381737071,70.45693277310924,1.7351390454744513,-0.6078301883484472,-0.7353943611396709,9,4
2026-03-13 10:00:00+00:00,72021.0,72582.0,72020.0,72483.0,11495100.18432444,2026-03-13 10:59:59.999000+00:00,0.006526599364003793,0,0.002533724993387221,0.0028060868351249546,-0.0002660542750720918,71810.66666666667,70869.66666666667,400.96018084731344,783.5854974607686,71536.37192070342,71029.80433916107,506.5675815423456,78.70693959061408,2.05891168042464,1.0248760572971136,-0.29912098438171175,10,4
2026-03-13 11:00:00+00:00,72470.0,72549.0,72231.0,72239.0,5519609.36407365,2026-03-13 11:59:59.999000+00:00,-0.003366306582233025,1,0.006526599364003793,0.002533724993387221,0.002311086210518898,71923.83333333333,70943.875,411.73798297583335,826.0851262529727,71644.4685482875,71119.3743881121,525.0941601754021,73.54076218041486,1.5677863683063007,-0.5198293816002932,-0.7381387798292147,11,4
2026-03-13 12:00:00+00:00,72238.0,72895.0,72228.0,72786.0,9917696.91712758,2026-03-13 12:59:59.999000+00:00,0.007572087099765978,1,-0.003366306582233025,0.006526599364003793,-0.0029765231973168937,72163.66666666667,71043.45833333333,427.3442015808725,898.0857893830681,71820.0887716279,71242.82813714084,577.2606344870583,78.2249293017185,1.9402841992007185,0.7968113797473519,-0.42658549435393167,12,4
2026-03-13 13:00:00+00:00,72790.0,73611.0,72703.0,73410.0,22284345.8002086,2026-03-13 13:59:59.999000+00:00,0.00857307724012868,0,0.007572087099765978,-0.003366306582233025,0.00396652977700529,72460.33333333333,71185.95833333333,575.0817912475833,990.2619538616037,72064.69049906975,71403.35938624151,661.3311128282367,79.50030718820398,2.245912465882232,1.2469274859291342,0.587485234337109,13,4
2026-03-13 14:00:00+00:00,73410.0,73933.0,72399.0,72400.0,29275735.72306,2026-03-13 14:59:59.999000+00:00,-0.013758343549925112,0,0.00857307724012868,0.007572087099765978,0.0028060868351249546,72555.16666666667,71302.125,491.36846319685975,960.6816109178527,72116.27657613595,71477.18461689028,639.091959245663,59.241994325091206,1.1428083847166286,0.3137354798535732,1.4127007688442805,14,4
2026-03-13 15:00:00+00:00,72411.0,72846.0,71768.0,71860.0,31949298.991373,2026-03-13 15:59:59.999000+00:00,-0.0074585635359115665,1,-0.013758343549925112,0.00857307724012868,0.002533724993387221,72529.66666666667,71364.75,527.7547409777256,945.257004361716,72076.84941057657,71505.54131193545,571.3080986411223,51.76782000378143,0.5239315844418599,0.09132352107575148,1.6353629321204644,15,4
2026-03-13 16:00:00+00:00,71861.0,72113.0,71178.0,71914.0,35501015.774674244,2026-03-13 16:59:59.999000+00:00,0.0007514611745060851,0,-0.0074585635359115665,-0.013758343549925112,0.006526599364003793,72434.83333333333,71427.95833333333,585.7529911358101,928.2989810053112,72051.79565510325,71535.79751105134,515.9981440519186,57.94935657949357,0.5235831091189043,0.11116728364714001,1.768774353037898,16,4
2026-03-13 17:00:00+00:00,71901.0,72267.0,70922.0,71045.0,25774259.15651015,2026-03-13 17:59:59.999000+00:00,-0.01208387796534749,1,0.0007514611745060851,-0.0074585635359115665,-0.003366306582233025,72235.83333333333,71462.41666666667,821.1227475991157,896.2277911169124,71896.9040158566,71499.44213986235,397.4618759942532,46.59656889872718,-0.4657484077195055,-0.27398530453044057,0.8697537106464516,17,4
2026-03-13 18:00:00+00:00,71045.0,71355.0,70862.0,71063.0,12174995.19596286,2026-03-13 18:59:59.999000+00:00,0.0002533605461327859,1,-0.01208387796534749,0.0007514611745060851,0.007572087099765978,71948.66666666667,71514.33333333333,888.7383566747671,830.442714096773,71768.6110903402,71467.11309246514,301.49799787506345,46.93726937269373,-0.5434852105653296,-0.5276296741631987,-0.2859906742416899,18,4
2026-03-13 19:00:00+00:00,71063.0,71316.0,71021.0,71184.0,11939695.84076064,2026-03-13 19:59:59.999000+00:00,0.0017027144927739268,1,0.0002533605461327859,-0.01208387796534749,0.00857307724012868,71577.66666666667,71544.70833333333,560.8303367554961,802.8860159806628,71678.67092259556,71446.14175228254,232.5291703130206,46.50297619047619,-0.44926468533986275,-0.019326443371430857,-0.2385514593671957,19,4
2026-03-13 20:00:00+00:00,71193.0,71477.0,71169.0,71359.0,8534628.89981734,2026-03-13 20:59:59.999000+00:00,0.0024584176219375475,0,0.0017027144927739268,0.0002533605461327859,-0.013758343549925112,71404.16666666667,71593.70833333333,390.7999061225957,750.3335767486745,71629.49078065778,71439.68680766902,189.80397298876778,50.112401648557515,-0.31280531833635966,-0.285188750731725,-0.48743450809638506,20,4
2026-03-13 21:00:00+00:00,71358.0,71498.0,71078.0,71121.0,5051393.162044981,2026-03-13 21:59:59.999000+00:00,-0.003335248532070234,0,0.0024584176219375475,0.0017027144927739268,-0.0074585635359115665,71281.0,71628.45833333333,330.1520861040667,705.1363098911537,71551.26142978735,71416.08037747131,135.1810523160384,45.191762705460036,-0.7196599100274113,-0.40812972405243164,-0.8190100037336311,21,4
2026-03-13 22:00:00+00:00,71121.0,71194.0,70578.0,70817.0,11944351.31478646,2026-03-13 22:59:59.999000+00:00,-0.004274405590472541,1,-0.003335248532070234,0.0024584176219375475,0.0007514611745060851,71098.16666666667,71654.54166666667,178.34844161272,659.7709074440435,71438.29813289699,71371.70405321418,66.5940796828072,40.60415122312825,-1.2694431615836368,1.3645657606961974,-0.19555820501902121,22,4
2026-03-13 23:00:00+00:00,70824.0,71006.0,70720.0,70949.0,6675139.7820120305,2026-03-13 23:59:59.999000+00:00,0.0018639592188316456,0,-0.004274405590472541,-0.003335248532070234,-0.01208387796534749,71082.16666666667,71672.04166666667,188.11104865397695,633.6725583289144,71363.02149706669,71340.39264186498,22.628855201706756,40.048634493078936,-1.1410335782465257,-0.4411467306936485,-0.6627569596226335,23,4
2026-03-14 00:00:00+00:00,70947.0,70957.0,70581.0,70661.0,8060142.21618181,2026-03-14 00:59:59.999000+00:00,-0.004059253830216103,1,0.0018639592188316456,-0.004274405590472541,0.0002533605461327859,71015.16666666667,71637.58333333333,255.73769105423918,665.7874655042489,71255.01818982566,71290.06726098609,-35.04907116043614,32.358636715724245,-1.466809430834946,0.20748665636966024,-0.47313987617558656,0,5
2026-03-14 01:00:00+00:00,70659.0,70905.0,70500.0,70850.0,5902997.435257,2026-03-14 01:59:59.999000+00:00,0.0026747427859781236,0,-0.004059253830216103,0.0018639592188316456,0.0017027144927739268,70959.5,71603.29166666667,247.86750484710925,684.8068263678045,71192.70769908324,71257.46968609824,-64.76198701499379,36.4063417498532,-1.100006071291825,-0.2676311066315994,-0.6718688854593274,1,5
2026-03-14 02:00:00+00:00,70850.0,70906.0,70761.0,70795.0,3980454.05082245,2026-03-14 02:59:59.999000+00:00,-0.0007762879322512628,1,0.0026747427859781236,-0.004059253830216103,0.0024584176219375475,70865.5,71588.58333333333,155.97147161967462,698.6615101351182,71131.52189922429,71223.21267231318,-91.69077308889246,28.438379900368204,-1.1358623909020733,-0.3256893477458961,-0.8609195780695057,2,5
2026-03-14 03:00:00+00:00,70796.0,71175.0,70796.0,71087.0,7660831.767192891,2026-03-14 03:59:59.999000+00:00,0.004124585069567033,0,-0.0007762879322512628,0.0026747427859781236,-0.003335248532070234,70859.83333333333,71574.95833333333,145.06883409567487,705.3704841249817,71124.67237626671,71213.12284473443,-88.45046846772311,22.89381563593932,-0.6917759451455431,0.9246125365044708,-0.49201465381891474,3,5
2026-03-14 04:00:00+00:00,71087.0,71308.0,71035.0,71041.0,6902347.042429821,2026-03-14 04:59:59.999000+00:00,-0.0006470944054468575,0,0.004124585069567033,-0.0007762879322512628,-0.004274405590472541,70897.16666666667,71560.20833333333,159.90549279448888,712.9576472913553,71111.7997029949,71200.37300438373,-88.5733013888239,29.53929539295393,-0.728245689356005,-0.09900814269427516,-0.5954961099945522,4,5
2026-03-14 05:00:00+00:00,71041.0,71156.0,70926.0,71024.0,3539043.85602944,2026-03-14 05:59:59.999000+00:00,-0.0002392984332990622,0,-0.0006470944054468575,0.004124585069567033,0.0018639592188316456,70909.66666666667,71537.875,167.5179591143532,721.3106013658793,71098.2920563803,71187.30833739234,-89.01628101203823,35.06075768406005,-0.7124184769042938,-0.4872694991610278,-0.9489679097384418,5,5
2026-03-14 06:00:00+00:00,71019.0,71019.0,70305.0,70640.0,10525594.2203416,2026-03-14 06:59:59.999000+00:00,-0.005406623113313858,0,-0.0002392984332990622,-0.0006470944054468575,-0.004059253830216103,70906.16666666667,71508.41666666667,173.85214012441995,743.5392984590228,71027.78558616796,71146.76697906699,-118.98139289903338,29.635549872122766,-1.1679499233819326,1.9741350061003713,-0.22047367448807484,6,5
2026-03-14 07:00:00+00:00,70619.0,70750.0,70501.0,70612.0,4690033.59221276,2026-03-14 07:59:59.999000+00:00,-0.0003963759909400011,0,-0.005406623113313858,-0.0002392984332990622,0.0026747427859781236,70866.5,71466.0,212.16102365704705,765.0281608566041,70963.81857291135,71107.1546102472,-143.33603733585915,40.53344993441189,-1.1162987765623869,-0.5544162643901972,-0.8331687692090723,7,5
2026-03-14 08:00:00+00:00,70611.0,70721.0,70556.0,70594.0,2241031.31131776,2026-03-14 08:59:59.999000+00:00,-0.0002549141788931175,0,-0.0003963759909400011,-0.005406623113313858,-0.0007762879322512628,70833.0,71414.45833333333,239.77989898912043,780.8737569046945,70906.92340784807,71069.1431576363,-162.21974978822982,39.74639265413205,-1.050692670970969,-0.5221715863530861,-1.016999021595901,8,5
2026-03-14 09:00:00+00:00,70603.0,70742.0,70425.0,70542.0,3673039.7374074,2026-03-14 09:59:59.999000+00:00,-0.0007366065104683628,1,-0.0002549141788931175,-0.0003963759909400011,0.004124585069567033,70742.16666666667,71353.16666666667,227.21480283197423,789.5331403159728,70850.78134510221,71030.09551632991,-179.31417122769926,35.527502254283135,-1.0274004031572899,0.6389952781371881,-0.8526668627753009,9,5
2026-03-14 10:00:00+00:00,70525.0,70583.0,70403.0,70582.0,2360519.2921011196,2026-03-14 10:59:59.999000+00:00,0.0005670380766067407,1,-0.0007366065104683628,-0.0002549141788931175,-0.0006470944054468575,70665.66666666667,71273.95833333333,178.53365684384224,766.271008850645,70809.43036893263,70996.90325586102,-187.4728869283863,31.34901584253481,-0.9030203744380457,-0.3573390268390392,-0.930637108912071,10,5
2026-03-14 11:00:00+00:00,70585.0,70784.0,70583.0,70748.0,4029409.66409892,2026-03-14 11:59:59.999000+00:00,0.002351874415573274,1,0.0005670380766067407,-0.0007366065104683628,-0.0002392984332990622,70619.66666666667,71211.83333333333,70.78323690021743,744.768342509906,70799.979542943,70978.46597764909,-178.48643470609386,40.726006961710596,-0.6227887342394111,0.7070013693945731,-0.7510714357771713,11,5
2026-03-14 12:00:00+00:00,70759.0,70848.0,70618.0,70767.0,2967542.0461650603,2026-03-14 12:59:59.999000+00:00,0.0002685588285180618,1,0.002351874415573274,0.0005670380766067407,-0.005406623113313858,70640.83333333333,71127.70833333333,93.44178201455055,669.4470449269531,70794.9057671056,70962.80183115657,-167.8960640509613,48.55156431054461,-0.5388153343371428,-0.2635293272349166,-0.8171147612925997,12,5
2026-03-14 13:00:00+00:00,70786.0,70929.0,70741.0,70874.0,3259808.47275946,2026-03-14 13:59:59.999000+00:00,0.0015120041827405561,0,0.0002685588285180618,0.002351874415573274,-0.0003963759909400011,70684.5,71022.04166666667,130.95915378220724,461.3405305106085,70807.07411062781,70956.22391773756,-149.14980710974487,47.795414462081126,-0.3208945602564336,0.09848771206867801,-0.7208795961445101,13,5
2026-03-14 14:00:00+00:00,70866.0,70949.0,70598.0,70606.0,3865080.3895134,2026-03-14 14:59:59.999000+00:00,-0.0037813584671388956,1,0.0015120041827405561,0.0002685588285180618,-0.0002549141788931175,70686.5,70947.29166666667,129.38276531033853,363.28375285962386,70776.1396320697,70930.28140531256,-154.1417732428672,48.36406900654372,-0.9394630615329217,0.18567714079274444,-0.5998902555749758,14,5
2026-03-14 15:00:00+00:00,70613.0,70741.0,70517.0,70609.0,5027329.227891739,2026-03-14 15:59:59.999000+00:00,4.248930685779584e-05,1,-0.0037813584671388956,0.0015120041827405561,-0.0007366065104683628,70697.66666666667,70895.16666666667,116.68533166601222,312.88443012314406,70750.4258425205,70906.48278269681,-156.05694017630594,41.93979933110368,-0.9146082039110829,0.3007049585648236,-0.4093239234467637,15,5
2026-03-14 16:00:00+00:00,70607.0,70717.0,70515.0,70692.0,2229981.26641536,2026-03-14 16:59:59.999000+00:00,0.001175487544080811,0,4.248930685779584e-05,-0.0037813584671388956,0.0005670380766067407,70716.0,70844.25,102.67813768921634,227.71630889792877,70741.4372513635,70890.59516916372,-149.1579178002139,46.61851608667105,-0.6685950634666414,-0.5564282414520672,-0.8889619412515485,16,5
2026-03-14 17:00:00+00:00,70688.0,70746.0,70599.0,70625.0,2420192.4294187496,2026-03-14 17:59:59.999000+00:00,-0.0009477734397103088,1,0.001175487544080811,4.248930685779584e-05,0.002351874415573274,70695.5,70826.75,107.19095092097436,227.75640102454528,70723.52382807681,70870.92145292937,-147.39762485255778,32.203389830508485,-0.8858148402962226,0.08529720220885517,-1.0482219434166113,17,5
2026-03-14 18:00:00+00:00,70625.0,70715.0,70570.0,70684.0,2526712.80940644,2026-03-14 18:59:59.999000+00:00,0.000835398230088602,1,-0.0009477734397103088,0.001175487544080811,0.0002685588285180618,70681.66666666667,70810.95833333333,101.31271700048809,223.7678297107135,70717.44323914191,70857.07541937905,-139.63218023713853,36.38443935926774,-0.567366334550681,0.04401318618010586,-0.960249076921988,18,5
2026-03-14 19:00:00+00:00,70684.0,70740.0,70616.0,70702.0,2162469.4437747,2026-03-14 19:59:59.999000+00:00,0.0002546545187029903,1,0.000835398230088602,-0.0009477734397103088,0.0015120041827405561,70653.0,70790.875,44.29898372850753,210.04022635175562,70715.067356197,70845.58835127689,-130.52099507988896,37.728658536585364,-0.4231332328273181,-0.14415701075157228,-1.0398256170430826,19,5
2026-03-14 20:00:00+00:00,70711.0,70861.0,70657.0,70818.0,4240326.44763024,2026-03-14 20:59:59.999000+00:00,0.001640689089417613,0,0.0002546545187029903,0.000835398230088602,-0.0037813584671388956,70688.33333333333,70768.33333333333,73.94231958774272,172.00396002882027,70730.9031475513,70843.54476970082,-112.64162214951648,58.52490421455939,0.2887530418389761,0.9608723072768763,-0.22393969992025,20,5
2026-03-14 21:00:00+00:00,70801.0,70825.0,70676.0,70798.0,4716025.804604661,2026-03-14 21:59:59.999000+00:00,-0.00028241407551754527,0,0.001640689089417613,0.0002546545187029903,4.248930685779584e-05,70719.83333333333,70754.875,73.64351041327171,155.00667920745565,70741.22574023572,70840.17108305631,-98.94534282058885,58.97683397683397,0.2782138177560915,0.1121846072111432,-0.03818891973898768,21,5
2026-03-14 22:00:00+00:00,70809.0,70817.0,70716.0,70728.0,2535993.7295918404,2026-03-14 22:59:59.999000+00:00,-0.000988728495155189,1,-0.00028241407551754527,0.001640689089417613,0.001175487544080811,70725.83333333333,70751.16666666667,72.37794295215002,154.51963884026907,70739.19101096869,70831.86211394102,-92.6711029723374,56.15808823529412,-0.1499270050107967,-0.46226042123948263,-0.861673113080784,22,5
2026-03-14 23:00:00+00:00,70728.0,71256.0,70728.0,71218.0,8111335.46497666,2026-03-14 23:59:59.999000+00:00,0.006927949326999139,0,-0.000988728495155189,-0.00028241407551754527,-0.0009477734397103088,70824.66666666667,70762.375,199.82258787710668,177.53574334241515,70812.85393235812,70860.46492031576,-47.610987957639736,72.14941022280472,2.5663846131605794,2.1984840381613058,1.5948772033340144,23,5
2026-03-15 00:00:00+00:00,71218.0,71219.0,70980.0,71015.0,6542414.7910555005,2026-03-15 00:59:59.999000+00:00,-0.002850402988008649,1,0.006927949326999139,-0.000988728495155189,0.000835398230088602,70879.83333333333,70777.125,198.90944327974665,183.35717386464268,70843.95332737995,70871.91196325533,-27.9586358753877,62.81823564239195,1.2973312959961047,-0.19342322613772878,0.9686324170857685,0,6
2026-03-15 01:00:00+00:00,71018.0,71050.0,70878.0,71036.0,2136973.2069405997,2026-03-15 01:59:59.999000+00:00,0.0002957121734845636,1,-0.002850402988008649,0.006927949326999139,0.0002546545187029903,70935.5,70784.875,185.4699435465105,190.36813578084914,70873.49896932149,70884.06663264382,-10.567663322333829,59.32642487046632,1.3191545894481724,-0.6733662913176683,-0.9609458155230162,1,6
2026-03-15 02:00:00+00:00,71031.0,71628.0,71031.0,71488.0,10695034.46218176,2026-03-15 02:59:59.999000+00:00,0.006362970888000419,0,0.0002957121734845636,-0.002850402988008649,0.001640689089417613,71047.16666666667,70813.75,278.7934120916741,238.4544892113309,70968.03758942588,70928.80243763317,39.2351517927018,68.2346990389479,2.8275835872498263,4.004758331759021,2.3917212227366162,2,6
2026-03-15 03:00:00+00:00,71483.0,71529.0,71248.0,71363.0,3178733.4806940504,2026-03-15 03:59:59.999000+00:00,-0.001748545210384922,1,0.006362970888000419,0.0002957121734845636,-0.00028241407551754527,71141.33333333333,70825.25,273.16344306227734,258.0553107863545,71028.8010372065,70960.96522003072,67.83581717578636,62.25563909774436,2.083855582593324,-0.7027841759711734,-0.4719769369021341,3,6
2026-03-15 04:00:00+00:00,71362.0,71663.0,71359.0,71584.0,4677073.87142496,2026-03-15 04:59:59.999000+00:00,0.003096842901783914,0,-0.001748545210384922,0.006362970888000419,-0.000988728495155189,71284.0,70847.875,234.97999906129726,298.43771644845003,71114.21626225166,71007.11594447288,107.10031777877884,75.10266940451746,2.4665950696856807,0.4713639566925123,0.16907441806472384,4,6
2026-03-15 05:00:00+00:00,71598.0,71807.0,71498.0,71510.0,5255936.2323253,2026-03-15 05:59:59.999000+00:00,-0.0010337505587840745,0,0.003096842901783914,-0.001748545210384922,0.006927949326999139,71332.66666666667,70868.125,248.4300034727516,326.1131187964517,71175.1060680591,71044.36661525267,130.73945280643238,72.31302625061912,1.9682587513464482,0.12376592220126259,0.376597665277376,5,6
2026-03-15 06:00:00+00:00,71509.0,71601.0,71416.0,71463.0,4934009.64762783,2026-03-15 06:59:59.999000+00:00,-0.0006572507341630063,0,-0.0010337505587840745,0.003096842901783914,-0.002850402988008649,71407.33333333333,70902.41666666667,195.55630039813295,343.86915055067,71219.39744220386,71075.37649560433,144.02094659952854,69.44024205748866,1.630222811309516,-0.061250093316875254,0.4026247409867936,6,6
2026-03-15 07:00:00+00:00,71469.0,71672.0,71431.0,71462.0,2877452.9594771597,2026-03-15 07:59:59.999000+00:00,-1.3993255250976944e-05,1,-0.0006572507341630063,-0.0010337505587840745,0.0002957121734845636,71478.33333333333,70937.83333333333,72.2015694105161,356.20861816774834,71256.72091263403,71104.01527370772,152.70563892631617,71.83098591549296,1.4715159598407783,-0.4168124578231054,-0.554543991594925,7,6
2026-03-15 08:00:00+00:00,71462.0,71711.0,71462.0,71711.0,4265785.61648691,2026-03-15 08:59:59.999000+00:00,0.003484369315160496,1,-1.3993255250976944e-05,-0.0006572507341630063,0.006362970888000419,71515.5,70984.375,119.84781999953721,381.41177245103995,71326.61000299803,71148.97710528492,177.6328977131052,74.37114380635975,1.9050932679149892,0.4824866562760468,0.07538882618893492,8,6
2026-03-15 09:00:00+00:00,71716.0,71940.0,71716.0,71816.0,5232228.455140481,2026-03-15 09:59:59.999000+00:00,0.0014642105116369208,0,0.003484369315160496,-1.3993255250976944e-05,-0.001748545210384922,71591.0,71037.45833333333,144.67895478808634,405.0872132136436,71401.90077176757,71198.38620859715,203.51456317042175,75.38742023701003,1.9219112360776183,0.22655682341802397,0.5148728185462924,9,6
2026-03-15 10:00:00+00:00,71816.0,71922.0,71737.0,71791.0,2153488.17129859,2026-03-15 10:59:59.999000+00:00,-0.0003481118413724005,1,0.0014642105116369208,0.003484369315160496,0.003096842901783914,71625.5,71087.83333333333,165.81284618069134,420.85210311999606,71461.76219149564,71242.28352647884,219.47866501679528,73.13361864003804,1.6708165682284357,-0.5884185505732527,-0.979124297406304,10,6
2026-03-15 11:00:00+00:00,71791.0,71898.0,71672.0,71848.0,2544737.18905224,2026-03-15 11:59:59.999000+00:00,0.0007939713891713662,0,-0.0003481118413724005,0.0014642105116369208,-0.0010337505587840745,71681.83333333333,71133.66666666667,175.83789871684823,441.6190238947623,71521.183392804,71287.15141340633,234.03197939766687,74.53271028037383,1.6175329745386013,0.18168152626430278,-0.7492886308336092,11,6
2026-03-15 12:00:00+00:00,71848.0,71848.0,71587.0,71620.0,4622608.947151,2026-03-15 12:59:59.999000+00:00,-0.0031733659948780524,0,0.0007939713891713662,-0.0003481118413724005,-0.0006572507341630063,71708.0,71169.20833333333,145.8917405423127,445.1373973091572,71536.38594775723,71311.80686426512,224.5790834921063,69.40818102697999,1.0127023013381804,0.816536877378933,0.21575123291193907,12,6
2026-03-15 13:00:00+00:00,71620.0,71686.0,71287.0,71616.0,10385240.98462464,2026-03-15 13:59:59.999000+00:00,-5.585032113930577e-05,1,-0.0031733659948780524,0.0007939713891713662,-1.3993255250976944e-05,71733.66666666667,71200.125,100.4164659062842,449.4887251949576,71548.63426348688,71334.33968913437,214.29457435250515,60.982339955849895,0.9252178679668144,1.2466189771525573,2.4461466885296437,13,6
2026-03-15 14:00:00+00:00,71616.0,71637.0,71355.0,71624.0,3904500.40208928,2026-03-15 14:59:59.999000+00:00,0.00011170688114381377,0,-5.585032113930577e-05,-0.0031733659948780524,0.003484369315160496,71719.16666666667,71242.54166666667,110.15337772906366,438.893270036356,71560.2289921812,71355.79600845775,204.43298372345453,68.83116883116884,0.8691368935817361,-0.6240337217143158,-0.2356524444762714,14,6
2026-03-15 15:00:00+00:00,71631.0,71631.0,71420.0,71494.0,1754474.93328338,2026-03-15 15:59:59.999000+00:00,-0.0018150340667932863,0,0.00011170688114381377,-5.585032113930577e-05,0.0014642105116369208,71665.5,71279.41666666667,130.16259047248198,420.1267837685966,71550.03991646101,71366.03334116458,184.00657529642922,63.26767091541136,0.510758517722878,-0.5506531559467714,-1.0433578875696123,15,6
2026-03-15 16:00:00+00:00,71494.0,71598.0,71347.0,71440.0,4081179.094908,2026-03-15 16:59:59.999000+00:00,-0.0007553081377458248,1,-0.0018150340667932863,0.00011170688114381377,-0.0003481118413724005,71607.0,71310.58333333333,140.9099001439014,402.00940028564145,71533.11069854394,71371.51235293016,161.59834561377647,48.192771084337345,0.3219244788174519,1.326154120236048,-0.13695939118345662,16,6
2026-03-15 17:00:00+00:00,71444.0,72008.0,71431.0,71835.0,5943064.3673553,2026-03-15 17:59:59.999000+00:00,0.005529115341545321,0,-0.0007553081377458248,-0.0018150340667932863,0.0007939713891713662,71604.83333333333,71361.0,136.49383365278192,387.918077343194,71579.55520646025,71405.84477123163,173.710435228626,64.76846057571964,1.2219074791419136,0.4562125868894935,0.5716960687905147,17,6
2026-03-15 18:00:00+00:00,71830.0,71892.0,71339.0,71404.0,6256913.71815088,2026-03-15 18:59:59.999000+00:00,-0.005999860792093026,1,0.005529115341545321,-0.0007553081377458248,-0.0031733659948780524,71568.83333333333,71391.0,158.4176966922196,360.1310147337119,71552.54671315868,71405.70812151076,146.83859164791647,45.02212389380531,0.03609797398208666,0.05280934739989118,0.6416819329121585,18,6
2026-03-15 19:00:00+00:00,71405.0,71584.0,71358.0,71566.0,3342398.42051038,2026-03-15 19:59:59.999000+00:00,0.0022687804604784034,1,-0.005999860792093026,0.005529115341545321,-5.585032113930577e-05,71560.5,71427.0,156.7466106766252,330.2021777758788,71554.61644959581,71417.58159399145,137.03485560436093,51.47679324894515,0.4209542194308142,-0.46580717410017813,-0.6040833083260131,19,6
2026-03-15 20:00:00+00:00,71566.0,71923.0,71449.0,71741.0,6118305.85203818,2026-03-15 20:59:59.999000+00:00,0.0024452952519353754,1,0.0022687804604784034,-0.005999860792093026,0.00011170688114381377,71580.0,71465.45833333333,172.69279069663148,309.2760099157404,71583.29084196569,71441.53851295504,141.75232901064737,56.86758893280632,0.8909247980201906,0.8305136259321002,0.5375473746479168,20,6
2026-03-15 21:00:00+00:00,71742.0,72226.0,71648.0,72117.0,8318573.95399812,2026-03-15 21:59:59.999000+00:00,0.005241075535607154,1,0.0024452952519353754,0.0022687804604784034,-0.0018150340667932863,71683.83333333333,71520.41666666667,270.33269618223096,302.6336450818298,71665.39994320173,71491.5726971806,173.82724602113012,63.65152146727804,1.9713053820305306,0.3596204823966045,1.3440414324103158,21,6
2026-03-15 22:00:00+00:00,72123.0,73085.0,71742.0,72762.0,27694235.97496014,2026-03-15 22:59:59.999000+00:00,0.008943799658887697,1,0.005241075535607154,0.0024452952519353754,-0.0007553081377458248,71904.16666666667,71605.16666666667,485.2023975877848,351.87246529276337,71834.10764424762,71585.67842331537,248.4292209322448,68.80143112701252,3.2876494964470298,2.3292047565015133,4.158320879036344,22,6
2026-03-15 23:00:00+00:00,72762.0,73223.0,72441.0,72831.0,28135242.27221829,2026-03-15 23:59:59.999000+00:00,0.0009482971880927504,0,0.008943799658887697,0.005241075535607154,0.005529115341545321,72070.16666666667,71672.375,610.9020925031855,421.8020153633354,71987.47569897876,71677.92446603275,309.55123294600344,68.3943457774556,2.7468455763587896,0.015924118565931566,3.0870917337443626,23,6
2026-03-16 00:00:00+00:00,72849.0,73020.0,72469.0,72549.0,4474948.267965959,2026-03-16 00:59:59.999000+00:00,-0.0038719775919594523,1,0.0009482971880927504,0.008943799658887697,-0.005999860792093026,72261.0,71736.29166666667,535.3514732938693,433.9089744815321,72073.86405298203,71742.44857965996,331.4154733220639,62.56631299734748,1.8729926807907467,-0.8409486499291787,-0.33548842865970563,0,0
2026-03-16 01:00:00+00:00,72542.0,72865.0,72294.0,72756.0,5849822.1055554,2026-03-16 01:59:59.999000+00:00,0.0028532440143902438,0,-0.0038719775919594523,0.0009482971880927504,0.0022687804604784034,72459.33333333333,71807.95833333333,437.9473331627758,454.7575061942287,72178.80804483095,71817.52646264811,361.2815821828408,64.33986102337335,2.0847191167895955,0.30723792885641,-0.16030820181478503,1,0
2026-03-16 02:00:00+00:00,72758.0,72866.0,72382.0,72547.0,3423750.89915183,2026-03-16 02:59:59.999000+00:00,-0.0028726153169498225,1,0.0028532440143902438,-0.0038719775919594523,0.0024452952519353754,72593.66666666667,71852.08333333333,261.6865809021425,473.3590342536819,72235.4529610108,71871.56153948899,363.8914215218101,64.72831267874166,1.468054090828343,-0.4147256382548118,-0.47173835454231094,2,0
2026-03-16 03:00:00+00:00,72540.0,74308.0,72450.0,73590.0,30065863.9048119,2026-03-16 03:59:59.999000+00:00,0.01437688670792725,1,-0.0028726153169498225,0.0028532440143902438,0.005241075535607154,72839.16666666667,71944.875,386.32805570397113,579.6583185391607,72443.84481316298,71998.85327730462,444.99153585836757,73.57859531772576,2.8380943521107396,7.781557067209578,2.693079547504419,3,0
2026-03-16 04:00:00+00:00,73592.0,74425.0,73592.0,73848.0,17411017.76327016,2026-03-16 04:59:59.999000+00:00,0.0035059111292294887,1,0.01437688670792725,-0.0028726153169498225,0.008943799658887697,73020.16666666667,72039.20833333333,558.8328610808695,691.7579985591262,72659.86868806099,72135.82710861538,524.0415794456057,75.06762849413886,2.6147752110336744,-0.42090412507709096,1.075072998026689,4,0
2026-03-16 05:00:00+00:00,73848.0,74252.0,73732.0,74192.0,12828476.22659456,2026-03-16 05:59:59.999000+00:00,0.0046582168779114586,0,0.0035059111292294887,0.01437688670792725,0.0009482971880927504,73247.0,72150.95833333333,719.7443990452031,809.2107522852466,72895.58119759007,72288.13621168092,607.4449859091546,79.01075268817205,2.5222621682950708,-0.2631977980255015,0.4961830758929107,5,0
2026-03-16 06:00:00+00:00,74210.0,74210.0,73603.0,73736.0,6711420.3016879205,2026-03-16 06:59:59.999000+00:00,-0.006146215225361185,0,0.0046582168779114586,0.0035059111292294887,-0.0038719775919594523,73444.83333333333,72245.66666666667,649.1916255031442,856.8066427939476,73024.87639796083,72395.38538118603,629.4910167748021,72.7236737925574,1.7394045037670616,-0.4768341786552517,-0.2325713985443267,6,0
2026-03-16 07:00:00+00:00,73726.0,73938.0,73400.0,73458.0,8220144.2062509,2026-03-16 07:59:59.999000+00:00,-0.003770207225778477,0,-0.006146215225361185,0.0046582168779114586,0.0028532440143902438,73561.83333333333,72328.83333333333,556.9195333468751,874.1287173181187,73091.51079827455,72474.09757517226,617.4132231022959,66.44376899696049,1.2917624650646704,0.2247994964916049,-0.0817329738265119,7,0
2026-03-16 08:00:00+00:00,73460.0,73762.0,72903.0,73144.0,9723014.02458896,2026-03-16 08:59:59.999000+00:00,-0.004274551444362729,1,-0.003770207225778477,-0.006146215225361185,-0.0028726153169498225,73661.33333333333,72388.54166666667,356.6772583487838,879.0197098528623,73099.58606007847,72523.71997701135,575.8660830671142,68.05728518057285,0.8594327577248335,0.18282767073541373,0.07080239122125483,8,0
2026-03-16 09:00:00+00:00,73145.0,73336.0,73066.0,73253.0,3780318.03439128,2026-03-16 09:59:59.999000+00:00,0.0014902110904517762,1,-0.004274551444362729,-0.003770207225778477,0.01437688670792725,73605.16666666667,72448.41666666667,394.66766604734556,887.2278231054547,73123.18820468178,72577.74071945496,545.4474852268177,67.70199370409233,0.9068508813408761,-0.6111989528318003,-0.632611413000367,9,0
2026-03-16 10:00:00+00:00,73253.0,73789.0,73223.0,73789.0,11433069.27663626,2026-03-16 10:59:59.999000+00:00,0.007317106466629308,0,0.0014902110904517762,-0.004274551444362729,0.0035059111292294887,73595.33333333333,72531.66666666667,388.0874471343654,916.1264705773315,73225.6207885769,72667.46362912496,558.1571594519337,69.97658993367148,1.372445152186218,2.02436704336101,0.23936758486005213,10,0
2026-03-16 11:00:00+00:00,73792.0,73838.0,73538.0,73562.0,4771281.885047561,2026-03-16 11:59:59.999000+00:00,-0.0030763392917643184,1,0.007317106466629308,0.0014902110904517762,0.0046582168779114586,73490.33333333333,72603.08333333333,257.68559646081627,927.2539127920462,73277.37143648815,72733.72558252311,543.6458539650339,64.51677717500502,1.0341467999625753,-0.5826770773795813,-0.5846777513798748,11,0
2026-03-16 12:00:00+00:00,73559.0,74051.0,73486.0,73871.0,15009156.502668789,2026-03-16 12:59:59.999000+00:00,0.00420053832141587,1,-0.0030763392917643184,0.007317106466629308,-0.006146215225361185,73512.83333333333,72696.875,287.58540752852144,937.2816991936146,73368.69890779766,72817.96813196584,550.7307758318202,61.947856065503125,1.2526916945142024,2.14572831039497,0.614261641493857,12,0
2026-03-16 13:00:00+00:00,73870.0,74515.0,73799.0,74030.0,22069175.2467406,2026-03-16 13:59:59.999000+00:00,0.002152400806811894,0,0.00420053832141587,-0.0030763392917643184,-0.003770207225778477,73608.16666666667,72797.45833333333,353.11494817304987,945.7353696676525,73470.43753736725,72907.74827033874,562.689267028516,62.67173958993871,1.3032627373340258,0.47038078008024375,1.3574039510055091,13,0
2026-03-16 14:00:00+00:00,74147.0,74471.0,73012.0,73569.0,23587269.0667014,2026-03-16 14:59:59.999000+00:00,-0.006227205187086304,0,0.002152400806811894,0.00420053832141587,-0.004274551444362729,73679.0,72878.5,275.474136638127,923.8906390862334,73485.6009931569,72956.72987994328,528.8711132136232,60.38696537678208,0.7473828295120876,0.06878797249956192,1.3930816711231693,14,0
2026-03-16 15:00:00+00:00,73569.0,74041.0,73203.0,73303.0,12446105.10112981,2026-03-16 15:59:59.999000+00:00,-0.003615653332245894,1,-0.006227205187086304,0.002152400806811894,0.0014902110904517762,73687.33333333333,72953.875,260.351044981926,878.714639929244,73457.50853267121,72982.379518466,475.12901420521666,55.504125578587235,0.3973132848089481,-0.4723380198897119,0.08251292158096166,15,0
2026-03-16 16:00:00+00:00,73289.0,73913.0,73170.0,73767.0,9136954.59504348,2026-03-16 16:59:59.999000+00:00,0.006329891000368404,1,-0.003615653332245894,-0.006227205187086304,0.007317106466629308,73683.66666666667,73050.83333333333,258.7830493351228,831.5239893564675,73505.12260456795,73040.49955413518,464.62305043276865,61.67687595712098,0.8612700004252755,-0.2658783996437518,-0.3324451299977867,16,0
2026-03-16 17:00:00+00:00,73767.0,74055.0,73658.0,73945.0,8593061.36423405,2026-03-16 17:59:59.999000+00:00,0.0024130031043692046,0,0.006329891000368404,-0.003615653332245894,-0.0030763392917643184,73747.5,73138.75,269.77305268772676,808.6144483217884,73572.79605001904,73107.49958716221,465.29646285682975,54.07203487038311,0.9970759262010522,-0.059526752065121924,-0.4129915975323131,17,0
2026-03-16 18:00:00+00:00,73958.0,74364.0,73863.0,73904.0,20370937.71360016,2026-03-16 18:59:59.999000+00:00,-0.0005544661572790544,1,0.0024130031043692046,0.006329891000368404,0.00420053832141587,73753.0,73242.91666666667,273.11023407490546,732.9081985378974,73623.75050386226,73166.49961774278,457.2508861194801,50.676001931434094,0.9020001886350095,1.3706263519061856,0.9129813035080713,18,0
2026-03-16 19:00:00+00:00,73918.0,74427.0,73783.0,73969.0,11381798.62358147,2026-03-16 19:59:59.999000+00:00,0.0008795193764883358,1,-0.0005544661572790544,0.0024130031043692046,0.002152400806811894,73742.83333333333,73343.04166666667,261.63059190990356,653.7217516429002,73676.86581096037,73225.94409050257,450.9217204578017,47.11364224695833,0.9575302210155955,-0.4412727198128591,-0.1943066501604694,19,0
2026-03-16 20:00:00+00:00,73961.0,74252.0,73851.0,74242.0,5425464.72040972,2026-03-16 20:59:59.999000+00:00,0.003690735308034432,1,0.0008795193764883358,-0.0005544661572790544,-0.006227205187086304,73855.0,73447.25,311.6773972497054,582.7245787938954,73763.80953235108,73301.20749120608,462.60204114500084,56.87499999999999,1.363851858874647,-0.523320970626828,-0.9114107321789642,20,0
2026-03-16 21:00:00+00:00,74241.0,74799.0,74148.0,74412.0,11769551.00168328,2026-03-16 21:59:59.999000+00:00,0.0022898090029901397,1,0.003690735308034432,0.0008795193764883358,-0.003615653332245894,74039.83333333333,73542.875,239.28177244169066,541.8077881461082,73863.5311427586,73383.4884177834,480.0427249751956,63.3538633818589,1.6041205368676332,1.1693166591625106,-0.16171656435607762,21,0
2026-03-16 22:00:00+00:00,74402.0,74900.0,74380.0,74761.0,8493353.39494114,2026-03-16 22:59:59.999000+00:00,0.00469010374670753,1,0.0022898090029901397,0.003690735308034432,0.006329891000368404,74205.5,73626.16666666667,336.82324735090464,569.4903645456203,74001.6032746419,73485.5263127624,516.0769618794875,72.41474909897421,1.9927173556988602,-0.2783621572542214,-0.49806426325826897,22,0
2026-03-16 23:00:00+00:00,74761.0,74916.0,74259.0,74876.0,11399298.28171236,2026-03-16 23:59:59.999000+00:00,0.0015382351760944157,1,0.00469010374670753,0.0022898090029901397,0.0024130031043692046,74360.66666666667,73711.375,401.1232561476899,597.6361268911108,74136.1258477739,73588.5243636689,547.6014841050055,72.46055909216717,1.9487192082218188,0.3421434092807296,-0.0291496919257929,23,0
2026-03-17 00:00:00+00:00,74884.0,75504.0,74620.0,75314.0,20169365.33049646,2026-03-17 00:59:59.999000+00:00,0.005849671456808592,1,0.0015382351760944157,0.00469010374670753,-0.0005544661572790544,74595.66666666667,73826.58333333333,484.44800197988246,629.4796274680642,74317.33725580868,73716.3373737675,600.9998820411856,71.6927453769559,2.3629305886347107,0.7693514839289468,1.149113278942153,0,1
2026-03-17 01:00:00+00:00,75314.0,76013.0,75078.0,75632.0,19179120.62533392,2026-03-17 01:59:59.999000+00:00,0.004222322542953405,0,0.005849671456808592,0.0015382351760944157,0.0008795193764883358,74872.83333333333,73946.41666666667,527.976672422214,687.8563371284804,74519.59306260735,73858.23830904398,661.3547535633697,78.70216306156406,2.45048746715041,-0.04909647323732447,0.924939346312965,1,1
2026-03-17 02:00:00+00:00,75626.0,75670.0,75130.0,75192.0,8749901.74854432,2026-03-17 02:59:59.999000+00:00,-0.005817643325576438,0,0.004222322542953405,0.005849671456808592,0.003690735308034432,75031.16666666667,74056.625,435.26930356031494,665.4183262138054,74623.04028374469,73957.03547133702,666.0048124076711,67.67460529836768,1.706257485362964,-0.5437798260162943,-0.6432531689137131,2,1
2026-03-17 03:00:00+00:00,75190.0,75323.0,74283.0,74472.0,13861385.56421448,2026-03-17 03:59:59.999000+00:00,-0.009575486753909956,0,-0.005817643325576438,0.004222322542953405,0.0022898090029901397,75041.16666666667,74093.375,418.5682341290032,662.877771663482,74599.80331701474,73995.18099197872,604.6223250360199,55.14192647743136,0.5711837327865832,0.584176138494416,0.2696199208138083,3,1
2026-03-17 04:00:00+00:00,74491.0,74677.0,74008.0,74240.0,10648453.5323136,2026-03-17 04:59:59.999000+00:00,-0.0031152647975077885,0,-0.009575486753909956,-0.005817643325576438,0.00469010374670753,74954.33333333333,74109.70833333333,528.0400236932384,661.3966433810306,74544.44896055093,74013.31573331363,531.1332272372965,58.245269107888916,0.19699475038250308,-0.2317901061922416,-0.25949839510421313,4,1
2026-03-17 05:00:00+00:00,74247.0,74452.0,73803.0,74040.0,10678767.21012,2026-03-17 05:59:59.999000+00:00,-0.0026939655172413257,1,-0.0031152647975077885,-0.009575486753909956,0.0015382351760944157,74815.0,74103.375,649.2330859987222,661.3021286695955,74466.84142815848,74015.29234566077,451.5490824977169,59.205595803147645,-0.09583365492486395,0.0028467680977721788,-0.2374615308575942,5,1
2026-03-17 06:00:00+00:00,74040.0,74273.0,73885.0,74088.0,9930585.70956312,2026-03-17 06:59:59.999000+00:00,0.0006482982171798213,1,-0.0026939655172413257,-0.0031152647975077885,0.005849671456808592,74610.66666666667,74118.04166666667,653.6869790827196,656.6873704316179,74408.55813151872,74020.67809783404,387.88003368467616,54.47449121828826,-0.04574728861760532,-0.0700625349195596,-0.40508453279389434,6,1
2026-03-17 07:00:00+00:00,74088.0,74448.0,74080.0,74256.0,4655620.89353088,2026-03-17 07:59:59.999000+00:00,0.0022675736961450532,0,0.0006482982171798213,-0.0026939655172413257,0.004222322542953405,74381.33333333333,74151.29166666667,425.1205318759812,641.8493984654754,74385.08764974661,74038.10934984633,346.9782999002782,54.34721833939055,0.16313536101095322,-0.5311836552553457,-1.3158802357518466,7,1
2026-03-17 08:00:00+00:00,74280.0,74464.0,74111.0,74192.0,8217314.43341568,2026-03-17 08:59:59.999000+00:00,-0.0008618832148243882,0,0.0022675736961450532,0.0006482982171798213,-0.005817643325576438,74214.66666666667,74194.95833333333,152.07717324660277,604.9284167907343,74355.3818574779,74049.50865726512,305.8732002127799,54.0,-0.004890385789814653,0.7650308350565822,-0.6596347028732208,8,1
2026-03-17 09:00:00+00:00,74194.0,74411.0,73865.0,73946.0,12586339.52101386,2026-03-17 09:59:59.999000+00:00,-0.00331572137157643,0,-0.0008618832148243882,0.0022675736961450532,-0.009575486753909956,74127.0,74223.83333333333,122.87066352915183,573.7469269460942,74292.40003325052,74041.84134931955,250.55868393096898,49.69584765934938,-0.4842436974994588,0.5316852754023327,0.058824105172743966,9,1
2026-03-17 10:00:00+00:00,73945.0,73967.0,73574.0,73736.0,12711271.43802152,2026-03-17 10:59:59.999000+00:00,-0.002839910204744056,1,-0.00331572137157643,-0.0008618832148243882,-0.0031152647975077885,74043.0,74221.625,186.15155104423246,575.5923838442498,74206.80002813505,74019.18643455514,187.61359357991023,43.19526627218934,-0.8436960141074519,0.009925992922650506,0.07233227220723279,10,1
2026-03-17 11:00:00+00:00,73746.0,74223.0,73700.0,74045.0,10417433.28748935,2026-03-17 11:59:59.999000+00:00,0.004190626017142263,0,-0.002839910204744056,-0.00331572137157643,-0.0026939655172413257,74043.83333333333,74241.75,186.14662667596042,559.7523714460833,74181.90771611428,74021.09855051403,160.8091656002507,45.24241638579206,-0.3514947145140437,-0.18045701893131783,-0.4215395258753579,11,1
2026-03-17 12:00:00+00:00,74046.0,74182.0,73682.0,73754.0,8674571.76258168,2026-03-17 12:59:59.999000+00:00,-0.003930042541697598,0,0.004190626017142263,-0.002839910204744056,0.0006482982171798213,73988.16666666667,74236.875,217.58347047257737,563.6178409173912,74116.075759789,74001.31347269817,114.76228709083807,36.746512240063176,-0.8567418646897915,-0.16730239367126376,-0.7078240581801849,12,1
2026-03-17 13:00:00+00:00,73753.0,74167.0,73429.0,73626.0,18214318.47859512,2026-03-17 13:59:59.999000+00:00,-0.001735499091574666,1,-0.003930042541697598,0.004190626017142263,0.0022675736961450532,73883.16666666667,74220.04166666667,214.47276429184944,575.9629727358292,74040.67948905223,73973.51247472053,67.16701433170238,33.604407135362024,-1.0313886391775644,1.0997369065714282,1.2522417288138727,13,1
2026-03-17 14:00:00+00:00,73612.0,74425.0,73437.0,74393.0,16214872.418390471,2026-03-17 14:59:59.999000+00:00,0.010417515551571555,0,-0.001735499091574666,-0.003930042541697598,-0.0008618832148243882,73916.66666666667,74254.375,278.5000298437262,559.7994836588691,74094.88264458266,74004.58562474123,90.29701984142594,38.87949770586815,0.24763331165284777,-0.10977331172474736,1.0201169699358386,14,1
2026-03-17 15:00:00+00:00,74399.0,74913.0,73698.0,73947.0,27068229.57508974,2026-03-17 15:59:59.999000+00:00,-0.005995187719274653,1,0.010417515551571555,-0.001735499091574666,-0.00331572137157643,73916.83333333333,74281.20833333333,278.5213934744624,526.667949064127,74072.13146849301,74000.32002290855,71.81144558446249,30.264698992738346,-0.6345712396723715,0.6693458250334232,2.756417917003574,15,1
2026-03-17 16:00:00+00:00,73945.0,74374.0,73887.0,74175.0,11061182.41641525,2026-03-17 16:59:59.999000+00:00,0.0030832893829364494,1,-0.005995187719274653,0.010417515551571555,-0.002839910204744056,73990.0,74298.20833333333,279.17736290076175,515.8215885169176,74087.95739641716,74013.25928047088,74.6981159462739,37.46610796154794,-0.23885842716970265,-0.5913592211219239,-0.2767804559056303,16,1
2026-03-17 17:00:00+00:00,74200.0,74604.0,74034.0,74538.0,12240013.5505962,2026-03-17 17:59:59.999000+00:00,0.004893832153690658,1,0.0030832893829364494,-0.005995187719274653,0.004190626017142263,74072.16666666667,74322.91666666667,359.57498052953713,512.3579689572898,74157.19472004529,74052.12896339897,105.06575664631964,50.891891891891895,0.4197911350360159,0.10657369979103826,-0.0829474542286164,17,1
2026-03-17 18:00:00+00:00,74538.0,74786.0,74420.0,74706.0,16281288.81147864,2026-03-17 18:59:59.999000+00:00,0.0022538839249779397,0,0.004893832153690658,0.0030832893829364494,-0.003930042541697598,74230.83333333333,74356.33333333333,398.9824139265767,509.9960499481809,74241.62630157678,74100.56385499904,141.0624465777364,56.408140814081406,0.6856262253446866,0.3301691819357173,0.7554781088629382,18,1
2026-03-17 19:00:00+00:00,74703.0,74816.0,74463.0,74545.0,7840494.239598599,2026-03-17 19:59:59.999000+00:00,-0.002155114716354767,0,0.0022538839249779397,0.004893832153690658,-0.001735499091574666,74384.0,74380.33333333333,278.5864317512266,504.4993787277337,74288.29917825728,74133.48505092504,154.81412733223988,57.019738671114816,0.32639617333510773,-0.5184352829567834,-0.8867702191345669,19,1
2026-03-17 20:00:00+00:00,74541.0,74703.0,74395.0,74544.0,7746935.31739152,2026-03-17 20:59:59.999000+00:00,-1.3414715943405042e-05,1,-0.002155114716354767,0.0022538839249779397,0.010417515551571555,74409.16666666667,74392.91666666667,286.27638153107614,504.66527142270473,74327.6377662177,74163.89356567133,163.7442005463672,56.4225352112676,0.29937335079033395,-0.011932783743983544,-0.9458421777126054,20,1
2026-03-17 21:00:00+00:00,74543.0,74813.0,74497.0,74702.0,8435059.42178162,2026-03-17 21:59:59.999000+00:00,0.0021195535522644526,0,-1.3414715943405042e-05,-0.002155114716354767,-0.005995187719274653,74535.0,74405.0,193.3494245032875,508.59850051969454,74385.23195603036,74203.75330154752,181.47865448283846,56.29943502824859,0.5839576791841116,0.0888253323666317,-0.7693149882070621,21,1
2026-03-17 22:00:00+00:00,74702.0,74794.0,73963.0,74335.0,9562368.19444385,2026-03-17 22:59:59.999000+00:00,-0.004912853738855749,0,0.0021195535522644526,-1.3414715943405042e-05,0.0030832893829364494,74561.66666666667,74387.25,136.42091709997035,503.03723169364434,74377.50396279492,74213.47527921066,164.0286835842562,51.86052563101744,-0.10386905125110277,0.1336456231418135,-0.5578143198139824,22,1
2026-03-17 23:00:00+00:00,74335.0,74416.0,73900.0,73928.0,6669899.4425839195,2026-03-17 23:59:59.999000+00:00,-0.00547521356023406,0,-0.004912853738855749,0.0021195535522644526,0.004893832153690658,74460.0,74347.75,293.9421711082276,500.20241549795554,74308.34950698032,74192.32896223209,116.02054474822944,49.77522477522478,-0.8391602819073464,-0.3024845616738101,-1.06815571606296,23,1
2026-03-18 00:00:00+00:00,73933.515625,74082.5234375,73607.1796875,73855.84375,0.0,2026-03-18 00:59:59.999000+00:00,-0.000976034114273383,1,-0.00547521356023406,-0.004912853738855749,0.0022538839249779397,74318.30729166667,74286.99348958333,351.0093538995131,465.0571124209418,74238.73323667565,74167.40413169638,71.32910497926059,51.54990825836384,-0.9270898736262689,-1.0,-2.090716830635536,0,2
2026-03-18 01:00:00+00:00,73869.1328125,74216.4921875,73869.1328125,74098.3125,0.0,2026-03-18 01:59:59.999000+00:00,0.003283000202675135,1,-0.000976034114273383,-0.00547521356023406,-0.002155114716354767,74243.859375,74223.08984375,340.52635821563393,367.3019424689297,74217.13004641785,74162.2862330522,54.843813365645474,50.70154949501595,-0.3397132694460362,0.0,-1.8735309110854728,1,2
2026-03-18 02:00:00+00:00,74089.375,74468.1015625,74089.375,74352.140625,0.0,2026-03-18 02:59:59.999000+00:00,0.0034255587804377097,1,0.003283000202675135,-0.000976034114273383,-1.3414715943405042e-05,74211.8828125,74188.095703125,314.73685333256566,305.84334906415205,74237.90090466126,74176.34952134463,61.55138331663329,57.948811654630255,0.5363690999884743,0.0,-1.691020790502283,2,2
2026-03-18 03:00:00+00:00,74350.484375,74614.859375,74288.6171875,74520.84375,0.0,2026-03-18 03:59:59.999000+00:00,0.0022689746869679617,0,0.0034255587804377097,0.003283000202675135,0.0021195535522644526,74181.69010416667,74190.130859375,262.7047162985518,307.9697722383069,74281.43057317492,74201.86761235615,79.56296081877372,61.76448837725245,1.0738485411129715,0.0,-1.5219303708779988,3,2
2026-03-18 04:00:00+00:00,74480.0,74508.0,74179.0,74207.0,3969208.23271238,2026-03-18 04:59:59.999000+00:00,-0.004211489486792064,0,0.0022689746869679617,0.0034255587804377097,-0.004912853738855749,74160.35677083333,74188.755859375,252.774539788962,307.81106682696674,74269.97971576339,74202.24778921866,67.7319265447295,47.223880597014926,0.05927058053197217,0.0,-0.8340339495272424,4,2
2026-03-18 05:00:00+00:00,74195.0,74324.0,73874.0,73990.0,4679788.9766327,2026-03-18 05:59:59.999000+00:00,-0.002924252429016172,0,-0.004211489486792064,0.0022689746869679617,-0.00547521356023406,74170.69010416667,74186.67252604167,242.43181869447753,309.02845198104234,74226.90591333825,74186.52573075802,40.38018258023658,50.68888176866389,-0.6364220665796061,0.17902329690441587,-0.6772881809203605,5,2
2026-03-18 06:00:00+00:00,73990.0,74229.0,73972.0,73979.0,5103223.69763381,2026-03-18 06:59:59.999000+00:00,-0.00014866873901875355,0,-0.002924252429016172,-0.004211489486792064,-0.000976034114273383,74191.21614583333,74182.130859375,213.98826723063215,311.33401636015645,74188.76654205544,74171.15345440558,17.61308764986461,46.62534435261708,-0.6524531490321147,0.09048158434395659,-0.5763251348316574,6,2
2026-03-18 07:00:00+00:00,73979.0,74011.0,73719.0,73909.0,5218950.41270163,2026-03-18 07:59:59.999000+00:00,-0.0009462144662674143,1,-0.00014866873901875355,-0.002924252429016172,0.003283000202675135,74159.6640625,74167.67252604167,242.4856920916509,315.7799714734802,74145.72553558537,74151.73468000516,-6.0091444197896635,37.95480658751437,-0.8191543144255282,0.02267717856880891,-0.5634101746801456,7,2
2026-03-18 08:00:00+00:00,73910.0,74129.0,73890.0,74058.0,4339944.08476266,2026-03-18 08:59:59.999000+00:00,0.002015992639597286,1,-0.0009462144662674143,-0.00014866873901875355,0.0034255587804377097,74110.640625,74162.08919270833,224.88447002509398,316.51491132809053,74132.22929934147,74144.79137037515,-12.562071033680695,37.5,-0.32886031268344423,-0.16842588229995192,-0.6673902374959974,8,2
2026-03-18 09:00:00+00:00,74058.0,74298.0,74057.0,74196.0,2507015.63103732,2026-03-18 09:59:59.999000+00:00,0.0018634043587457683,0,0.002015992639597286,-0.0009462144662674143,0.0022689746869679617,74056.5,74172.505859375,121.89954862989127,313.19046060483106,74142.04017636586,74148.58460219922,-6.544425833359128,43.2074737251849,0.07501550519651298,-0.4223391863873698,-0.8747039337490243,9,2
2026-03-18 10:00:00+00:00,74203.2890625,74264.2578125,73854.3828125,73936.0546875,0.0,2026-03-18 10:59:59.999000+00:00,-0.0035034949660358583,0,0.0018634043587457683,0.002015992639597286,-0.004211489486792064,74011.34244791667,74180.84147135417,103.8451693853113,303.58254369830985,74110.35010115572,74132.84164555483,-22.491544399104896,39.25111263975335,-0.8063269411743003,-1.0,-1.1497810504018633,10,2
2026-03-18 11:00:00+00:00,73957.0,74088.0,72835.0,72971.0,12819108.196115073,2026-03-18 11:59:59.999000+00:00,-0.013052558614047305,0,-0.0035034949660358583,0.0018634043587457683,-0.002924252429016172,73841.50911458333,74136.09147135417,438.79741070602313,391.0374317538061,73935.06547020869,74046.77930143966,-111.71383123096894,26.189821182943604,-2.9794883475188723,0.0,0.7283898613392621,11,2
2026-03-18 12:00:00+00:00,72970.0,72998.0,72296.0,72387.0,14936933.80069821,2026-03-18 12:59:59.999000+00:00,-0.008003179345219325,0,-0.013052558614047305,-0.0035034949660358583,-0.00014866873901875355,73576.17578125,74079.13313802083,726.2228573074989,525.5391153590751,73696.90155171504,73923.8326865182,-226.93113480316242,24.714434060228456,-3.219804365779085,0.16520849751661815,0.9794336316968748,12,2
2026-03-18 13:00:00+00:00,72272.1953125,72537.0703125,72002.1015625,72050.671875,166236160.0,2026-03-18 13:59:59.999000+00:00,-0.004646250362634219,0,-0.008003179345219325,-0.013052558614047305,-0.0009462144662674143,73266.45442708333,74013.49446614583,924.9675125556664,664.5797733931508,73443.63544760503,73785.08003381315,-341.4445862081193,25.176339331831983,-2.9534792807855523,10.129202433248347,4.599664391412188,13,2
2026-03-18 14:00:00+00:00,72167.140625,72196.3359375,71315.328125,71315.328125,1607847936.0,2026-03-18 14:59:59.999000+00:00,-0.01020592495342365,1,-0.004646250362634219,-0.008003179345219325,0.002015992639597286,72809.34244791667,73885.25813802083,1113.953839268972,857.1878223362837,73116.20355181965,73602.13544797515,-485.93189615549636,21.41965695080664,-2.998094403647067,8.672070962178145,4.670836839564513,14,2
2026-03-18 15:00:00+00:00,71077.0,71515.359375,70978.140625,71515.359375,1513684992.0,2026-03-18 15:59:59.999000+00:00,0.0028048843812285007,0,-0.01020592495342365,-0.004646250362634219,0.0018634043587457683,72362.56901041667,73783.93977864583,975.5408530270814,983.9134460485653,72869.91983230894,73447.55944256957,-577.6396102606377,20.662116259011185,-2.305670699751625,-0.05856458306266099,3.1285606839928923,15,2
2026-03-18 16:00:00+00:00,71484.0,71565.0,71053.0,71322.0,19113558.74733888,2026-03-18 16:59:59.999000+00:00,-0.0027037461139794994,1,0.0028048843812285007,-0.01020592495342365,-0.0035034949660358583,71926.89322916667,73665.06477864583,667.2999551734144,1100.0995883021878,72631.77831964602,73290.11059497183,-658.3322753258108,15.10348625041837,-2.129866062637057,-0.9873728293215852,-0.2824779640123228,16,2
2026-03-18 17:00:00+00:00,71323.0,71751.0,71206.0,71622.0,7309506.108338459,2026-03-18 17:59:59.999000+00:00,0.004206275763439127,0,-0.0027037461139794994,0.0028048843812285007,-0.013052558614047305,71702.05989583333,73543.56477864583,430.33636065249397,1158.9508596189048,72476.42780893124,73166.54684719614,-690.1190382648929,17.595523045000107,-1.658020927028513,-0.6175748218862623,-0.30890314841885064,17,2
2026-03-18 18:00:00+00:00,71618.0,71992.0,70966.0,71114.0,14594172.61457736,2026-03-18 18:59:59.999000+00:00,-0.007092792717321439,0,0.004206275763439127,-0.0027037461139794994,-0.008003179345219325,71489.89322916667,73393.89811197917,326.35264504032403,1231.943849094235,72266.82353063412,73014.50633999643,-747.6828093623044,16.863524968864255,-1.8506509965169486,0.9966017400175338,-0.29210550862391715,18,2
2026-03-18 19:00:00+00:00,71112.0,71484.0,70945.0,71071.0,10309206.07195479,2026-03-18 19:59:59.999000+00:00,-0.0006046629355682676,1,-0.007092792717321439,0.004206275763439127,-0.004646250362634219,71326.61458333333,73249.14811197917,216.13403032969228,1293.373218109304,72082.85067976733,72870.5429074041,-787.6922276367695,17.51658807327965,-1.6840832031169324,-0.29360804862226586,-0.30214026144738343,19,2
2026-03-18 20:00:00+00:00,71076.0,71313.0,70492.0,71232.0,19633119.65073984,2026-03-18 20:59:59.999000+00:00,0.0022653402935093325,1,-0.0006046629355682676,-0.007092792717321439,-0.01020592495342365,71312.7265625,73111.14811197917,219.6528478460818,1325.5010137952963,71951.95057518774,72749.1693587075,-797.2187835197547,20.41823150129899,-1.4176889285045675,0.904425958090979,-0.2820915896744761,20,2
2026-03-18 21:00:00+00:00,71214.0,71423.0,71166.0,71279.0,4827956.55831801,2026-03-18 21:59:59.999000+00:00,0.0006598158131176923,0,0.0022653402935093325,-0.0006046629355682676,0.0028048843812285007,71273.33333333333,72968.52311197917,195.96088034400253,1331.0288463174754,71848.41971746655,72640.26792472917,-791.8482072626211,21.53718158574695,-1.269336210596437,-0.7540912170758316,-0.31551016148966365,21,2
2026-03-18 22:00:00+00:00,71218.265625,71218.265625,70979.8203125,71139.421875,87281664.0,2026-03-18 22:59:59.999000+00:00,-0.0019581942086729365,1,0.0006598158131176923,0.0022653402935093325,-0.0027037461139794994,71242.90364583333,72835.3740234375,201.00317015735982,1348.1151592321846,71739.34312631785,72529.09414326775,-789.7510169499001,18.349537923485414,-1.2580172671624172,17.078386361953445,-0.13492820889985177,22,2
2026-03-18 23:00:00+00:00,71119.5390625,71349.421875,71091.03125,71250.3515625,186896384.0,2026-03-18 23:59:59.999000+00:00,0.0015593279306502783,0,-0.0019581942086729365,0.0006598158131176923,0.004206275763439127,71180.96223958333,72723.80533854167,84.0623232342031,1364.4596965532482,71664.11365496126,72434.37247061828,-770.2588156570273,17.86731481497263,-1.0798807614206212,1.1413017973626167,0.07582677842456073,23,2
2026-03-19 00:00:00+00:00,71216.484375,71298.9609375,71010.4921875,71010.4921875,0.0,2026-03-19 00:59:59.999000+00:00,-0.003366430757743011,1,0.0015593279306502783,-0.0019581942086729365,-0.007092792717321439,71163.7109375,72605.2490234375,107.81727461180454,1385.2774428283226,71563.55650612107,72328.89985705397,-765.3433509329043,17.945956865470805,-1.1512183672618557,-1.0,-0.35242824285798957,0,3
2026-03-19 01:00:00+00:00,71058.0703125,71165.8671875,70964.4453125,71140.328125,0.0,2026-03-19 01:59:59.999000+00:00,0.0018284049793257928,0,-0.003366430757743011,0.0015593279306502783,-0.0006046629355682676,71175.265625,72481.99967447917,99.27053610460952,1378.23197546068,71498.44444748705,72240.85750653145,-742.4130590443965,25.448746694382862,-0.9734729518452161,0.0,-0.35242824285798957,1,3
2026-03-19 02:00:00+00:00,71131.0,71252.0,70921.0,71053.0,2449643.71471149,2026-03-19 02:59:59.999000+00:00,-0.0012275474024600053,1,0.0018284049793257928,-0.003366430757743011,0.0022653402935093325,71145.43229166667,72344.53548177083,105.51125416365953,1347.7862185400663,71429.91453248904,72152.86806160319,-722.953529114151,29.36002939725948,-0.9582643478650723,0.0,-0.3470786264228083,2,3
2026-03-19 03:00:00+00:00,71056.0,71604.0,71056.0,71220.0,9082289.0684772,2026-03-19 03:59:59.999000+00:00,0.0023503581833279608,0,-0.0012275474024600053,0.0018284049793257928,0.0006598158131176923,71135.59895833333,72207.00032552083,92.5234754275724,1282.9046052318133,71397.61998902919,72083.76672370666,-686.1467346774734,36.43697221726153,-0.7693481818490185,2.7075959307604367,-0.33284971233129373,3,3
2026-03-19 04:00:00+00:00,71219.0,71219.0,70674.0,70827.0,8338168.35227973,2026-03-19 04:59:59.999000+00:00,-0.005518112889637772,1,0.0023503581833279608,-0.0012275474024600053,-0.0019581942086729365,71083.52864583333,72066.1669921875,156.04727825610973,1238.561626044464,71309.83229840931,71990.67289232099,-680.8405939116783,41.02312221743502,-1.0004887654601162,-0.08193096592577787,-0.33502232963366946,4,3
2026-03-19 05:00:00+00:00,70854.7421875,70894.46875,70688.65625,70835.7734375,0.0,2026-03-19 05:59:59.999000+00:00,0.00012387136967539902,0,-0.005518112889637772,0.0023503581833279608,0.0015593279306502783,71014.43229166667,71934.74088541667,159.16072758841457,1192.0203871033752,71236.90016596172,71905.12478455646,-668.2246185947442,36.562352279643704,-0.9219367888389698,-1.0,-0.3536342852860818,5,3
2026-03-19 06:00:00+00:00,70834.140625,70930.9453125,70532.890625,70538.578125,0.0,2026-03-19 06:59:59.999000+00:00,-0.004195553998746493,0,0.00012387136967539902,-0.005518112889637772,-0.003366430757743011,70935.77994791667,71791.38997395833,251.38225970887098,1141.2822192155743,71129.46600581377,71803.8991060708,-674.4331002570398,35.12019230769229,-1.09772309413478,0.0,-0.3530844619625833,6,3
2026-03-19 07:00:00+00:00,70543.28125,70543.28125,69519.03125,70220.4609375,3060477952.0,2026-03-19 07:59:59.999000+00:00,-0.004509832717867868,0,-0.004195553998746493,0.00012387136967539902,0.0018284049793257928,70782.46875,71637.70084635417,359.10460647501264,1090.965564637888,70989.61907222704,71686.60738988037,-696.9883176533331,23.56202417479419,-1.2990693334345342,0.0,3.7826755171032693,7,3
2026-03-19 08:00:00+00:00,70202.65625,70256.6875,69960.1171875,69960.1171875,1039183872.0,2026-03-19 08:59:59.999000+00:00,-0.003707519810098092,1,-0.004509832717867868,-0.004195553998746493,-0.0012275474024600053,70600.32161458333,71466.95572916667,457.993461402083,1013.6348779315435,70831.23416688442,71558.71922674109,-727.48505985667,25.99039596331349,-1.4865693500420738,-0.6604504628694021,0.9555143523715235,8,3
2026-03-19 09:00:00+00:00,69991.0,70555.0,69991.0,70517.0,11827725.38030987,2026-03-19 09:59:59.999000+00:00,0.00796000399781338,0,-0.003707519810098092,-0.004509832717867868,0.0023503581833279608,70483.15494791667,71313.6640625,343.32581518822843,847.5605281964856,70782.8904489022,71481.55483957508,-698.6643906728859,40.50343372009556,-0.9399494620109461,-0.9886182554416031,-0.4186128003834931,9,3
2026-03-19 10:00:00+00:00,70511.0,70541.0,70125.0,70133.0,4340880.66600384,2026-03-19 10:59:59.999000+00:00,-0.00544549541245376,0,0.00796000399781338,-0.003707519810098092,-0.005518112889637772,70367.48828125,71155.20345052083,320.458882827568,673.6227234375472,70682.90730291724,71381.66188849545,-698.7545855782082,32.49912913660114,-1.5174717463574385,-0.6329910843863273,-0.4289131480847876,10,3
2026-03-19 11:00:00+00:00,70134.71875,70229.7265625,69915.0,69915.0,0.0,2026-03-19 11:59:59.999000+00:00,-0.0031083797926796386,0,-0.00544549541245376,0.00796000399781338,0.00012387136967539902,70214.02604166667,71027.8701171875,267.4397805686401,600.3082908747548,70564.76771785306,71273.02026712542,-708.2525492723653,29.401021265349655,-1.85383099667981,-1.0,-0.4338665846432436,11,3
2026-03-19 12:00:00+00:00,69947.0,69948.0,69114.0,69286.0,21097744.85914382,2026-03-19 12:59:59.999000+00:00,-0.008996638775656152,1,-0.0031083797926796386,-0.00544549541245376,-0.004195553998746493,70005.26302083333,70898.66178385417,412.8017604527986,628.1343472769347,70368.03422279874,71125.8335806717,-757.7993578729511,25.614574639108284,-2.567383539596783,0.0,-0.4060624111351342,12,3
2026-03-19 13:00:00+00:00,69287.0,70075.0,69076.0,69895.0,16909622.84402685,2026-03-19 13:59:59.999000+00:00,0.00878965447565161,0,-0.008996638775656152,-0.0031083797926796386,-0.004509832717867868,69951.01953125,70808.84212239583,400.05502636948296,610.1069559656522,70295.25972698355,71034.66072284416,-739.4009958606039,34.233996804722764,-1.4978392123876652,-0.1985104115666575,-0.402269836222082,13,3
2026-03-19 14:00:00+00:00,70009.0546875,70009.0546875,69132.6796875,69560.4921875,0.0,2026-03-19 14:59:59.999000+00:00,-0.004785861828456972,0,0.00878965447565161,-0.008996638775656152,-0.003707519810098092,69884.41536458333,70735.72395833333,430.3561941881974,650.5796931648731,70182.21856706301,70925.4630535594,-743.2444864963909,33.49641295958399,-1.8064378325677244,-1.0,-0.3594674403779407,14,3
2026-03-19 15:00:00+00:00,69508.1953125,69847.2890625,68829.8515625,69452.3203125,0.0,2026-03-19 15:59:59.999000+00:00,-0.0015550763313810778,0,-0.004785861828456972,0.00878965447565161,0.00796000399781338,69706.96875,70649.76399739583,323.6205420824406,678.7711189007574,70069.92652789947,70816.34136903648,-746.4148411370115,30.692242940044224,-1.7641347010094366,0.0,-0.2911647113840528,15,3
2026-03-19 16:00:00+00:00,69425.8359375,69603.3125,69236.4296875,69446.2578125,1459310592.0,2026-03-19 16:59:59.999000+00:00,-8.729010021146788e-05,1,-0.0015550763313810778,-0.004785861828456972,-0.00544549541245376,69592.51171875,70571.60807291667,257.49422177180867,705.4668778399641,69973.97749476109,70714.85369818193,-740.8762034208485,31.273639795530002,-1.5951851118259848,0.0,1.7399252302827202,16,3
2026-03-19 17:00:00+00:00,69467.7109375,69879.515625,69145.453125,69858.3515625,0.0,2026-03-19 17:59:59.999000+00:00,0.005933995048554186,0,-8.729010021146788e-05,-0.0015550763313810778,-0.0031083797926796386,69583.0703125,70498.12272135417,243.9892052116112,682.7861777936738,69956.18888979784,70651.40909553882,-695.2202057409886,34.987829436398684,-0.9370007473225378,-1.0,-0.35658827988183933,17,3
2026-03-19 18:00:00+00:00,69850.21875,69908.8203125,69613.9609375,69842.75,0.0,2026-03-19 18:59:59.999000+00:00,-0.0002233313863130304,1,0.005933995048554186,-8.729010021146788e-05,-0.008996638775656152,69675.86197916667,70445.15397135417,212.21435880408558,682.2406257767329,69938.73675290587,70591.50842179521,-652.7716688893415,38.1636702543443,-0.882978744732964,0.0,-0.35560255864891827,18,3
2026-03-19 19:00:00+00:00,69826.40625,70564.9453125,69826.40625,70280.046875,747216896.0,2026-03-19 19:59:59.999000+00:00,0.006261163470796971,1,-0.0002233313863130304,0.005933995048554186,0.00878965447565161,69740.03645833333,70412.19759114583,321.7086893241701,669.6823514812426,69991.2460024588,70568.43719610668,-577.1911936478718,43.94141485376711,-0.19733343107150697,0.0,0.6684280093970405,19,3
2026-03-19 20:00:00+00:00,70277.4296875,70633.4296875,70214.5390625,70490.953125,0.0,2026-03-19 20:59:59.999000+00:00,0.003000940656387341,0,0.006261163470796971,-0.0002233313863130304,-0.004785861828456972,69895.11328125,70381.32063802083,425.40079289673224,646.937856309035,70068.1240213113,70562.69763528396,-494.5736139726505,49.4708314959427,0.16946370645962214,-1.0,-0.3953282879651573,20,3
2026-03-19 21:00:00+00:00,70479.0,70693.0,70395.0,70430.0,4580918.5111077,2026-03-19 21:59:59.999000+00:00,-0.0008646942947687641,0,0.003000940656387341,0.006261163470796971,-0.0015550763313810778,70058.05989583333,70345.94563802083,408.7927999563642,618.295892182027,70123.79724880187,70552.86818081848,-429.0709320166061,52.469336986563704,0.1359452052682016,0.0,-0.38878456087991214,21,3
2026-03-19 22:00:00+00:00,70437.625,70491.5234375,69969.984375,70139.3515625,0.0,2026-03-19 22:59:59.999000+00:00,-0.004126770374840216,0,-0.0008646942947687641,0.003000940656387341,-8.729010021146788e-05,70173.57552083333,70304.27604166667,278.49637508014996,595.7848197707309,70126.19022014005,70522.2373202023,-396.0471000622492,52.09722831651309,-0.276818867641068,-1.0,-0.38943443176101855,22,3
2026-03-19 23:00:00+00:00,70180.421875,70270.4140625,69740.953125,69911.53125,6238208.0,2026-03-19 23:59:59.999000+00:00,-0.003248109761850193,1,-0.004126770374840216,-0.0008646942947687641,0.005933995048554186,70182.43880208333,70248.49186197917,267.0696029524957,565.2461668878199,70093.16576319543,70476.99983352065,-383.8340703252179,42.324300768560335,-0.5961307333306438,0.0,-0.3688413939569414,23,3
2026-03-20 00:00:00+00:00,69921.0,70302.0,69849.0,70209.0,5662581.471536131,2026-03-20 00:59:59.999000+00:00,0.0042549311205366536,1,-0.003248109761850193,-0.004126770374840216,-0.0002233313863130304,70243.48046875,70215.09635416667,209.56687174410345,541.4442499556453,70110.98641501152,70457.1479940006,-346.1615789890784,50.98508599249843,-0.011259430988824658,-0.0922743403977343,-0.3700407622166805,0,4
2026-03-20 01:00:00+00:00,70209.6875,70581.65625,70209.6875,70411.375,265351168.0,2026-03-20 01:59:59.999000+00:00,0.0028824652110128746,1,0.0042549311205366536,-0.003248109761850193,0.006261163470796971,70265.36848958333,70184.72330729167,220.71172487412946,506.6108228150109,70157.20004347128,70453.7574018524,-296.55735838112014,56.460009272740585,0.4473881774750209,45.860459197599184,-0.017411814553274407,1,4
2026-03-20 02:00:00+00:00,70411.609375,70501.953125,70096.6171875,70429.59375,0.0,2026-03-20 02:59:59.999000+00:00,0.00025874725497132545,1,0.0028824652110128746,0.0042549311205366536,0.003000940656387341,70255.14192708333,70158.748046875,209.2951697598701,475.1621266641646,70199.10676755263,70451.96750171519,-252.86073416256113,67.69652597779411,0.5700069259022164,-1.0,-0.3948680111090563,2,4
2026-03-20 03:00:00+00:00,70425.0,70793.0,70392.0,70721.0,5271596.8545807,2026-03-20 03:59:59.999000+00:00,0.004137554037786817,1,0.00025874725497132545,0.0028824652110128746,-0.0008646942947687641,70303.64192708333,70137.95638020833,279.7703482720626,436.0103001018429,70279.39803408299,70471.89583492147,-192.49780083847872,64.17523838125985,1.3372244179907784,0.0,-0.3871053326774465,3,4
2026-03-20 04:00:00+00:00,70721.0,70951.0,70561.0,70776.0,5368166.38081224,2026-03-20 04:59:59.999000+00:00,0.0007777039351819504,0,0.004137554037786817,0.00025874725497132545,-0.004126770374840216,70409.75,70135.83138020833,322.47000641516547,432.6171496059923,70355.79833653176,70494.42206937172,-138.6237328399584,73.07321558333705,1.4797578421814934,0.018318837516496878,-0.3867644977189658,4,4
2026-03-20 05:00:00+00:00,70784.3203125,70846.8046875,70555.8984375,70586.2578125,0.0,2026-03-20 05:59:59.999000+00:00,-0.002680883173674653,0,0.0007777039351819504,0.004137554037786817,-0.003248109761850193,70522.20442708333,70125.43489583333,213.06882511743493,417.8098048211857,70391.25364052688,70501.22471701086,-109.97107648398378,70.87826096963141,1.1029490245301796,-1.0,-0.39440232319716245,5,4
2026-03-20 06:00:00+00:00,70587.5625,70609.03125,70359.3828125,70480.53125,234172416.0,2026-03-20 06:59:59.999000+00:00,-0.001497834929581443,1,-0.002680883173674653,0.0007777039351819504,0.0042549311205366536,70567.45963541667,70123.01627604167,153.846064909236,415.47570737984256,70404.9886573689,70499.69186760265,-94.70321023375436,68.36907143828412,0.860495493738881,0.0,-0.0753611149533825,6,4
2026-03-20 07:00:00+00:00,70424.0,70920.0,70214.0,70855.0,8082772.459432799,2026-03-20 07:59:59.999000+00:00,0.005313080695599881,1,-0.001497834929581443,-0.002680883173674653,0.0028824652110128746,70641.39713541667,70149.45540364583,169.62286570744803,441.3314592661659,70474.22117161984,70526.01098852098,-51.78981690114597,67.94060815048786,1.5986727923890405,-0.9654836696930488,-0.4015993820930432,7,4
2026-03-20 08:00:00+00:00,70859.1796875,71315.328125,70810.9453125,71027.5234375,17764352.0,2026-03-20 08:59:59.999000+00:00,0.0024348802131113345,0,0.005313080695599881,-0.001497834929581443,0.00025874725497132545,70741.05208333333,70193.9306640625,194.16785422646993,473.99646167357344,70559.34459713986,70563.16005881573,-3.815461675869301,70.18659666740322,1.758647671111877,1.1978042916782288,-0.30257236418103006,8,4
2026-03-20 09:00:00+00:00,71036.0,71036.0,70422.0,70582.0,9486330.08493388,2026-03-20 09:59:59.999000+00:00,-0.006272546414940572,1,0.0024348802131113345,0.005313080695599881,0.004137554037786817,70717.88541666667,70196.63899739583,205.02735943022844,476.1036981776398,70562.83004373373,70564.55561001456,-1.7255662808311172,55.13040384840022,0.8094056065500018,-0.4659906488604887,-0.32742768119849547,9,4
2026-03-20 10:00:00+00:00,70581.0,70657.0,70218.0,70599.0,6826229.7064784095,2026-03-20 10:59:59.999000+00:00,0.00024085460882372622,0,-0.006272546414940572,0.0024348802131113345,0.0007777039351819504,70688.38541666667,70216.0556640625,207.7094259174541,482.850013186395,70568.39465239008,70567.10704630979,1.287606080295518,51.965292619708066,0.793091696136439,-0.28041406472669794,-0.3358724452629836,10,4
2026-03-20 11:00:00+00:00,70606.625,70787.5,70334.421875,70472.921875,0.0,2026-03-20 11:59:59.999000+00:00,-0.0017858344310826002,0,0.00024085460882372622,-0.006272546414940572,-0.002680883173674653,70669.49609375,70239.30240885417,223.41426955684526,481.15309777206187,70553.7065327916,70560.13036695351,-6.423834161905688,50.76264880952381,0.48554081274252076,-1.0,-0.3566407448410576,11,4
2026-03-20 12:00:00+00:00,70474.6953125,70659.421875,70266.2734375,70321.734375,0.0,2026-03-20 12:59:59.999000+00:00,-0.002145327538258801,0,-0.0017858344310826002,0.00024085460882372622,-0.001497834929581443,70643.02994791667,70282.4580078125,257.13709915571326,436.28883479325845,70518.01850851598,70542.47140458658,-24.452896070608404,53.40961205347884,0.09002377337048209,0.0,-0.35364738078757174,12,4
2026-03-20 13:00:00+00:00,70328.6484375,70610.78125,69830.9765625,69830.9765625,0.0,2026-03-20 13:59:59.999000+00:00,-0.00697875012415039,0,-0.002145327538258801,-0.0017858344310826002,0.005313080695599881,70472.359375,70279.79036458333,392.51144437839343,438.9485354281948,70412.31974759045,70489.76808295054,-77.44833536009537,48.628845442915775,-1.0224747683586872,0.0,-0.3512492238750339,13,4
2026-03-20 14:00:00+00:00,69853.2109375,70227.015625,69637.5390625,69792.6328125,333500416.0,2026-03-20 14:59:59.999000+00:00,-0.0005490937100912641,1,-0.00697875012415039,-0.002145327538258801,0.0024348802131113345,70266.54427083333,70289.462890625,366.05685096681924,424.7367989150904,70316.98329603807,70438.12843328754,-121.145137249463,42.22717448057195,-1.1697363623638408,0.0,0.6159110134009491,14,4
2026-03-20 15:00:00+00:00,69730.0,69986.0,69473.0,69856.0,10699622.09114976,2026-03-20 15:59:59.999000+00:00,0.0009079351923897416,1,-0.0005490937100912641,-0.00697875012415039,-0.006272546414940572,70145.54427083333,70306.28287760417,360.8812469356823,397.2472401995964,70246.0627889553,70395.00780859958,-148.94501964427764,39.06459592168252,-1.1335078813333668,-0.9679172151582871,-0.36038023087357446,15,4
2026-03-20 16:00:00+00:00,69857.6171875,70067.390625,69658.296875,69862.078125,154746880.0,2026-03-20 16:59:59.999000+00:00,8.7009347801148e-05,1,0.0009079351923897416,-0.0005490937100912641,0.00024085460882372622,70022.72395833333,70323.60872395833,295.0926479916972,365.94094422853374,70186.98822526987,70355.53153574035,-168.54331047047162,38.77186365856524,-1.2612160684323372,13.46283604053638,0.459396442445954,16,4
2026-03-20 17:00:00+00:00,69822.0,70002.0,69399.0,69980.0,5732546.4660844,2026-03-20 17:59:59.999000+00:00,0.0016879239519473899,0,8.7009347801148e-05,0.0009079351923897416,-0.0017858344310826002,69940.5703125,70328.67740885417,197.00263845773003,360.010866293754,70155.14388292066,70327.71438494476,-172.57050202410028,34.258951924481195,-0.9685191240023993,-0.9629553341166918,-0.40743071131292397,17,4
2026-03-20 18:00:00+00:00,69999.0,70056.0,69527.0,69757.0,6337007.86709194,2026-03-20 18:59:59.999000+00:00,-0.0031866247499285905,1,0.0016879239519473899,8.7009347801148e-05,-0.002145327538258801,69846.44791666667,70325.1044921875,76.56116835886155,365.42787214648143,70093.89097785595,70285.43924531923,-191.54826746328035,29.795526364706603,-1.5546282467468049,0.10544378568647095,-0.405727862458172,18,4
2026-03-20 19:00:00+00:00,69750.9375,70165.765625,69688.8984375,70164.53125,0.0,2026-03-20 19:59:59.999000+00:00,0.005842155625958689,0,-0.0031866247499285905,0.0016879239519473899,-0.00697875012415039,69902.04036458333,70320.29134114583,149.46744465241184,366.80528937107584,70104.75871203195,70276.4830975178,-171.72438548585342,42.30287717056839,-0.4246397084755638,-1.0,-0.46787982838925074,19,4
2026-03-20 20:00:00+00:00,70160.9375,70228.75,69775.8359375,70047.375,143187968.0,2026-03-20 20:59:59.999000+00:00,-0.0016697360890585156,1,0.005842155625958689,-0.0031866247499285905,-0.0005490937100912641,69944.49739583333,70301.80891927083,148.35035007566736,369.0010164884657,70095.93044864242,70259.5121273313,-163.5816786888754,42.12711575599227,-0.6895209170210554,0.0,0.9442007667040795,20,4
2026-03-20 21:00:00+00:00,70044.4921875,70624.5625,69978.828125,70525.046875,182841344.0,2026-03-20 21:59:59.999000+00:00,0.006819268744902907,1,-0.0016697360890585156,0.005842155625958689,0.0009079351923897416,70056.00520833333,70305.76920572917,270.0522494028007,370.9415794121925,70161.94836038974,70279.18136789935,-117.23300750961062,44.21974653053403,0.5911380159061809,0.276932318782539,1.2355362040181013,21,4
2026-03-20 22:00:00+00:00,70545.578125,70877.3046875,70545.578125,70791.7109375,173883392.0,2026-03-20 22:59:59.999000+00:00,0.003781125632892346,0,0.006819268744902907,-0.0016697360890585156,8.7009347801148e-05,70210.94401041667,70332.95084635417,380.59429816255704,381.9548351035077,70258.83491071439,70317.1465212031,-58.311610488715814,46.000847951666756,1.201084654476247,-0.04899303299805102,1.0552537052567428,22,4
2026-03-20 23:00:00+00:00,70783.875,70783.875,70457.359375,70522.46875,0.0,2026-03-20 23:59:59.999000+00:00,-0.003803301035310569,1,0.003781125632892346,0.006819268744902907,0.0016879239519473899,70301.35546875,70358.40657552083,379.19051560033,372.898698764695,70299.39396291217,70332.35557518806,-32.96161227588891,48.92620400432901,0.43996445957752556,-1.0,-0.636226654657059,23,4
2026-03-21 00:00:00+00:00,70517.6171875,70762.1640625,70490.8203125,70695.8828125,0.0,2026-03-21 00:59:59.999000+00:00,0.002458990242028447,0,-0.003803301035310569,0.003781125632892346,-0.0031866247499285905,70457.8359375,70378.693359375,293.71392939818753,377.63104312143986,70360.39224746414,70359.28351869265,1.1087287714908598,51.65418568604487,0.8399453882370501,0.0,-0.6330095585397186,0,5
2026-03-21 01:00:00+00:00,70680.7890625,70742.890625,70483.4453125,70483.4453125,0.0,2026-03-21 01:59:59.999000+00:00,-0.003004948683693942,1,0.002458990242028447,-0.003803301035310569,0.005842155625958689,70510.98828125,70381.6962890625,256.5215515757283,378.18836856641366,70379.3234882389,70368.48068860431,10.84279963458539,50.17453114998794,0.2690432384877322,0.0,-0.5731724480093183,1,5
2026-03-21 02:00:00+00:00,70480.125,70764.6484375,70438.75,70715.328125,0.0,2026-03-21 02:59:59.999000+00:00,0.003289890434156728,0,-0.003004948683693942,0.002458990242028447,-0.0016697360890585156,70622.31380208333,70393.60188802083,127.65093009697577,384.21135290045714,70431.01650927906,70394.17309130028,36.84341797877278,56.35757912270961,0.8373678563905568,0.0,-0.5731724480093183,2,5
2026-03-21 03:00:00+00:00,70730.1640625,70767.015625,70615.7421875,70675.25,0.0,2026-03-21 03:59:59.999000+00:00,-0.0005667530090386341,0,0.003289890434156728,-0.003004948683693942,0.006819268744902907,70647.34765625,70391.69563802083,119.20991786929258,382.6265797581798,70468.59089246689,70414.99360305582,53.5972894110746,65.96107321885901,0.7410733518784243,0.0,-0.5700914517806157,3,5
2026-03-21 04:00:00+00:00,70673.375,70790.421875,70623.890625,70632.328125,0.0,2026-03-21 04:59:59.999000+00:00,-0.0006073112581844731,1,-0.0005667530090386341,0.003289890434156728,0.003781125632892346,70620.78385416667,70385.70930989583,96.13120039935232,377.4413500957648,70493.78123593352,70431.09245653317,62.688779400356,65.84709202374388,0.6533963887146947,0.0,-0.5669673593674851,4,5
2026-03-21 05:00:00+00:00,70632.203125,70782.8203125,70632.203125,70704.1328125,552620032.0,2026-03-21 05:59:59.999000+00:00,0.0010165980565290944,1,-0.0006073112581844731,-0.0005667530090386341,-0.003803301035310569,70651.06119791667,70390.62076822917,87.16297646545009,380.91538832770965,70526.14301694375,70451.31766808627,74.82534885748464,65.95551427252873,0.8230490389144042,0.0,3.444225310205492,5,5
2026-03-21 06:00:00+00:00,70696.578125,70799.671875,70696.578125,70764.578125,0.0,2026-03-21 06:59:59.999000+00:00,0.0008549049411339382,0,0.0010165980565290944,-0.0006073112581844731,0.002458990242028447,70662.51041666667,70402.4560546875,98.0586867872565,388.17402497541866,70562.8253412601,70474.52214637617,88.30319488393434,66.63795735659266,0.932885888836667,-1.0,-0.4962834511781052,6,5
2026-03-21 07:00:00+00:00,70771.8515625,70871.8515625,70693.84375,70697.6328125,0.0,2026-03-21 07:59:59.999000+00:00,-0.0009460285678768443,0,0.0008549049411339382,0.0010165980565290944,-0.003004948683693942,70698.20833333333,70395.89908854167,43.81952511121376,381.4685660821603,70583.56495222008,70491.04886238535,92.51608983473852,63.48327965875297,0.7909792595947247,0.0,-0.4931877410251002,7,5
2026-03-21 08:00:00+00:00,70711.7109375,70727.671875,70489.359375,70585.9921875,0.0,2026-03-21 08:59:59.999000+00:00,-0.0015791281908418275,1,-0.0009460285678768443,0.0008549049411339382,0.003289890434156728,70676.65234375,70377.501953125,61.82582939585986,359.70901868154857,70583.93837303238,70498.08170128273,85.85667174964328,66.25579464365049,0.5796080263408047,0.0,-0.48652310467005633,8,5
2026-03-21 09:00:00+00:00,70586.71875,70701.453125,70583.3671875,70656.6015625,0.0,2026-03-21 09:59:59.999000+00:00,0.0010003312670372466,0,-0.0015791281908418275,-0.0009460285678768443,-0.0005667530090386341,70673.54427083333,70380.6103515625,62.37671434061503,361.86885362666027,70595.11732525816,70509.82391322475,85.29341203341028,61.118152323188106,0.7626829669685798,0.0,-0.4829397277330572,9,5
2026-03-21 10:00:00+00:00,70654.46875,70661.2421875,70556.9921875,70589.5234375,0.0,2026-03-21 10:59:59.999000+00:00,-0.0009493539671684426,1,0.0010003312670372466,-0.0015791281908418275,-0.0006073112581844731,70666.41015625,70380.21549479167,70.01375389311386,361.6252830728592,70594.25672714152,70515.72758168959,78.52914545193198,62.53327698370556,0.5787978675875872,0.0,-0.4803601248417625,10,5
2026-03-21 11:00:00+00:00,70588.78125,70636.265625,70558.6953125,70634.9609375,0.0,2026-03-21 11:59:59.999000+00:00,0.0006436861702321384,1,-0.0009493539671684426,0.0010003312670372466,0.0010165980565290944,70654.88151041667,70386.96712239583,68.23228735430523,364.92894981287554,70600.51891335052,70524.55968211999,75.95923123053217,53.175602775407754,0.6795673931359384,0.0,-0.4803601248417625,11,5
2026-03-21 12:00:00+00:00,70635.1640625,70763.3984375,70635.1640625,70704.8671875,0.0,2026-03-21 12:59:59.999000+00:00,0.0009896834240745722,1,0.0006436861702321384,-0.0009493539671684426,0.0008549049411339382,70644.9296875,70402.93098958333,51.28199133085591,370.2919554476011,70616.5724939889,70537.91579362961,78.65670035929361,47.16908094452254,0.8154003711792697,0.0,-0.4803601248417625,12,5
2026-03-21 13:00:00+00:00,70703.015625,70789.84375,70682.90625,70725.484375,0.0,2026-03-21 13:59:59.999000+00:00,0.0002915950247854848,0,0.0009896834240745722,0.0006436861702321384,-0.0009460285678768443,70649.57161458333,70440.2021484375,57.84698184943948,354.9182710084636,70633.3281679906,70551.80976262,81.51840537060343,57.8980961412211,0.8037969579641534,0.0,-0.4803601248417625,13,5
2026-03-21 14:00:00+00:00,70717.6796875,71040.421875,70590.8203125,70592.34375,0.0,2026-03-21 14:59:59.999000+00:00,-0.0018824985954718487,1,0.0002915950247854848,0.0009896834240745722,-0.0015791281908418275,70650.63020833333,70473.5234375,56.493057551527336,327.99749084170986,70627.02287291513,70554.81228020371,72.21059271141712,45.8416220592019,0.36225982154644637,0.0,-0.4150861956040018,14,5
2026-03-21 15:00:00+00:00,70615.625,70750.3203125,70486.5078125,70652.2265625,0.0,2026-03-21 15:59:59.999000+00:00,0.00084829047059376,0,-0.0018824985954718487,0.0002915950247854848,0.0010003312670372466,70649.90104166667,70506.69954427083,56.428767361123114,302.0637749776691,70630.90036362049,70562.02815296639,68.8722106540954,57.72531574957447,0.48177580459599967,0.0,-0.41090321703849675,15,5
2026-03-21 16:00:00+00:00,70641.703125,70644.515625,70269.796875,70290.7578125,0.0,2026-03-21 16:59:59.999000+00:00,-0.005116169264393067,1,0.00084829047059376,-0.0018824985954718487,-0.0009493539671684426,70600.10677083333,70524.56119791667,158.9859216749065,273.62424129602203,70578.57074037119,70541.93405367258,36.636686698606354,32.62772275961717,-0.8544688303538498,0.0,-0.36355384528825396,16,5
2026-03-21 17:00:00+00:00,70295.28125,70403.3046875,70223.3203125,70317.5859375,0.0,2026-03-21 17:59:59.999000+00:00,0.00038167357750729103,1,-0.005116169264393067,0.00084829047059376,0.0006436861702321384,70547.2109375,70538.62727864583,194.00928311989782,252.25578235879297,70538.41923223715,70525.31567469683,13.103557540322072,35.20492253598505,-0.8762587682982544,0.0,-0.36134602015219836,17,5
2026-03-21 18:00:00+00:00,70312.9609375,70489.90625,70297.890625,70404.65625,0.0,2026-03-21 18:59:59.999000+00:00,0.0012382437670341861,0,0.00038167357750729103,-0.005116169264393067,0.0009896834240745722,70497.17578125,70565.61295572917,183.65361650786102,192.58968833734644,70517.84031189297,70516.3779395341,1.4623723588738358,40.914022747680335,-0.8357493442080577,0.0,-0.35891281325926777,18,5
2026-03-21 19:00:00+00:00,70389.640625,70434.65625,70328.8984375,70379.7109375,0.0,2026-03-21 19:59:59.999000+00:00,-0.0003543133910266505,1,0.0012382437670341861,0.00038167357750729103,0.0002915950247854848,70439.546875,70574.57877604167,148.58659751539093,177.52548972364673,70496.58963890944,70506.25445790194,-9.66481899250357,36.549847768348776,-1.0976893450344598,0.0,-0.35891281325926777,19,5
2026-03-21 20:00:00+00:00,70380.328125,70480.296875,70347.359375,70456.4140625,0.0,2026-03-21 20:59:59.999000+00:00,0.0010898471161400192,0,-0.0003543133910266505,0.0012382437670341861,-0.0018824985954718487,70416.89192708333,70591.6220703125,129.80602591548075,140.48047883583934,70490.4087810003,70502.56257676106,-12.153795760765206,37.39381659433305,-0.96246830116873,0.0,-0.3141360399241983,20,5
2026-03-21 21:00:00+00:00,70446.0,70494.0,70268.0,70335.0,6647617.8934776,2026-03-21 21:59:59.999000+00:00,-0.001723250666607834,0,0.0010898471161400192,-0.0003543133910266505,0.00084829047059376,70364.02083333333,70583.70345052083,61.318518554967774,149.46532459222368,70466.49973776948,70490.15053403802,-23.650796268542763,35.798510613561135,-1.6639541726440537,0.0,-0.20478920953325794,21,5
2026-03-21 22:00:00+00:00,70346.078125,70356.8671875,70270.5390625,70291.234375,0.0,2026-03-21 22:59:59.999000+00:00,-0.0006222453259401295,0,-0.001723250666607834,0.0010898471161400192,-0.005116169264393067,70364.10026041667,70562.85026041667,61.20484299791007,154.02594748535046,70439.53583580494,70475.41600373891,-35.88016793396673,37.808511325815104,-1.7634423929935905,-1.0,-0.20667277073512996,22,5
2026-03-21 23:00:00+00:00,70265.4921875,70265.4921875,68737.4453125,68737.4453125,1413502976.0,2026-03-21 23:59:59.999000+00:00,-0.022105018873485927,1,-0.0006222453259401295,-0.001723250666607834,0.00038167357750729103,70100.74348958333,70488.47428385417,670.2883213835524,403.4288646748277,70177.67575529648,70346.6774340175,-169.00167872101883,14.355073683477372,-4.340366108323802,0.0,4.363209533126013,23,5
2026-03-22 00:00:00+00:00,68910.0,69131.0,68241.0,68937.0,26449433.318516668,2026-03-22 00:59:59.999000+00:00,0.0029031437900080004,1,-0.022105018873485927,-0.0006222453259401295,0.0012382437670341861,69856.13411458333,70415.1875,793.6454667536478,509.83854284918846,69986.80256217395,70242.25688334955,-255.4543211755954,20.746862717438503,-2.8993247386501566,-0.9812880243143424,-0.18648471417650248,0,6
2026-03-22 01:00:00+00:00,68968.0,69081.0,68757.0,68967.0,5242111.96850145,2026-03-22 01:59:59.999000+00:00,0.0004351799469080042,1,0.0029031437900080004,-0.022105018873485927,-0.0003543133910266505,69620.68229166667,70352.00227864583,816.4762156028496,588.8560681990701,69829.90986030104,70147.79341050884,-317.8835502078,20.311322355192274,-2.352021747660094,-0.8018062653602653,-0.2568166019231965,1,6
2026-03-22 02:00:00+00:00,68972.0,69388.0,68947.0,69295.0,4532964.6956815,2026-03-22 02:59:59.999000+00:00,0.004755897748198512,1,0.0004351799469080042,0.0029031437900080004,0.0010898471161400192,69427.11328125,70292.82194010417,709.3623396811362,621.2356703068605,69747.61603563934,70084.62352824892,-337.007492609584,27.01687981884824,-1.6061890644677494,-0.13527892518912976,-0.2598077250151164,2,6
2026-03-22 03:00:00+00:00,69279.0546875,69552.2734375,69138.40625,69332.0703125,666935296.0,2026-03-22 03:59:59.999000+00:00,0.0005349637419727049,0,0.004755897748198512,0.0004351799469080042,-0.001723250666607834,69259.95833333333,70236.85611979167,553.7336646688929,645.3208420531032,69683.68592438713,70028.87884560085,-345.19292121371836,27.40629077412244,-1.4020712618130766,146.13004419279528,1.7016179792220276,3,6
2026-03-22 04:00:00+00:00,69336.1171875,69494.2578125,69207.5078125,69322.4296875,283357184.0,2026-03-22 04:59:59.999000+00:00,-0.00013905000898639663,0,0.0005349637419727049,0.004755897748198512,-0.0006222453259401295,69098.49088541667,70182.27701822917,251.8121651129243,665.4969135472033,69628.1080417891,69976.54927833412,-348.44123654501163,28.549711399140136,-1.2920380443930986,-0.5751354206330684,0.48896282572222255,4,6
2026-03-22 05:00:00+00:00,69355.0,69355.0,69144.0,69146.0,1761601.64177382,2026-03-22 05:59:59.999000+00:00,-0.0025450592008291473,1,-0.00013905000898639663,0.0005349637419727049,-0.022105018873485927,69166.58333333333,70117.35481770833,179.51632458363278,687.9952111260175,69553.93757382155,69915.02710956863,-361.0895357470872,25.52188210200221,-1.4118627600889058,-0.9937831057716404,-0.3129818234516691,5,6
2026-03-22 06:00:00+00:00,69146.0,69231.0,69053.0,69151.0,1946629.35734614,2026-03-22 06:59:59.999000+00:00,7.23107627338404e-05,0,-0.0025450592008291473,-0.00013905000898639663,0.0029031437900080004,69202.25,70050.12239583333,142.14937258152523,700.7207252791278,69491.947177849,69858.43250885984,-366.4853310108447,29.050194292147623,-1.2831394354365195,0.10503380059637601,-0.31267844208035517,6,6
2026-03-22 07:00:00+00:00,69151.0,69232.0,68892.0,68906.0,4601179.7307371395,2026-03-22 07:59:59.999000+00:00,-0.0035429711790140317,0,7.23107627338404e-05,-0.0025450592008291473,0.0004351799469080042,69192.08333333333,69975.47102864583,162.99297773829213,723.7948838444125,69401.80145817992,69787.88195264801,-386.0804944680858,25.980224028417,-1.477588544098804,1.3636650260992544,-0.3049196857856939,7,6
2026-03-22 08:00:00+00:00,68901.0,68969.0,68519.0,68807.0,5164390.4878109,2026-03-22 08:59:59.999000+00:00,-0.0014367399065393638,1,-0.0035429711790140317,7.23107627338404e-05,0.004755897748198512,69110.75,69901.34635416667,214.8675036514145,749.2007051518544,69310.29354153686,69715.22403022964,-404.93048869278573,22.92394873424425,-1.4606851630563535,0.12240572853769627,-0.3038820656533446,8,6
2026-03-22 09:00:00+00:00,68799.2734375,68857.0625,68608.9453125,68817.265625,329285632.0,2026-03-22 09:59:59.999000+00:00,0.0001491944860261274,0,-0.0014367399065393638,-0.0035429711790140317,0.0005349637419727049,69024.94921875,69824.70735677083,211.57503344802518,762.5413675823937,69234.44309283888,69648.70859280523,-414.26549996635003,23.388270735919903,-1.3211633815551298,62.76079283260758,0.6764716303105864,9,6
2026-03-22 10:00:00+00:00,68819.0,68826.0,68583.0,68643.0,1287917.9530362,2026-03-22 10:59:59.999000+00:00,-0.0025322951067194843,0,0.0001491944860261274,-0.0014367399065393638,-0.00013905000898639663,68911.7109375,69743.60221354167,202.12525832581517,780.9528832533068,69143.45184778674,69574.21166000483,-430.75981221809343,20.10719924584481,-1.409306806009556,-0.9960887514428926,-0.357041434269098,10,6
2026-03-22 11:00:00+00:00,68641.0,68674.0,68134.0,68222.0,6766294.96156614,2026-03-22 11:59:59.999000+00:00,-0.006133181824803713,1,-0.0025322951067194843,0.0001491944860261274,-0.0025450592008291473,68757.7109375,69643.06217447917,310.7368381016263,815.7568923180892,69001.69002505032,69474.04783333781,-472.3578082874883,18.299749646035124,-1.7420167550666,4.253669261784067,-0.3407803959300979,11,6
2026-03-22 12:00:00+00:00,68223.0,68742.0,68200.0,68655.0,6213612.31052505,2026-03-22 12:59:59.999000+00:00,0.006346926211486137,1,-0.006133181824803713,-0.0025322951067194843,7.23107627338404e-05,68675.04427083333,69557.65104166667,243.99077691610896,807.0159624988472,68948.3530981195,69413.37762346094,-465.0245253414323,28.01951227703404,-1.1185045694408564,-0.0816817259933883,-0.34344135222886807,12,6
2026-03-22 13:00:00+00:00,68649.0,68936.0,68553.0,68694.0,5019261.74955306,2026-03-22 13:59:59.999000+00:00,0.0005680576797029158,1,0.006346926211486137,-0.006133181824803713,-0.0035429711790140317,68639.7109375,69473.005859375,217.80064291339096,785.4498192762377,68909.22185225497,69360.09039209347,-450.8685398384987,49.01583930625608,-0.9917958350195107,-0.19221517231593543,-0.3479510313852487,13,6
2026-03-22 14:00:00+00:00,68693.0,68899.0,68544.0,68719.0,3494261.4724033102,2026-03-22 14:59:59.999000+00:00,0.0003639328034472644,1,0.0005680576797029158,0.006346926211486137,-0.0014367399065393638,68625.04427083333,69394.94986979167,206.97635546159367,762.1138922694171,68879.95695190805,69312.60221490136,-432.64526299330464,44.637599833962376,-0.8869407534073851,-0.303829597507152,-0.35327965463889294,14,6
2026-03-22 15:00:00+00:00,68708.7421875,68940.5703125,68708.7421875,68828.15625,33644544.0,2026-03-22 15:59:59.999000+00:00,0.001588443516349125,1,0.0003639328034472644,0.0005680576797029158,0.0001491944860261274,68626.859375,69318.94694010417,209.036703985369,721.1307572402947,68871.98761315297,69276.71732861237,-404.729715459398,46.712711883217295,-0.6805848803098973,8.628513568808488,-0.26299126103114967,15,6
2026-03-22 16:00:00+00:00,68843.4296875,68860.4921875,68698.125,68829.7109375,0.0,2026-03-22 16:59:59.999000+00:00,2.258795796228341e-05,0,0.001588443516349125,0.0003639328034472644,-0.0025322951067194843,68657.97786458333,69258.06998697917,225.19315812645596,696.7836511674326,68865.48350920636,69243.60574408554,-378.122234879178,36.96948746110996,-0.6147662172633835,-1.0,-0.3692557831872894,16,6
2026-03-22 17:00:00+00:00,68816.875,68852.375,68684.703125,68722.84375,0.0,2026-03-22 17:59:59.999000+00:00,-0.0015526316476476287,0,2.258795796228341e-05,0.001588443516349125,-0.006133181824803713,68741.45182291667,69191.62239583333,71.94896343905059,666.7441266193152,68843.53893086693,69205.03078156068,-361.4918506937538,33.58038936592227,-0.7030862772053824,0.0,-0.3692557831872894,17,6
2026-03-22 18:00:00+00:00,68688.203125,68734.703125,68438.71875,68572.1953125,317104128.0,2026-03-22 18:59:59.999000+00:00,-0.002192115885774837,0,-0.0015526316476476287,2.258795796228341e-05,0.006346926211486137,68727.65104166667,69115.26985677083,95.82728834102339,625.436318437385,68801.79375881047,69158.15408014877,-356.36032133830304,31.20831898306146,-0.8683130932141382,0.0,0.5877440476746345,18,6
2026-03-22 19:00:00+00:00,68620.0,68620.0,68153.0,68183.0,3945308.78371238,2026-03-22 19:59:59.999000+00:00,-0.005675701510303721,0,-0.002192115885774837,-0.0015526316476476287,0.0005680576797029158,68642.484375,69023.740234375,244.09282819080718,592.2020531459543,68706.59471899347,69085.9204445822,-379.32572558872926,28.20234415340977,-1.4196847679077378,-0.9875583178036952,-0.39722273869228436,19,6
2026-03-22 20:00:00+00:00,68200.0,68487.0,68085.0,68174.0,5623294.602515279,2026-03-22 20:59:59.999000+00:00,-0.00013199771203964428,0,-0.005675701510303721,-0.002192115885774837,0.0003639328034472644,68551.65104166667,68928.6396484375,303.98202116394253,532.3704375420759,68624.65706991755,69018.37078202055,-393.7137121029955,27.92542487767335,-1.4175085527318692,0.42531165766548207,-0.3928049181749303,20,6
2026-03-22 21:00:00+00:00,68185.515625,68192.7578125,67408.296875,67833.8359375,1641764864.0,2026-03-22 21:59:59.999000+00:00,-0.004989645062633885,1,-0.00013199771203964428,-0.005675701510303721,0.001588443516349125,68385.93098958333,68824.42447916667,383.67953438109504,488.06213942256716,68502.99228031485,68930.62746020421,-427.6351798893593,26.774054881041437,-2.0296361091205517,290.95782544731776,3.268931650435719,21,6
2026-03-22 22:00:00+00:00,67877.453125,68364.6640625,67619.6875,68296.4609375,935120896.0,2026-03-22 22:59:59.999000+00:00,0.0068199740381222895,0,-0.004989645062633885,-0.00013199771203964428,2.258795796228341e-05,68297.05598958333,68741.30891927083,316.1397095626068,386.7436244525737,68471.2182275741,68883.65216222612,-412.4339346520137,40.445577704154886,-1.1502399875382563,-0.43041728051015227,1.5036785944492896,22,6
2026-03-22 23:00:00+00:00,68316.71875,68411.7734375,67843.0,67843.0,0.0,2026-03-22 23:59:59.999000+00:00,-0.006639596419424687,0,0.0068199740381222895,-0.004989645062633885,-0.0015526316476476287,68150.41536458333,68704.04036458333,281.27295183350657,428.0254877213027,68374.56926948579,68806.56681687603,-431.997547390245,34.36139368767431,-2.011656757094736,-1.0,-0.4555825447377305,23,6
2026-03-23 00:00:00+00:00,67853.0,68141.0,67435.0,67656.0,10615169.44988544,2026-03-23 00:59:59.999000+00:00,-0.0027563639579617494,1,-0.006639596419424687,0.0068199740381222895,-0.002192115885774837,67997.71614583333,68650.66536458333,253.85755336271538,475.00475312314086,68264.02015110335,68721.33964525559,-457.3194941522379,34.22149062551519,-2.094011392609097,0.0,-0.4265360988248029,0,0
2026-03-23 01:00:00+00:00,67657.0,68143.0,67529.0,67919.0,5189186.67684387,2026-03-23 01:59:59.999000+00:00,0.0038873122856804,1,-0.0027563639579617494,-0.006639596419424687,-0.005675701510303721,67953.71614583333,68606.99869791667,237.68399693570842,492.50834439012505,68210.94012785668,68661.90707894036,-450.96695108368294,44.89842627815573,-1.396928002851653,-0.5111536653896869,-0.44035112292645606,1,0
2026-03-23 02:00:00+00:00,67902.0,68382.0,67787.0,68307.0,5020181.2970469305,2026-03-23 02:59:59.999000+00:00,0.005712687171483655,0,0.0038873122856804,-0.0027563639579617494,-0.00013199771203964428,67975.8828125,68565.83203125,266.7600984173849,473.42248592727645,68225.71856972488,68635.61766568552,-409.89909596064535,44.050614652284715,-0.5467252590316545,-0.03256876083319693,-0.4408438479892126,2,0
2026-03-23 03:00:00+00:00,68371.6953125,68565.7421875,68062.515625,68068.9921875,0.0,2026-03-23 03:59:59.999000+00:00,-0.003484383921120826,1,0.005712687171483655,0.0038873122856804,-0.004989645062633885,68015.07552083333,68513.20377604167,258.8746342285188,454.36140963225927,68201.60681861336,68593.64540804215,-392.03858942879015,39.99564816134817,-0.9776613487074033,-1.0,-0.3956534566977067,3,0
2026-03-23 04:00:00+00:00,68054.0,68523.0,68054.0,68514.0,2585871.14005374,2026-03-23 04:59:59.999000+00:00,0.006537599547150608,1,-0.003484383921120826,0.005712687171483655,0.0068199740381222895,68051.33203125,68479.51920572917,315.2589593169757,420.46253694952156,68249.66730805745,68587.74574818718,-338.0784401297278,47.10753276071889,0.08200681687597784,0.0,-0.35800280865399076,4,0
2026-03-23 05:00:00+00:00,68518.7734375,68850.125,68518.7734375,68845.609375,1175013376.0,2026-03-23 05:59:59.999000+00:00,0.00484002357182467,0,0.006537599547150608,-0.003484383921120826,-0.006639596419424687,68218.43359375,68467.0029296875,428.2237096559882,403.905215173309,68341.3507029717,68606.84675758073,-265.49605460902967,50.23171101052553,0.9373645872585386,453.397497926204,2.279305436054939,5,0
2026-03-23 06:00:00+00:00,68877.9765625,68877.9765625,67741.265625,67806.609375,1326714880.0,2026-03-23 06:59:59.999000+00:00,-0.015091739465048493,1,0.00484002357182467,0.006537599547150608,-0.0027563639579617494,68243.53515625,68410.98665364583,391.5009161390179,398.102380536046,68259.08280636068,68547.5699144266,-288.48710806592135,39.350647872113775,-1.518145352037415,0.12910619325579487,2.215238175848567,6,0
2026-03-23 07:00:00+00:00,67851.0,68442.0,67507.0,68271.0,9224530.04650023,2026-03-23 07:59:59.999000+00:00,0.006848751608146575,1,-0.015091739465048493,0.00484002357182467,0.0038873122856804,68302.20182291667,68384.5283203125,358.09088791020093,384.64685285155656,68260.91622076673,68527.0832540987,-266.167033331978,45.622610206744554,-0.2951494844449254,-0.9930470893290197,-0.47754216182132836,7,0
2026-03-23 08:00:00+00:00,68342.0,68667.0,68314.0,68449.0,9135376.03421796,2026-03-23 08:59:59.999000+00:00,0.00260725637532766,0,0.006848751608146575,-0.015091739465048493,0.005712687171483655,68325.86848958333,68369.61165364583,363.12847193424597,374.3549665801898,68289.85218680261,68521.29930935065,-231.44712254803744,48.81279522016253,0.21206703113732006,-0.009664883938027335,-0.47814389022419507,8,0
2026-03-23 09:00:00+00:00,68415.0,68442.0,67895.0,68315.0,2859369.9088669,2026-03-23 09:59:59.999000+00:00,-0.0019576619088664815,1,0.00260725637532766,0.006848751608146575,-0.003484383921120826,68366.86979166667,68348.68391927083,341.5720961978631,362.07943015993504,68293.72108114067,68506.01787902838,-212.29679788771318,51.3378561994622,-0.09302908827477405,-0.6870003053889966,-0.46125420288088326,9,0
2026-03-23 10:00:00+00:00,68321.6484375,68670.203125,68291.34375,68549.3203125,251672576.0,2026-03-23 10:59:59.999000+00:00,0.0034299979872649544,1,-0.0019576619088664815,0.00260725637532766,0.006537599547150608,68372.75651041667,68344.78059895833,344.90301770419063,359.26266043582336,68333.04403981134,68509.22546669295,-176.1814268816088,53.63782165352363,0.5693319569964308,87.01679531548677,0.024158845599963136,10,0
2026-03-23 11:00:00+00:00,68534.0,71463.0,68532.0,70096.0,50188710.60982688,2026-03-23 11:59:59.999000+00:00,0.02256302003359134,1,0.0034299979872649544,-0.0019576619088664815,0.00484002357182467,68581.15494791667,68422.86393229167,784.8807932977608,505.36118421069443,68604.26803368652,68626.76432101199,-22.496287325469893,67.77005472958626,3.3107728095926876,-0.8005793423840233,-0.39239860957371925,11,0
2026-03-23 12:00:00+00:00,70121.0,70853.0,69664.0,70721.0,32860232.20163124,2026-03-23 12:59:59.999000+00:00,0.008916343300616303,1,0.02256302003359134,0.0034299979872649544,-0.015091739465048493,69066.88671875,68508.947265625,1062.4117075462166,689.1602443415985,68929.91910542705,68781.89288982592,148.0262156011304,68.57179446977142,3.2097799496375825,-0.34526645928223443,-0.430651032265712,12,0
2026-03-23 13:00:00+00:00,70722.0,71559.0,70577.0,71461.0,13547071.135723189,2026-03-23 13:59:59.999000+00:00,0.010463652946083979,0,0.008916343300616303,0.02256302003359134,0.006848751608146575,69598.55338541667,68624.23893229167,1345.059050700961,915.685088386031,69319.31616613058,68980.34526835733,338.97089777325164,76.5482220698606,3.0979657785061776,-0.587736597459263,-0.47117221941163906,13,0
2026-03-23 14:00:00+00:00,71469.0,71801.0,71111.0,71443.0,25925001.748437338,2026-03-23 14:59:59.999000+00:00,-0.00025188564391764867,0,0.010463652946083979,0.008916343300616303,0.00260725637532766,70097.55338541667,68737.73893229167,1387.9786437468097,1081.7112341101945,69646.03675595664,69162.76413736789,483.2726185887441,78.4950421015752,2.500908729059887,0.9136979121689224,-0.44810950438003205,14,0
2026-03-23 15:00:00+00:00,71457.4375,71623.90625,70131.59375,70131.59375,1987919872.0,2026-03-23 15:59:59.999000+00:00,-0.01835597959212243,1,-0.00025188564391764867,0.010463652946083979,-0.0019576619088664815,70400.31901041667,68792.048828125,1086.837946517864,1118.5422941734812,69720.73783196331,69234.52929385916,486.2085381041543,64.37977655423973,1.1975809308711238,75.67964273598649,2.7692907510423117,15,0
2026-03-23 16:00:00+00:00,70107.0390625,70680.6640625,70107.0390625,70545.265625,2353709056.0,2026-03-23 16:59:59.999000+00:00,0.005898509542997532,1,-0.01835597959212243,-0.00025188564391764867,0.0034299979872649544,70732.9765625,68863.5302734375,606.1238602127844,1174.4724670075022,69847.58826166127,69331.62087394367,515.9673877175956,64.49824096902567,1.431907004041975,0.1840060000164836,2.6649165586154164,16,0
2026-03-23 17:00:00+00:00,70561.5625,71098.25,70419.9296875,71083.4921875,1485176832.0,2026-03-23 17:59:59.999000+00:00,0.007629520673450685,0,0.005898509542997532,-0.01835597959212243,0.02256302003359134,70897.55859375,68961.890625,527.5470143462585,1258.0542642999233,70037.72732717491,69461.38911939229,576.3382077826245,68.7952520867593,1.6864149843970522,-0.3690057706095685,1.333816370778514,17,0
2026-03-23 18:00:00+00:00,71067.3984375,71154.96875,70900.5234375,71056.4375,173412352.0,2026-03-23 18:59:59.999000+00:00,-0.0003806043663222569,0,0.007629520673450685,0.005898509542997532,0.008916343300616303,70953.46484375,69065.40071614583,522.8471629105228,1325.0140651257843,70194.45196914801,69579.54085128916,614.91111785885,66.72357123623036,1.5026533198839374,-0.8832379092754391,-0.40726220098633015,18,0
2026-03-23 19:00:00+00:00,71075.15625,71170.8671875,70651.0703125,70651.0703125,0.0,2026-03-23 19:59:59.999000+00:00,-0.005704862244184428,1,-0.0003806043663222569,0.007629520673450685,0.010463652946083979,70818.4765625,69168.23697916667,467.19702055333835,1349.1082753966377,70264.70094504832,69658.91340397144,605.7875410768756,61.761780917433065,1.0991210715814308,-1.0,-0.6377076263320726,19,0
2026-03-23 20:00:00+00:00,70679.421875,70952.390625,70596.109375,70907.671875,1178177536.0,2026-03-23 20:59:59.999000+00:00,0.003631955770309059,0,-0.005704862244184428,-0.0003806043663222569,-0.00025188564391764867,70729.25520833333,69282.13997395833,363.73860384045895,1376.6357126652945,70363.61954965627,69751.41403145503,612.2055182012409,72.49520553845318,1.18080032799272,0.0,0.8580410325873578,20,0
2026-03-23 21:00:00+00:00,70902.0,70985.0,70823.0,70825.0,2120575.571667,2026-03-23 21:59:59.999000+00:00,-0.0011659087488549158,0,0.003631955770309059,-0.005704862244184428,-0.01835597959212243,70844.82291666667,69406.77180989583,216.03765167966026,1375.2143480848417,70434.60115740146,69830.93891801391,603.6622393875441,69.612962678544,1.0312779182963236,-0.998200122216838,-0.6304306900232887,21,0
2026-03-23 22:00:00+00:00,70830.0,70874.0,70503.0,70771.0,3324304.51079667,2026-03-23 22:59:59.999000+00:00,-0.0007624426403106677,1,-0.0011659087488549158,0.003631955770309059,0.005898509542997532,70882.4453125,69509.87760416667,167.68060039328049,1381.1010506574867,70486.35482549354,69900.5730722351,585.781753258445,68.17754814466886,0.9131282575108888,0.5676425566778596,-0.5765755936040312,22,0
2026-03-23 23:00:00+00:00,70771.0,70938.0,70399.0,70883.0,3127790.08261524,2026-03-23 23:59:59.999000+00:00,0.001582569131423961,0,-0.0007624426403106677,-0.0011659087488549158,0.007629520673450685,70849.02994791667,69636.54427083333,136.72224466479068,1360.8347834250299,70547.377160033,69973.34543725473,574.0317227782652,70.17282010997644,0.9159493454668447,-0.059114448614196013,-0.5770894945538363,23,0
2026-03-24 00:00:00+00:00,70875.0,71069.0,70412.0,70675.0,9898971.858853,2026-03-24 00:59:59.999000+00:00,-0.002934413046851825,0,0.001582569131423961,-0.0007624426403106677,-0.0003806043663222569,70785.45703125,69762.3359375,106.28668462298641,1308.3196945097886,70567.01144310484,70025.31984930993,541.6915937949088,66.7675272477633,0.6975848994170832,2.164845337247239,-0.5676866044011268,0,1
2026-03-24 01:00:00+00:00,70673.0,70857.0,70271.0,70494.0,5911980.58382658,2026-03-24 01:59:59.999000+00:00,-0.0025610187477891344,0,-0.002934413046851825,0.001582569131423961,-0.005704862244184428,70759.27864583333,69869.62760416667,154.44083679606365,1255.0814733675352,70555.77891339641,70060.0368975092,495.7420158872119,54.001608686909314,0.4974755894994306,-0.4027682199602085,-0.5732464931366158,1,1
2026-03-24 02:00:00+00:00,70499.40625,70656.46875,70424.046875,70444.484375,0.0,2026-03-24 02:59:59.999000+00:00,-0.0007024090702755226,1,-0.0025610187477891344,-0.002934413046851825,0.003631955770309059,70682.08072916667,69958.689453125,179.20805384385895,1214.5596012957492,70538.65667672004,70088.51448843445,450.1421882855939,46.85600179078386,0.39997619001713147,-1.0,-0.5810182679874558,2,1
2026-03-24 03:00:00+00:00,70434.0,70548.0,70383.0,70509.0,3080524.1152509,2026-03-24 03:59:59.999000+00:00,0.0009158364288190946,0,-0.0007024090702755226,-0.0025610187477891344,-0.0011659087488549158,70629.4140625,70060.3564453125,175.19474134764582,1149.9032712509616,70534.09411107081,70119.66156336523,414.4325477055827,37.21128416103438,0.39015764708576556,0.0,-0.5770051681447369,3,1
2026-03-24 04:00:00+00:00,70523.875,70671.8046875,70270.3984375,70376.3203125,0.0,2026-03-24 04:59:59.999000+00:00,-0.0018817411607029433,0,0.0009158364288190946,-0.0007024090702755226,-0.0007624426403106677,70563.63411458333,70137.953125,185.21006791388427,1102.8912260808145,70509.821218983,70138.6733225604,371.1478964225971,36.09903502145188,0.2161293714766878,-1.0,-0.5810566714557106,4,1
2026-03-24 05:00:00+00:00,70362.28125,70362.28125,70129.859375,70260.484375,748859392.0,2026-03-24 05:59:59.999000+00:00,-0.0016459504700677696,1,-0.0018817411607029433,0.0009158364288190946,0.001582569131423961,70459.88151041667,70196.90625,139.16280027141966,1068.0730014406415,70471.46170452407,70147.69636348185,323.7653410422208,52.4400560837233,0.05952601078226334,0.0,0.4866573727990301,5,1
2026-03-24 06:00:00+00:00,70255.0,70538.0,70240.0,70503.0,4819681.8813240295,2026-03-24 06:59:59.999000+00:00,0.003451664575860658,1,-0.0016459504700677696,-0.0018817411607029433,-0.002934413046851825,70431.21484375,70309.255859375,97.45152416834556,939.8236267712545,70476.31374998191,70174.01515137209,302.29859860982106,49.14441513420504,0.20614946794921957,-0.9935639695077444,-0.5001559803079761,6,1
2026-03-24 07:00:00+00:00,70518.859375,71331.5,70489.46875,71331.5,0.0,2026-03-24 07:59:59.999000+00:00,0.011751272995475404,0,0.003451664575860658,-0.0016459504700677696,-0.0025610187477891344,70570.79817708333,70436.77669270833,383.96727539344795,855.04622202576,70607.88086536931,70259.75476978897,348.12609558034455,54.49247551038314,1.0464034390701233,-1.0,-0.506469774760178,7,1
2026-03-24 08:00:00+00:00,71277.5234375,71277.5234375,70863.7890625,70915.6640625,0.0,2026-03-24 08:59:59.999000+00:00,-0.005829625586171616,1,0.011751272995475404,0.003451664575860658,-0.0007024090702755226,70649.328125,70539.55436197917,400.7817183639531,747.167169207821,70655.23212646635,70308.34064332311,346.8914831432339,47.76481912885131,0.503380924672582,0.0,-0.505769247650561,8,1
2026-03-24 09:00:00+00:00,70954.3125,71318.828125,70860.8984375,71307.640625,47820800.0,2026-03-24 09:59:59.999000+00:00,0.005527362222181864,0,-0.005829625586171616,0.011751272995475404,0.0009158364288190946,70782.43489583333,70664.24772135417,471.2767380666255,593.739215780331,70755.6026647023,70382.36286418806,373.2398005142313,60.46945034793939,1.0836287827143762,0.0,-0.4394562921459512,9,1
2026-03-24 10:00:00+00:00,71309.0,71309.0,71083.0,71256.0,4454647.5850056,2026-03-24 10:59:59.999000+00:00,-0.0007241948344858251,0,0.005527362222181864,-0.005829625586171616,-0.0018817411607029433,70929.04817708333,70777.02604166667,456.26109780874384,400.0055391983811,70832.58687013271,70447.07672610006,385.51014403265435,55.94277153398306,1.1974183139893553,-0.906847071044282,-0.48527628392369404,10,1
2026-03-24 11:00:00+00:00,71252.0,71299.0,70956.0,71133.0,9974705.25763089,2026-03-24 11:59:59.999000+00:00,-0.0017261704277534706,0,-0.0007241948344858251,0.005527362222181864,-0.0016459504700677696,71074.46744791667,70820.234375,318.9385989511127,378.6828356216805,70878.80427472768,70497.88585750005,380.9184172276291,55.18341265876042,0.8259302919989369,1.2391682096706984,-0.4742990829197052,11,1
2026-03-24 12:00:00+00:00,71143.7421875,71143.7421875,70869.4453125,70936.03125,0.0,2026-03-24 12:59:59.999000+00:00,-0.0027690207076883633,0,-0.0017261704277534706,-0.0007241948344858251,0.003451664575860658,71146.63932291667,70829.19401041667,184.36160615671227,378.77667639434577,70887.60842476957,70530.3410717593,357.267353010262,52.64984068842671,0.28205865419258247,-1.0,-0.4863034064789344,12,1
2026-03-24 13:00:00+00:00,70940.84375,71020.2265625,70017.3828125,70017.3828125,0.0,2026-03-24 13:59:59.999000+00:00,-0.012950378267743923,0,-0.0027690207076883633,-0.0017261704277534706,0.011751272995475404,70927.61979166667,70769.04329427083,473.9568493221684,388.5801762866635,70753.72756134348,70492.34416366603,261.38339767744765,38.96074653127185,-1.9343768098357987,0.0,-0.48528918143072275,13,1
2026-03-24 14:00:00+00:00,70076.0,70420.0,69488.0,69836.0,23154749.01716236,2026-03-24 14:59:59.999000+00:00,-0.0025905397376209116,1,-0.012950378267743923,-0.0027690207076883633,-0.005829625586171616,70747.67578125,70702.0849609375,651.2122885644915,405.48547576988744,70612.53870575217,70443.72607746854,168.81262828363106,39.22705914925547,-2.135921044503706,0.0,-0.45157635147559916,14,1
2026-03-24 15:00:00+00:00,69848.0,70231.0,69740.0,69858.0,15457165.32205314,2026-03-24 15:59:59.999000+00:00,0.0003150237699753866,0,-0.0025905397376209116,-0.012950378267743923,0.005527362222181864,70506.06901041667,70690.68522135417,670.5380829035034,425.5699572803024,70496.45582794414,70400.33896061902,96.11686732512317,41.48597939265649,-1.956635347747825,-0.33244081762249944,-0.398069425099569,15,1
2026-03-24 16:00:00+00:00,69869.234375,69945.90625,69383.1484375,69452.984375,0.0,2026-03-24 16:59:59.999000+00:00,-0.005797698545621066,0,0.0003150237699753866,-0.0025905397376209116,-0.0007241948344858251,70205.56640625,70645.17350260417,671.250545276197,494.6043682636258,70335.92175826043,70330.16454686946,5.757211390970042,37.88050100652042,-2.4103894023207064,-1.0,-0.39100860802371173,16,1
2026-03-24 17:00:00+00:00,69441.28125,69479.46875,68934.4375,69221.265625,604794880.0,2026-03-24 17:59:59.999000+00:00,-0.0033363397136236816,1,-0.005797698545621066,0.0003150237699753866,-0.0017261704277534706,69886.94401041667,70567.58072916667,592.027033683901,564.0484529004495,70164.43619929728,70248.02388599025,-83.58768669296114,34.87764868217282,-2.3868784627342756,0.0,1.644796440289448,17,1
2026-03-24 18:00:00+00:00,69284.5390625,69702.84375,69166.9140625,69419.03125,506191872.0,2026-03-24 18:59:59.999000+00:00,0.0028570067769546625,0,-0.0033363397136236816,-0.005797698545621066,-0.0027690207076883633,69634.11067708333,70499.35546875,312.18270019366975,600.2150923133166,70049.75851479001,70186.61702406504,-136.85850927502906,38.92745414489653,-1.7998951252396416,-0.16303545426839594,1.2219551047799972,18,1
2026-03-24 19:00:00+00:00,69410.4375,69648.640625,69276.390625,69297.703125,0.0,2026-03-24 19:59:59.999000+00:00,-0.0017477645944533604,1,0.0028570067769546625,-0.0033363397136236816,-0.012950378267743923,69514.1640625,70442.96516927083,271.0127527306559,647.0861710089191,69934.05768559154,70120.77155006022,-186.71386446867837,38.878058994047166,-1.769875629524221,-1.0,-0.4316407413949658,19,1
2026-03-24 20:00:00+00:00,69318.796875,70220.421875,69277.375,70043.5078125,871616512.0,2026-03-24 20:59:59.999000+00:00,0.010762329108581214,1,-0.0017477645944533604,0.0028570067769546625,-0.0025905397376209116,69548.74869791667,70406.95833333333,327.6246064230458,644.139798364742,69950.89616665438,70115.04831024095,-164.1521435865725,45.244913435838065,-0.5642416782133463,0.0,2.848607626435128,20,1
2026-03-24 21:00:00+00:00,70051.0234375,70314.296875,69920.40625,70280.640625,609001472.0,2026-03-24 21:59:59.999000+00:00,0.0033855073782824707,1,0.010762329108581214,-0.0017477645944533604,0.0003150237699753866,69619.18880208333,70384.27669270833,435.1891517739211,638.3375214916334,70001.62608332293,70127.3144076305,-125.68832430757175,37.60842969481232,-0.16235308785571181,-0.30129654083469226,1.6531840496752357,21,1
2026-03-24 22:00:00+00:00,70293.453125,70513.671875,70159.40625,70343.359375,653373440.0,2026-03-24 22:59:59.999000+00:00,0.0008924043583302677,1,0.0033855073782824707,0.010762329108581214,-0.005797698545621066,69767.58463541667,70366.45833333333,512.1755863178728,633.01966646625,70054.20043588863,70143.31773854676,-89.11730265812366,42.63841350299167,-0.036490111693172844,0.07286019827551415,1.6188833029199818,22,1
2026-03-24 23:00:00+00:00,70287.0,70792.0,70243.0,70519.0,6652862.96790994,2026-03-24 23:59:59.999000+00:00,0.00249690413651793,1,0.0008924043583302677,0.0033855073782824707,-0.0033363397136236816,69983.87369791667,70351.29166666667,509.3317177922749,624.4076377920414,70125.70806113654,70171.14605420997,-45.437993073428515,39.2578183195774,0.2685878954433668,-0.9898176715479743,-0.555509322258583,23,1
2026-03-25 00:00:00+00:00,70525.5625,70995.4453125,70510.4296875,70869.515625,13664256.0,2026-03-25 00:59:59.999000+00:00,0.004970513265928345,0,0.00249690413651793,0.0008924043583302677,0.0028570067769546625,70225.62109375,70359.396484375,531.3676327048278,630.0291618267638,70240.1399940386,70222.87713352774,17.262860510862083,45.13199793747073,0.809675442873016,1.053891094091294,-0.5326213928738294,0,2
2026-03-25 01:00:00+00:00,70827.4140625,70925.3828125,70631.0390625,70702.359375,0.0,2026-03-25 01:59:59.999000+00:00,-0.0023586481229036504,0,0.004970513265928345,0.00249690413651793,-0.0017477645944533604,70459.73046875,70368.078125,299.7206168196432,633.3912063341129,70311.25066803266,70258.39433659975,52.85633143290761,44.63549553687866,0.5277642737333287,-1.0,-0.5774641581086308,1,2
2026-03-25 02:00:00+00:00,70649.0,70731.0,70479.0,70492.0,2906574.03344512,2026-03-25 02:59:59.999000+00:00,-0.0029752808372952577,1,-0.0023586481229036504,0.004970513265928345,0.010762329108581214,70534.47916666667,70370.05794270833,220.65269396197903,633.7145945791601,70339.0582575661,70275.6984598146,63.3597977515019,44.487080003103905,0.1924242527074058,0.0,-0.5682391221746486,2,2
2026-03-25 03:00:00+00:00,70492.0,70766.0,70387.0,70695.0,4510579.236494401,2026-03-25 03:59:59.999000+00:00,0.0028797594053224795,1,-0.0029752808372952577,-0.0023586481229036504,0.0033855073782824707,70603.5390625,70377.80794270833,187.69942684339716,636.6183504544533,70393.81852563286,70306.75783316165,87.06069247120467,60.23115196153601,0.49824523133089443,0.5518542395935728,-0.5631128673097434,3,2
2026-03-25 04:00:00+00:00,70694.0,70937.0,70673.0,70937.0,2751663.62446177,2026-03-25 04:59:59.999000+00:00,0.0034231558101704973,1,0.0028797594053224795,-0.0029752808372952577,0.0008924043583302677,70702.47916666667,70401.16959635417,179.40080042304402,646.7679643844468,70477.38490630472,70353.44243811264,123.9424681920791,66.32486632254955,0.8284739398863057,-0.38995337844893974,-0.569544625291522,4,2
2026-03-25 05:00:00+00:00,70936.0,71312.0,70913.0,71088.0,6967835.40492096,2026-03-25 05:59:59.999000+00:00,0.0021286493649295135,0,0.0034231558101704973,0.0028797594053224795,0.00249690413651793,70797.3125,70435.6494140625,210.6773730748322,660.8464097789033,70571.32568995016,70407.85410936356,163.47158058659988,67.56562564152914,0.9871440266366194,1.5322264476581435,-0.49294873431193365,5,2
2026-03-25 06:00:00+00:00,71088.0,71233.0,70970.0,70971.0,3335916.11403909,2026-03-25 06:59:59.999000+00:00,-0.001645847400405187,0,0.0021286493649295135,0.0034231558101704973,0.004970513265928345,70814.2265625,70455.1494140625,221.4327532066912,669.7647746311346,70632.81404534244,70449.56861978107,183.2454255613702,73.62199172344037,0.7701966503413066,-0.5212406837734521,-0.5060018407670785,6,2
2026-03-25 07:00:00+00:00,70971.0,71227.0,70878.0,70900.0,5931846.913258,2026-03-25 07:59:59.999000+00:00,-0.0010004086176044202,1,-0.001645847400405187,0.0021286493649295135,-0.0023586481229036504,70847.16666666667,70437.17024739583,216.09943689409772,650.7385540145941,70673.91957682822,70482.9339072047,190.98566962352197,77.49840034808426,0.7112376387549825,0.7781762821595013,-0.4976149175455505,7,2
2026-03-25 08:00:00+00:00,70900.0,71474.0,70785.0,71239.0,10663908.26760609,2026-03-25 08:59:59.999000+00:00,0.0047813822284907825,1,-0.0010004086176044202,-0.001645847400405187,-0.0029752808372952577,70971.66666666667,70450.642578125,183.2393697486398,664.2816925739484,70760.85502654695,70538.93880296731,221.91622357963934,78.49349785218745,1.1867817985774753,0.7977382800914292,-0.4822712803241543,8,2
2026-03-25 09:00:00+00:00,71232.0,71390.0,71088.0,71334.0,5329496.49962634,2026-03-25 09:59:59.999000+00:00,0.001333539213071555,1,0.0047813822284907825,-0.0010004086176044202,0.0028797594053224795,71078.16666666667,70451.74088541667,175.8242492542548,665.7803389807118,70849.03117630896,70597.83222496974,251.19895133921818,82.14534135139534,1.3251504481703962,-0.5002304628017263,-0.493968823766071,9,2
2026-03-25 10:00:00+00:00,71334.0,71604.0,71285.0,71481.0,4263719.87353878,2026-03-25 10:59:59.999000+00:00,0.002060728404407408,1,0.001333539213071555,0.0047813822284907825,0.0034231558101704973,71168.83333333333,70461.11588541667,222.52857485224933,679.0495852211645,70946.2571491845,70663.25206015716,283.00508902734146,77.98285128554525,1.5019287792527773,-0.1999769820962043,-0.4978404707991932,10,2
2026-03-25 11:00:00+00:00,71479.0,72026.0,71459.0,71664.0,18344456.0948544,2026-03-25 11:59:59.999000+00:00,0.0025601208712804358,1,0.002060728404407408,0.001333539213071555,0.0021286493649295135,71264.83333333333,70483.24088541667,293.5829808175541,709.8452175447186,71056.67912623304,70737.38153718256,319.2975890504749,77.50883974123948,1.6634036341999352,3.3024534066373743,-0.44776022849777664,11,2
2026-03-25 12:00:00+00:00,71665.0,71932.0,71125.0,71707.0,17298944.95229416,2026-03-25 12:59:59.999000+00:00,0.0006000223264122084,0,0.0025601208712804358,0.002060728404407408,-0.001645847400405187,71387.5,70515.36458333333,299.9484955104593,747.6643703262752,71156.72849142796,70809.20512702089,347.5233644070686,77.33106182551563,1.5938106240727383,-0.05699330288966731,-0.4548502145928983,12,2
2026-03-25 13:00:00+00:00,71707.0,71932.0,71506.0,71559.0,14687805.79587555,2026-03-25 13:59:59.999000+00:00,-0.0020639547045616657,0,0.0006000223264122084,0.0025601208712804358,-0.0010004086176044202,71497.33333333333,70579.5986328125,183.9681130674477,768.9408573744205,71218.61641582366,70864.7454879823,353.87092784135893,71.0779656723035,1.2737018169794039,-0.15094210448206125,-0.4672331839237301,13,2
2026-03-25 14:00:00+00:00,71568.0,71683.0,71221.0,71221.0,9291093.249726,2026-03-25 14:59:59.999000+00:00,-0.004723375117036244,0,-0.0020639547045616657,0.0006000223264122084,0.0047813822284907825,71494.33333333333,70637.30696614583,189.09856325630494,762.6538822529525,71218.98312108156,70891.13471109472,327.8484099868365,57.15995391147693,0.7653446044618386,-0.3674280979167759,-0.48446578552271485,14,2
2026-03-25 15:00:00+00:00,71223.0,71286.0,70559.0,70827.0,13360287.23786487,2026-03-25 15:59:59.999000+00:00,-0.0055320762134764,1,-0.004723375117036244,-0.0020639547045616657,0.001333539213071555,71409.83333333333,70677.68196614583,333.3397165440117,745.0498214816483,71158.67802553055,70886.38399175438,272.29403377616836,52.32420588903716,0.20041348853319527,0.437967188442423,-0.4691181845440869,15,2
2026-03-25 16:00:00+00:00,70815.0,71715.0,70711.0,71321.0,14477606.47225206,2026-03-25 16:59:59.999000+00:00,0.006974741270984186,0,-0.0055320762134764,-0.004723375117036244,0.002060728404407408,71383.16666666667,70755.51595052083,332.9074445332449,708.2084329404108,71183.65063698738,70918.57777014295,265.07286684443534,63.97976391231028,0.7984712171970871,0.08362988119151771,-0.4677626685752351,16,2
2026-03-25 17:00:00+00:00,71309.0,71372.0,70702.0,70752.0,9518715.63567936,2026-03-25 17:59:59.999000+00:00,-0.007978014890424934,1,0.006974741270984186,-0.0055320762134764,0.0025601208712804358,71231.16666666667,70819.29654947917,383.41018064956387,628.4666774911713,71117.24284668163,70906.23867605829,211.004170623346,50.85559891924348,-0.1070805372654255,-0.3425214551919866,-0.4219302021935554,17,2
2026-03-25 18:00:00+00:00,70745.5390625,71080.75,70732.734375,70758.75,0.0,2026-03-25 18:59:59.999000+00:00,9.540366350058171e-05,1,-0.007978014890424934,0.006974741270984186,0.0006000223264122084,71073.125,70875.1181640625,341.14922498687116,553.7404862467656,71062.09010103831,70895.31358894287,166.77651209544274,47.12105305660987,-0.21014927922507437,-1.0,-0.3967676400766554,18,2
2026-03-25 19:00:00+00:00,70773.6640625,71024.2890625,70761.7265625,70781.0078125,0.0,2026-03-25 19:59:59.999000+00:00,0.00031455915346167984,1,9.540366350058171e-05,-0.007978014890424934,-0.0020639547045616657,70943.45963541667,70936.92252604167,257.0187788932045,441.41077947683976,71018.84667203242,70886.84649439155,132.00017764087534,44.82656927618049,-0.3532190893173513,0.0,-0.3967676400766554,19,2
2026-03-25 20:00:00+00:00,70853.0,71030.0,70625.0,70980.0,4644959.744607,2026-03-25 20:59:59.999000+00:00,0.002811378272927767,1,0.00031455915346167984,9.540366350058171e-05,-0.004723375117036244,70903.29296875,70975.94303385417,221.32313079433789,398.28563986129757,71012.87026095051,70893.74675406625,119.12350688426523,50.147589373565104,0.010186071853460033,0.0,-0.3119499165140711,20,2
2026-03-25 21:00:00+00:00,70982.8828125,71135.3046875,70932.6328125,70997.5703125,0.0,2026-03-25 21:59:59.999000+00:00,0.00024753891941386996,1,0.002811378272927767,0.00031455915346167984,-0.0055320762134764,70931.72135416667,71005.81510416667,220.51675809445595,369.73136526184936,71010.51642272735,70901.43738802431,109.07903470304154,51.628576570091774,-0.022299410981355156,-1.0,-0.2594771290923765,21,2
2026-03-25 22:00:00+00:00,71007.4453125,71524.359375,70940.5234375,71345.9453125,0.0,2026-03-25 22:59:59.999000+00:00,0.004906858058192798,0,0.00024753891941386996,0.002811378272927767,0.006974741270984186,70935.87890625,71047.58951822917,229.38095610664084,347.6059752058194,71062.12086730776,70934.36390094843,127.75696635933127,51.779488499426726,0.8583160692049968,0.0,-1.2093171022622224,22,2
2026-03-25 23:00:00+00:00,71353.3203125,71396.9453125,71179.1328125,71310.1171875,5345280.0,2026-03-25 23:59:59.999000+00:00,-0.0005021746483709899,0,0.004906858058192798,0.00024753891941386996,-0.007978014890424934,71028.8984375,71080.552734375,251.95442244469464,332.48237308459846,71100.27414733733,70962.19747773003,138.07666960729694,49.59462577474613,0.6904560112321758,0.0,-0.27932047263536935,23,2
2026-03-26 00:00:00+00:00,71311.6640625,71393.2109375,71148.0390625,71243.4140625,0.0,2026-03-26 00:59:59.999000+00:00,-0.0009353949710194653,0,-0.0005021746483709899,0.004906858058192798,9.540366350058171e-05,71109.67578125,71096.1318359375,224.1838774098701,330.9200811445708,71122.29567274697,70983.02833586115,139.26733688582317,45.854338147286796,0.44506886996125217,-1.0,-1.1029131172336888,0,3
2026-03-26 01:00:00+00:00,71265.0,71338.0,71135.0,71226.0,2724695.48967984,2026-03-26 01:59:59.999000+00:00,-0.0002444304884761106,0,-0.0009353949710194653,-0.0005021746483709899,0.00031455915346167984,71183.84114583333,71117.9501953125,157.3516678115035,320.9408933875767,71138.25018463205,71001.02623690847,137.2239477235853,41.888560300475135,0.3366657441095118,0.0,-0.6650467338847932,1,3
2026-03-26 02:00:00+00:00,71247.9609375,71255.8828125,70717.8671875,70867.078125,225431552.0,2026-03-26 02:59:59.999000+00:00,-0.005039197413865715,0,-0.0002444304884761106,-0.0009353949710194653,0.002811378272927767,71165.02083333333,71133.57845052083,189.97900435184096,297.404105414799,71096.53140622712,70991.10415454488,105.42725168223842,36.07470001865169,-0.8960882538898781,81.73642058492521,4.657759442073246,2,3
2026-03-26 03:00:00+00:00,70880.796875,70945.40625,70675.46875,70864.46875,0.0,2026-03-26 03:59:59.999000+00:00,-3.682069402377586e-05,0,-0.005039197413865715,-0.0002444304884761106,0.00024753891941386996,71142.83723958333,71140.6396484375,218.99740516787057,288.414252600623,71060.82945911525,70981.72375420823,79.1057049070223,37.90193079196764,-0.9575494135510814,-1.0,-0.34611320607466445,3,3
2026-03-26 04:00:00+00:00,70860.96875,70874.7890625,70697.3125,70754.3984375,0.0,2026-03-26 04:59:59.999000+00:00,-0.001553251078312834,0,-3.682069402377586e-05,-0.005039197413865715,0.004906858058192798,71044.24609375,71133.03125,241.2922903083285,296.32002577566533,71013.6862250206,70964.88484185947,48.801383161131525,41.17118368963957,-1.277783408356785,0.0,-0.343282925817754,4,3
2026-03-26 05:00:00+00:00,70750.1015625,70750.1015625,69956.7734375,69983.71875,182083584.0,2026-03-26 05:59:59.999000+00:00,-0.010892321954807827,1,-0.001553251078312834,-3.682069402377586e-05,-0.0005021746483709899,70823.1796875,71087.01953125,458.67603367248984,378.0734548726172,70855.22969040205,70892.2058720921,-36.976181690057274,36.03456038752348,-2.9182180526843142,0.0,2.823796941346867,5,3
2026-03-26 06:00:00+00:00,69976.6640625,70114.34375,69845.5703125,70077.34375,488939520.0,2026-03-26 06:59:59.999000+00:00,0.0013378111605422127,0,-0.010892321954807827,-0.001553251078312834,-0.0009353949710194653,70628.83463541667,71049.78385416667,490.91197570386674,430.3849699112569,70735.5549303402,70831.84571490009,-96.29078455989657,26.25519829597323,-2.259465762401469,1.6852476717505738,4.039377609404757,6,3
2026-03-26 07:00:00+00:00,70056.0,70125.0,69789.0,70056.0,7241371.28435448,2026-03-26 07:59:59.999000+00:00,-0.0003045741870032481,0,0.0013378111605422127,-0.010892321954807827,-0.0002444304884761106,70433.83463541667,71014.6171875,435.51254547323634,475.2943523961804,70631.00801798016,70774.37566194453,-143.36764396437502,33.19766433049422,-2.0168916013143514,-0.9851896380060371,-0.3245933974681645,7,3
2026-03-26 08:00:00+00:00,70036.0,70095.0,69788.0,69991.0,5432416.43484566,2026-03-26 08:59:59.999000+00:00,-0.0009278291652392578,0,-0.0003045741870032481,0.0013378111605422127,-0.005039197413865715,70287.82161458333,70962.6171875,407.14608333233343,516.1882489714474,70532.54524598322,70716.34783513383,-183.8025891506113,31.972542027135106,-1.8822923408970211,-0.24980832752177773,-0.3387868214495048,8,3
2026-03-26 09:00:00+00:00,69991.0,70108.0,69372.0,69544.0,8579160.979146639,2026-03-26 09:59:59.999000+00:00,-0.0063865354116957596,0,-0.0009278291652392578,-0.0003045741870032481,-3.682069402377586e-05,70067.74348958333,70888.03385416667,389.6105888655794,584.9341269949002,70380.4613619858,70629.50725475354,-249.04589276773913,25.784191674644944,-2.2977525026136654,0.5792531890811095,-0.3116518026803269,9,3
2026-03-26 10:00:00+00:00,69563.9609375,69658.328125,69451.046875,69460.2890625,232046592.0,2026-03-26 10:59:59.999000+00:00,-0.0012037118586794016,0,-0.0063865354116957596,-0.0009278291652392578,-0.001553251078312834,69852.05859375,70803.83756510417,274.72461575999426,638.8206673256958,70238.89639283414,70542.89849977179,-304.00210693765257,18.843718066584884,-2.103170062153261,26.04770228277981,1.5407354232904502,10,3
2026-03-26 11:00:00+00:00,69479.796875,69605.1875,69242.5625,69264.1328125,0.0,2026-03-26 11:59:59.999000+00:00,-0.002824005667806828,1,-0.0012037118586794016,-0.0063865354116957596,-0.010892321954807827,69732.12760416667,70703.84309895833,351.9629942089714,684.5166592950516,70088.93276509043,70448.17511552943,-359.2423504390026,16.886745146732252,-2.1032509098332417,-1.0,-0.44258863536424986,11,3
2026-03-26 12:00:00+00:00,69255.953125,69421.5703125,69222.3359375,69421.5703125,0.0,2026-03-26 12:59:59.999000+00:00,0.002273001820815246,1,-0.002824005667806828,-0.0012037118586794016,0.0013378111605422127,69622.83203125,70608.61686197917,324.03341092277293,697.7360024414628,69986.26161853806,70372.13031530502,-385.8686967669637,10.346692767360395,-1.7012832150348438,0.0,-0.43539654907714176,12,3
2026-03-26 13:00:00+00:00,69409.0,69837.0,69192.0,69624.0,15262801.169472,2026-03-26 13:59:59.999000+00:00,0.0029159479768141594,0,0.002273001820815246,-0.002824005667806828,-0.0003045741870032481,69550.83203125,70527.99186197917,247.4878308003942,694.9335298281851,69930.5290618399,70316.71325491206,-386.18419307215663,17.488408246639963,-1.3008321273585315,0.0,-0.3052989740283934,13,3
2026-03-26 14:00:00+00:00,69619.0,69789.0,69221.0,69443.0,16662621.7783135,2026-03-26 14:59:59.999000+00:00,-0.0025996782718602507,0,0.0029159479768141594,0.002273001820815246,-0.0009278291652392578,69459.49869791667,70453.90852864583,121.721297688607,712.3957420214986,69855.52459078761,70251.9937545482,-396.4691637605865,16.750108931833196,-1.4190266294647806,0.09171452823754023,-0.29623303465185896,14,3
2026-03-26 15:00:00+00:00,69454.84375,69454.84375,68819.421875,69042.921875,472600576.0,2026-03-26 15:59:59.999000+00:00,-0.005761244833892509,0,-0.0025996782718602507,0.0029159479768141594,-0.0063865354116957596,69375.98567708333,70379.57194010417,199.3136237192569,763.0528146865047,69730.50878835874,70162.43287458166,-431.92408622291987,14.675825731680177,-1.7517136944882714,27.362918050212986,2.7776001022074337,15,3
2026-03-26 16:00:00+00:00,69059.0703125,69059.0703125,68808.8984375,68897.984375,0.0,2026-03-26 16:59:59.999000+00:00,-0.0020992376345602137,0,-0.005761244833892509,-0.0025996782718602507,-0.0012037118586794016,69282.26822916667,70278.61295572917,271.03875248285016,792.7917232520385,69602.42810938047,70068.7700227608,-466.3419133803254,15.767728406195488,-1.7414770364476322,-1.0,-0.48157789046071997,16,3
2026-03-26 17:00:00+00:00,68884.0,69111.0,68347.0,68435.0,6495430.714664849,2026-03-26 17:59:59.999000+00:00,-0.006719853696736,1,-0.0020992376345602137,-0.005761244833892509,-0.002824005667806828,69144.07942708333,70182.0712890625,440.51508837446096,869.9589414022382,69422.8237848604,69947.75002107481,-524.9262362144073,13.592044321018292,-2.008222694103808,0.0,-0.43576185378061566,17,3
2026-03-26 18:00:00+00:00,68441.0,68557.0,68110.0,68451.0,16237472.71226103,2026-03-26 18:59:59.999000+00:00,0.00023379849492211058,1,-0.006719853696736,-0.0020992376345602137,0.002273001820815246,68982.31770833333,70085.9150390625,493.2797369175557,928.9826543969898,69273.31243334342,69836.87964914335,-563.5672157999215,14.47985061140895,-1.7598983482891148,1.499830022911552,-0.3740663579093614,18,3
2026-03-26 19:00:00+00:00,68451.0,68634.0,68311.0,68500.0,5429971.555875,2026-03-26 19:59:59.999000+00:00,0.0007158405282610136,1,0.00023379849492211058,-0.006719853696736,0.0029159479768141594,68794.984375,69990.873046875,406.67826003717903,970.530620905829,69154.34128975213,69737.85152698458,-583.5102372324473,20.569347590268094,-1.5361422038219854,-0.6655901043162469,-0.45060610424214526,19,3
2026-03-26 20:00:00+00:00,68475.0,69412.0,68399.0,68956.0,17438968.83980172,2026-03-26 20:59:59.999000+00:00,0.00665693430656944,0,0.0007158405282610136,0.00023379849492211058,-0.0025996782718602507,68713.81770833333,69906.53971354167,280.5029948210328,968.779649369502,69123.82724517488,69679.9365990598,-556.1093538849236,30.55301137564561,-0.9811722553836661,2.2116132949045553,-0.3718883252274572,20,3
2026-03-26 21:00:00+00:00,68969.7578125,69130.953125,68864.953125,68926.3828125,475009024.0,2026-03-26 21:59:59.999000+00:00,-0.00042950849092171506,0,0.00665693430656944,0.0007158405282610136,-0.005761244833892509,68694.39453125,69820.240234375,256.13295869990696,959.5719060904759,69093.45117860951,69624.11780005538,-530.6666214458673,30.465585677113594,-0.9315168735158033,26.23836646326623,2.3229982102677793,21,3
2026-03-26 22:00:00+00:00,68873.0,68979.0,68565.0,68825.0,4610580.63834,2026-03-26 22:59:59.999000+00:00,-0.001470885434040392,0,-0.00042950849092171506,0.00665693430656944,-0.0020992376345602137,68682.23046875,69715.20084635417,246.0656986059217,922.5632574960396,69052.15099728497,69564.92388894016,-512.772891655186,30.0869913275517,-0.9649212009269652,-0.9902936988448876,-0.5237805762528357,22,3
2026-03-26 23:00:00+00:00,68840.0,68943.0,68582.0,68779.0,5680120.61766044,2026-03-26 23:59:59.999000+00:00,-0.0006683617871412473,0,-0.001470885434040392,-0.00042950849092171506,-0.006719853696736,68739.56380208333,69609.73763020833,215.0629726314191,875.8003123678403,69010.12776693344,69506.70730457423,-496.5795376407914,34.8618832361435,-0.9485468530632525,0.23197511619827527,-0.5174151656563369,23,3
2026-03-27 00:00:00+00:00,68778.71875,68909.015625,68524.25,68707.9765625,0.0,2026-03-27 00:59:59.999000+00:00,-0.0010326325986129703,1,-0.0006683617871412473,-0.001470885434040392,0.00023379849492211058,68782.39322916667,69504.09440104167,166.12220674624075,821.3992525287775,68963.64296625137,69447.54206442059,-483.89909816921863,35.03781875586549,-0.9692215278875965,-1.0,-0.5517961844936592,0,4
2026-03-27 01:00:00+00:00,68725.046875,69008.4453125,68668.96875,68999.703125,0.0,2026-03-27 01:59:59.999000+00:00,0.004245890755269599,0,-0.0010326325986129703,-0.0006683617871412473,0.0007158405282610136,68865.67708333333,69411.33203125,112.99857576961995,740.1809394212681,68969.19068298193,69414.36880964869,-445.1781266667531,44.93355407132871,-0.5561193004670506,0.0,-0.5508944726266438,1,4
2026-03-27 02:00:00+00:00,69009.4296875,69082.3515625,68862.15625,68884.2734375,122109952.0,2026-03-27 02:59:59.999000+00:00,-0.00167290121945729,0,0.004245890755269599,-0.0010326325986129703,0.00665693430656944,68853.72265625,69328.71516927083,105.04621438358743,678.737347595314,68956.12649136933,69375.10248578583,-418.975994416498,39.537020696537994,-0.6548066543640672,0.0,0.21703181471831604,2,4
2026-03-27 03:00:00+00:00,68873.0546875,68873.0546875,68644.6875,68741.234375,188006400.0,2026-03-27 03:59:59.999000+00:00,-0.0020765126111083054,0,-0.00167290121945729,0.004245890755269599,-0.00042950849092171506,68822.86458333333,69240.2470703125,106.6155025399257,604.134199588691,68923.06616577404,69328.14929239429,-405.083126620244,32.402539152536036,-0.8259964353155967,0.5396484637058903,0.572761436665651,3,4
2026-03-27 04:00:00+00:00,68729.7890625,68729.7890625,68269.15625,68542.78125,515092480.0,2026-03-27 04:59:59.999000+00:00,-0.0028869589963629316,1,-0.0020765126111083054,-0.00167290121945729,-0.001470885434040392,68775.828125,69148.09635416667,156.20619068450236,526.865180167217,68864.56079411649,69269.97388184656,-405.4130877300631,32.17862821155262,-1.148899428074856,1.7397603485838782,2.182642072403733,4,4
2026-03-27 05:00:00+00:00,68532.0,68807.0,68471.0,68580.0,5025225.6276084,2026-03-27 05:59:59.999000+00:00,0.0005430002885971064,1,-0.0028869589963629316,-0.0020765126111083054,-0.0006683617871412473,68742.66145833333,69089.60807291667,175.35124586053985,507.631614881411,68820.78221040627,69218.86470541348,-398.08249500721286,39.29815055627799,-1.00389348885554,-0.9902440322413396,-0.5644125192109269,5,4
2026-03-27 06:00:00+00:00,68578.9765625,68788.1171875,68546.3046875,68615.8203125,0.0,2026-03-27 06:59:59.999000+00:00,0.0005223142680081949,0,0.0005430002885971064,-0.0028869589963629316,-0.0010326325986129703,68727.30208333333,69028.71126302083,182.8717960754192,470.2782551448857,68789.24961072838,69174.19475038286,-384.9451396544755,43.1303328983958,-0.8779715966106555,-1.0,-0.5323210027928749,6,4
2026-03-27 07:00:00+00:00,68610.0,68899.0,68406.0,68473.0,6675619.735526499,2026-03-27 07:59:59.999000+00:00,-0.0020814487365966583,0,0.0005223142680081949,0.0005430002885971064,0.004245890755269599,68639.51822916667,68962.7529296875,149.29277328249,429.1446737956765,68740.59582446248,69122.25439850264,-381.65857404016424,51.096028698646194,-1.141230357948425,0.0,-0.49189426334012765,7,4
2026-03-27 08:00:00+00:00,68480.609375,68536.6796875,67616.8203125,67910.8203125,1849540608.0,2026-03-27 08:59:59.999000+00:00,-0.00821023888978134,0,-0.0020814487365966583,0.0005223142680081949,-0.00167290121945729,68477.27604166667,68876.07877604167,291.4110629648587,422.4550839894534,68612.93805339132,69032.51854028023,-419.58048688890995,38.152452168072294,-2.284878322273355,276.05901193818204,4.265730788975137,8,4
2026-03-27 09:00:00+00:00,67887.0,67904.0,67513.0,67661.0,4653893.00720366,2026-03-27 09:59:59.999000+00:00,-0.003678652552721706,0,-0.00821023888978134,-0.0020814487365966583,-0.0020765126111083054,68297.23697916667,68797.62044270833,406.63256839547984,465.66135683058957,68466.48604517727,68930.92457433355,-464.4385291562794,33.08830013731938,-2.440873450278241,-0.9974837573248873,-0.4058462352103465,9,4
2026-03-27 10:00:00+00:00,67654.0,67727.0,66302.0,66457.0,19195194.50148347,2026-03-27 10:59:59.999000+00:00,-0.017794593635920286,1,-0.003678652552721706,-0.00821023888978134,-0.0028869589963629316,67949.60677083333,68672.4833984375,827.9915227196844,647.7681792604957,68157.33434591923,68747.6709021607,-590.3365562414692,11.298190934345158,-3.4201794243223516,3.124545723713813,-0.3458567534820862,10,4
2026-03-27 11:00:00+00:00,66462.0,66807.0,66201.0,66667.0,6275640.295377919,2026-03-27 11:59:59.999000+00:00,0.0031599380050257864,0,-0.017794593635920286,-0.003678652552721706,0.0005430002885971064,67630.7734375,68564.26953125,901.7323490948492,753.0157331471295,67928.05213885473,68593.54713163027,-665.494992775537,16.860666313731684,-2.519561607724467,-0.6730619064634684,-0.37926341485940246,11,4
2026-03-27 12:00:00+00:00,66676.8984375,66716.5234375,66414.5625,66590.46875,362377216.0,2026-03-27 12:59:59.999000+00:00,-0.001147963010184938,0,0.0031599380050257864,-0.017794593635920286,0.0005223142680081949,67293.21484375,68446.30696614583,835.924376797515,830.6287001446293,67722.27007903093,68445.17095521321,-722.900876182277,16.98448610213316,-2.2342572750287695,56.743465040036625,0.48176463990744467,12,4
2026-03-27 13:00:00+00:00,66590.1796875,66672.3125,66064.2578125,66095.171875,850956288.0,2026-03-27 13:59:59.999000+00:00,-0.00743795447452833,1,-0.001147963010184938,0.0031599380050257864,-0.0020814487365966583,66896.91015625,68299.2724609375,720.4050703151618,920.5558032844109,67471.9472784108,68271.0969492715,-799.149670860701,14.993784009619503,-2.3943150193324354,1.3482610120830554,1.5418426321266379,13,4
2026-03-27 14:00:00+00:00,66139.3671875,66322.46875,65703.7265625,66175.203125,1900404736.0,2026-03-27 14:59:59.999000+00:00,0.001210848655501806,0,-0.00743795447452833,-0.001147963010184938,-0.00821023888978134,66607.640625,68163.1142578125,563.1524465774329,983.5461398004285,67272.44817788605,68115.84555488102,-843.3973769949662,17.0414966359849,-2.0211671342799105,1.233257762824123,2.9917754778146164,14,4
2026-03-27 15:00:00+00:00,66168.5625,66552.0546875,65953.578125,66089.65625,1187127296.0,2026-03-27 15:59:59.999000+00:00,-0.0012927330927630099,0,0.001210848655501806,-0.00743795447452833,-0.003678652552721706,66345.75,68040.0615234375,258.0407074465762,1051.1093201342958,67090.48018898051,67965.75745822316,-875.2772692426515,9.984917238178724,-1.8555684323951243,-0.3753292267105779,1.5316488050848232,15,4
2026-03-27 16:00:00+00:00,66069.0,66129.0,65750.0,65936.0,12682190.29319008,2026-03-27 16:59:59.999000+00:00,-0.002324966700065101,0,-0.0012927330927630099,0.001210848655501806,-0.017794593635920286,66258.91666666667,67916.6455078125,297.7258359065093,1117.773318999667,66912.86785221427,67815.40505391033,-902.537201696061,9.881039706585867,-1.7719563297369152,-0.9893169078531658,-0.5309947342214837,16,4
2026-03-27 17:00:00+00:00,65952.265625,66232.8984375,65585.15625,65604.5,212033536.0,2026-03-27 17:59:59.999000+00:00,-0.0050276025236593025,1,-0.002324966700065101,-0.0012927330927630099,0.0031599380050257864,66081.83333333333,67798.7080078125,321.49074382678214,1206.5058930166335,66711.58049033515,67651.63430917624,-940.0538188410865,9.398966119794196,-1.8186467389117422,15.718999723088452,-0.19708528060807282,17,4
2026-03-27 18:00:00+00:00,65601.0,65889.0,65505.0,65790.0,14426672.7295638,2026-03-27 18:59:59.999000+00:00,0.0028275499394097015,1,-0.0050276025236593025,-0.002324966700065101,-0.001147963010184938,65948.421875,67687.8330078125,217.46102910671055,1264.8162514752569,66569.79887643743,67513.73547145948,-943.9365950220526,14.248868686458735,-1.5004812008059707,-0.931960420027312,-0.5459675455455629,18,4
2026-03-27 19:00:00+00:00,65793.0,66087.0,65648.0,65986.0,9172396.70356988,2026-03-27 19:59:59.999000+00:00,0.0029791761665907135,0,0.0028275499394097015,-0.0050276025236593025,-0.00743795447452833,65930.2265625,67583.0830078125,207.04426217476455,1298.2892139974151,66479.98366467783,67400.569880981,-920.5862163031707,17.64539653956041,-1.2301442472090658,-0.36420567129291126,-0.5556127510119074,19,4
2026-03-27 20:00:00+00:00,66021.203125,66068.0546875,65795.3515625,65980.7890625,0.0,2026-03-27 20:59:59.999000+00:00,-7.89703497711125e-05,1,0.0029791761665907135,0.0028275499394097015,0.001210848655501806,65897.82421875,67459.11588541667,173.53974267959435,1303.5299698776312,66403.184495112,67295.40093146388,-892.2164363518823,16.880729620813995,-1.1340950013258608,-1.0,-0.5701085625614811,20,4
2026-03-27 21:00:00+00:00,65957.0,66123.0,65952.0,66026.0,5559991.93352698,2026-03-27 21:59:59.999000+00:00,0.0006852136529797992,0,-7.89703497711125e-05,0.0029791761665907135,-0.0012927330927630099,65887.21484375,67338.2666015625,160.95611892980168,1296.0109116961746,66345.15611124861,67201.37123283693,-856.2151215883205,18.470430962629493,-1.0125428649709827,0.0,-0.5233438259014639,21,4
2026-03-27 22:00:00+00:00,66040.0,66040.0,65870.0,65975.0,3901929.52051175,2026-03-27 22:59:59.999000+00:00,-0.0007724229848847797,1,0.0006852136529797992,-7.89703497711125e-05,-0.002324966700065101,65893.71484375,67219.5166015625,164.07748370340764,1284.3794076335748,66288.20901721036,67110.52891929346,-822.3199020830943,21.272703242276904,-0.9689633718555791,-0.2982130968602751,-0.5261903998890197,22,4
2026-03-27 23:00:00+00:00,65974.0,66359.0,65920.0,66359.0,3679404.0389217497,2026-03-27 23:59:59.999000+00:00,0.005820386510041686,1,-0.0007724229848847797,0.0006852136529797992,-0.0050276025236593025,66019.46484375,67118.68326822917,185.78147328149728,1251.1904649124133,66299.09993763953,67054.86011045691,-755.7601728173759,31.418498548320187,-0.6071683644762681,-0.05702960046311023,-0.5263927013820303,23,4
2026-03-28 00:00:00+00:00,66359.0,66460.0,66246.0,66386.0,3508899.976071,2026-03-28 00:59:59.999000+00:00,0.00040687774077374783,0,0.005820386510041686,-0.0007724229848847797,0.0028275499394097015,66118.79817708333,67021.93424479167,197.51709731380777,1212.118285225236,66312.46917800268,67005.31491708974,-692.8457390870608,48.47409248127876,-0.5246470188126089,-0.0463401303708727,-0.5270239995145493,0,5
2026-03-28 01:00:00+00:00,66379.7421875,66379.7421875,66027.359375,66063.234375,0.0,2026-03-28 01:59:59.999000+00:00,-0.004861953197963453,0,0.00040687774077374783,0.005820386510041686,0.0029791761665907135,66131.67057291667,66899.58138020833,189.4849901573718,1150.4357830872573,66274.1253621561,66935.53117323124,-661.4058110751357,37.62394947217382,-0.7269827812239511,-1.0,-0.5331897961704384,1,5
2026-03-28 02:00:00+00:00,66119.0,66197.0,65883.0,66006.0,2376771.8266251,2026-03-28 02:59:59.999000+00:00,-0.0008663574458845913,1,-0.004861953197963453,0.00040687774077374783,-7.89703497711125e-05,66135.87239583333,66779.6533203125,185.71200192305295,1082.5665290278616,66232.87530643978,66866.67701225115,-633.8017058113765,37.92396546937247,-0.7146473676839391,0.0,-0.5182622948475637,2,5
2026-03-28 03:00:00+00:00,66007.0,66194.0,66007.0,66171.0,1590375.55845231,2026-03-28 03:59:59.999000+00:00,0.0024997727479321163,1,-0.0008663574458845913,-0.004861953197963453,0.0006852136529797992,66160.0390625,66672.56022135417,177.82158296053996,1004.3873523239781,66223.35602852596,66815.14538171403,-591.7893531880691,51.81436839193049,-0.49936931224158504,-0.3308673804373701,-0.5035502270127845,3,5
2026-03-28 04:00:00+00:00,66184.3125,66254.578125,66091.3359375,66190.46875,0.0,2026-03-28 04:59:59.999000+00:00,0.0002942187665291307,1,0.0024997727479321163,-0.0008663574458845913,-0.0007724229848847797,66195.95052083333,66574.54720052083,153.00411172618914,925.6346628215601,66218.29644721428,66768.87303862411,-550.5765914098301,50.37616854815111,-0.41493525031794265,-1.0,-0.46822410448335194,4,5
2026-03-28 05:00:00+00:00,66231.0703125,66318.1640625,66170.484375,66309.6015625,0.0,2026-03-28 05:59:59.999000+00:00,0.0017998484487240507,1,0.0002942187665291307,0.0024997727479321163,0.005820386510041686,66187.71744791667,66479.947265625,143.51029001650517,821.9797120943292,66232.34338802747,66734.85292928158,-502.50954125411226,55.331543085261515,-0.20723833036094616,0.0,-0.4677775264998738,5,5
2026-03-28 06:00:00+00:00,66301.0625,66446.078125,66267.3125,66365.6328125,0.0,2026-03-28 06:59:59.999000+00:00,0.0008449945208490739,1,0.0017998484487240507,0.0002942187665291307,0.00040687774077374783,66184.32291666667,66386.189453125,138.0179598043751,684.6168826205267,66252.84945333093,66707.50329100147,-454.653837670543,60.93182839218056,-0.030026488021029786,0.0,-0.4677775264998738,6,5
2026-03-28 07:00:00+00:00,66372.9765625,66508.2421875,66356.8046875,66508.2421875,0.0,2026-03-28 07:59:59.999000+00:00,0.0021488437457215515,0,0.0008449945208490739,0.0017998484487240507,-0.004861953197963453,66258.49088541667,66304.32454427083,174.64290406764772,522.5098392860251,66292.14064320309,66692.74320926062,-400.6025660575251,75.44084205340687,0.3902656522369251,0.0,-0.4671849862941459,7,5
2026-03-28 08:00:00+00:00,66511.0,66512.0,66349.0,66364.0,1438174.40061904,2026-03-28 08:59:59.999000+00:00,-0.002168786645922016,0,0.0021488437457215515,0.0008449945208490739,-0.0008663574458845913,66318.15755208333,66239.87369791667,125.31606367964032,395.7611745707689,66303.19592886415,66668.39186042649,-365.19593156233896,66.54268062035052,0.3136394119962684,0.0,-0.4064940031783219,8,5
2026-03-28 09:00:00+00:00,66359.0,66359.0,66203.0,66259.0,1712690.79074982,2026-03-28 09:59:59.999000+00:00,-0.0015821831113254081,0,-0.002168786645922016,0.0021488437457215515,0.0024997727479321163,66332.82421875,66181.45703125,108.69607467377807,255.4862839964146,66296.39655519274,66638.06653743194,-341.66998223919654,58.30339321357286,0.3035112787154093,0.19087837331315205,-0.4056011654854305,9,5
2026-03-28 10:00:00+00:00,66267.984375,66364.84375,66096.53125,66188.984375,0.0,2026-03-28 10:59:59.999000+00:00,-0.0010566960714770701,1,-0.0015821831113254081,-0.002168786645922016,0.0002942187665291307,66332.57682291667,66170.28971354167,109.08587184987897,248.68561152919395,66279.87160439386,66604.8011920666,-324.92958767274104,56.09217474795967,0.07517387653983294,-1.0,-0.40726957240480727,10,5
2026-03-28 11:00:00+00:00,66180.0,66306.0,66161.0,66287.0,1523133.48271292,2026-03-28 11:59:59.999000+00:00,0.0014808449763283882,1,-0.0010566960714770701,-0.0015821831113254081,0.0017998484487240507,66328.80989583333,66154.45638020833,110.42000085519429,226.8218783446042,66280.96828064095,66581.26036302463,-300.29208238367573,57.408392985443996,0.5843511250281671,0.0,-0.40352476462594145,11,5
2026-03-28 12:00:00+00:00,66284.0,66481.0,66193.0,66410.0,1893593.3931696,2026-03-28 12:59:59.999000+00:00,0.0018555674566658187,1,0.0014808449763283882,-0.0010566960714770701,0.0008449945208490739,66336.20442708333,66146.93684895833,114.77866893513011,214.389578145707,66300.8193143885,66568.57441020799,-267.75509581949154,61.86245685798287,1.2270332975928717,0.24322222225516144,-0.37065355901335245,12,5
2026-03-28 13:00:00+00:00,66411.0,67111.0,66359.0,66790.0,5743778.6841167,2026-03-28 13:59:59.999000+00:00,0.0057220298147868665,0,0.0018555674566658187,0.0014808449763283882,0.0021488437457215515,66383.1640625,66175.88802083333,213.99668270853584,250.90107293780403,66376.07788140565,66584.97630574815,-208.89842434249294,61.77907403769782,2.4476259586139912,2.0332692883462427,-0.3012370699633892,13,5
2026-03-28 14:00:00+00:00,66799.0078125,66897.875,66672.484375,66715.3359375,0.0,2026-03-28 14:59:59.999000+00:00,-0.0011178928357538087,1,0.0057220298147868665,0.0018555674566658187,-0.002168786645922016,66441.72005208333,66198.3935546875,252.33746087498474,273.99846251927096,66428.27142849709,66594.6325747668,-166.3611462697154,58.77209410726697,1.8866616186802225,-1.0,-0.251146483399986,14,5
2026-03-28 15:00:00+00:00,66710.609375,67201.6484375,66686.9765625,66939.7421875,0.0,2026-03-28 15:59:59.999000+00:00,0.003363638162749094,0,-0.0011178928357538087,0.0057220298147868665,-0.0015821831113254081,66555.17708333333,66233.81380208333,301.9190000961117,311.6849274072492,66506.95923757445,66620.19624978407,-113.23701220961811,74.637334258572,2.2648781617030256,0.0,-0.27344824090635483,15,5
2026-03-28 16:00:00+00:00,66980.3828125,67038.5390625,66824.65625,66881.890625,0.0,2026-03-28 16:59:59.999000+00:00,-0.0008642334226199866,0,0.003363638162749094,-0.0011178928357538087,-0.0010566960714770701,66670.66145833333,66273.22591145833,263.969773478689,331.55911823156123,66564.64098948607,66639.58101831858,-74.94002883251233,74.61144673527448,1.835765268010453,0.0,-0.2607176195118784,16,5
2026-03-28 17:00:00+00:00,66880.21875,66935.890625,66687.828125,66807.7421875,0.0,2026-03-28 17:59:59.999000+00:00,-0.0011086474501108556,1,-0.0008642334226199866,0.003363638162749094,0.0014808449763283882,66757.45182291667,66323.36100260417,186.97583477183233,316.6819809438873,66602.04117379591,66652.0374012209,-49.99622742499923,68.85430209263484,1.529550823991011,0.0,-0.6712418570876059,17,5
2026-03-28 18:00:00+00:00,66804.546875,66900.34375,66804.546875,66886.6171875,0.0,2026-03-28 18:59:59.999000+00:00,0.0011806266372336172,0,-0.0011086474501108556,-0.0008642334226199866,0.0018555674566658187,66836.88802083333,66369.05338541667,81.1172963874438,315.49054217542954,66645.82209898115,66669.41368168603,-23.591582704873872,69.91280174128352,1.6405049689113516,0.0,-0.725834094522368,18,5
2026-03-28 19:00:00+00:00,66864.0,66904.0,66765.0,66861.0,1791764.37571545,2026-03-28 19:59:59.999000+00:00,-0.00038299421584120363,1,0.0011806266372336172,-0.0011086474501108556,0.0057220298147868665,66848.72135416667,66405.51171875,78.02924226341825,319.82801251160413,66678.9263914456,66683.60526082039,-4.6788693747948855,66.66383344430122,1.4241663126161401,0.0,0.18854003206025993,19,5
2026-03-28 20:00:00+00:00,66861.0,66953.0,66859.0,66872.0,1598394.97272728,2026-03-28 20:59:59.999000+00:00,0.0001645204229669961,0,-0.00038299421584120363,0.0011806266372336172,-0.0011178928357538087,66874.83203125,66442.6455078125,42.66716411235294,320.1084712455202,66708.63002353089,66697.56042668555,11.069596845336491,65.73110883505089,1.3412781314937121,-0.10792122313011032,0.04717124190594213,20,5
2026-03-28 21:00:00+00:00,66872.0,66872.0,66544.0,66645.0,2647163.3828697,2026-03-28 21:59:59.999000+00:00,-0.0033945448020098468,1,0.0001645204229669961,-0.00038299421584120363,0.003363638162749094,66825.70833333333,66468.43717447917,92.98714157248648,309.8517027486851,66698.84078914153,66693.66706174589,5.173727395638707,54.03692617072012,0.5698300959928411,0.6561384564122761,0.7809132158062541,21,5
2026-03-28 22:00:00+00:00,66633.0,66729.0,66547.0,66693.0,2727233.9140473898,2026-03-28 22:59:59.999000+00:00,0.0007202340760747994,0,-0.0033945448020098468,0.0001645204229669961,-0.0008642334226199866,66794.2265625,66498.35384114583,101.72657760836252,294.415695307299,66697.94220619668,66693.61764976471,4.3245564319659024,60.29673532460927,0.6611269777958265,0.030247672544823523,0.8963685241331086,22,5
2026-03-28 23:00:00+00:00,66693.0,66693.0,66214.0,66321.0,4894475.670974161,2026-03-28 23:59:59.999000+00:00,-0.0055777967702757,1,0.0007202340760747994,-0.0033945448020098468,-0.0011086474501108556,66713.10286458333,66496.7705078125,217.26291175168146,295.2985639517971,66639.95109755103,66666.01634237473,-26.06524482369423,51.662560544354506,-0.59522980897798,0.794666620183835,2.1332378414294326,23,5
2026-03-29 00:00:00+00:00,66331.703125,66438.765625,66259.4921875,66412.140625,0.0,2026-03-29 00:59:59.999000+00:00,0.0013742347823464396,1,-0.0055777967702757,0.0007202340760747994,0.0011806266372336172,66634.0234375,66497.85970052083,227.5810092187254,294.9201957303571,66604.90333254318,66647.2107336803,-42.307401137120905,55.91700777223539,-0.2906517653311226,-1.0,-0.779497703426576,0,6
2026-03-29 01:00:00+00:00,66442.0,66557.0,66315.0,66512.0,4965553.1938468795,2026-03-29 01:59:59.999000+00:00,0.0015036313249390254,1,0.0013742347823464396,-0.0055777967702757,-0.00038299421584120363,66575.85677083333,66516.55826822917,201.01580609171637,280.0156597020578,66590.61051215192,66637.19512377806,-46.58461162613821,55.9600675474322,-0.016278618967316347,0.0,2.010678313962925,1,6
2026-03-29 02:00:00+00:00,66516.7578125,66765.59375,66510.9609375,66732.2578125,0.0,2026-03-29 02:59:59.999000+00:00,0.0033115499834617257,1,0.0015036313249390254,0.0013742347823464396,0.0001645204229669961,66552.56640625,66546.81901041667,164.64665113640518,261.0414884831686,66612.40240451317,66644.23680442413,-31.83439991096384,58.118060120366685,0.7103805726854227,-1.0,-0.7704462841113849,2,6
2026-03-29 03:00:00+00:00,66743.0,67067.0,66704.0,66850.0,2425226.768468,2026-03-29 03:59:59.999000+00:00,0.0017643968803038312,0,0.0033115499834617257,0.0015036313249390254,-0.0033945448020098468,66586.73307291667,66575.11067708333,204.18677989670672,255.27052082962183,66648.95588074191,66659.47852261494,-10.522641873030807,51.741591379122674,1.0768549459737424,0.0,0.5841460597916092,3,6
2026-03-29 04:00:00+00:00,66850.0,66871.0,66665.0,66674.0,1056607.2940188,2026-03-29 04:59:59.999000+00:00,-0.002632759910246807,1,0.0017643968803038312,0.0033115499834617257,0.0007202340760747994,66583.56640625,66595.2578125,202.3481630888228,242.34702113786858,66652.80882216623,66660.55418760642,-7.745365440190653,48.86682458161818,0.32491502115557025,-0.5643263929969519,-0.2158114148350487,4,6
2026-03-29 05:00:00+00:00,66682.03125,66750.3203125,66565.4375,66732.3125,0.0,2026-03-29 05:59:59.999000+00:00,0.000874591294957483,0,-0.002632759910246807,0.0017643968803038312,-0.0055777967702757,66652.11848958333,66612.87076822917,161.0663524549877,235.96030563603293,66665.04015721758,66665.8696181541,-0.8294609365257202,43.743844221697564,0.5061941729939378,-1.0,-0.8199111960507218,5,6
2026-03-29 06:00:00+00:00,66732.8359375,66810.890625,66592.71875,66689.59375,0.0,2026-03-29 06:59:59.999000+00:00,-0.000640150901409231,0,0.000874591294957483,-0.002632759910246807,0.0013742347823464396,66698.36067708333,66626.369140625,110.17879078142714,230.4026700127649,66668.81763303025,66667.6269612538,1.190671776450472,44.14682634047046,0.2744091870614919,0.0,-0.8199111960507218,6,6
2026-03-29 07:00:00+00:00,66687.859375,66687.859375,66507.3359375,66647.484375,0.0,2026-03-29 07:59:59.999000+00:00,-0.0006314234745207203,1,-0.000640150901409231,0.000874591294957483,0.0015036313249390254,66720.94140625,66632.1708984375,71.40810859106678,229.0479354278279,66665.53559333329,66666.1349178276,-0.5993244943092577,45.025004729313494,0.06685708183265951,0.0,-0.8199111960507218,7,6
2026-03-29 08:00:00+00:00,66614.203125,66691.4453125,66574.2890625,66668.8125,0.0,2026-03-29 08:59:59.999000+00:00,0.00032001395401515254,0,-0.0006314234745207203,-0.000640150901409231,0.0033115499834617257,66710.3671875,66644.87141927083,74.04602226474995,221.86988973526087,66666.03973282047,66666.33325724778,-0.2935244273103308,42.988002716366104,0.1079059477504516,0.0,-0.7748758990360564,8,6
2026-03-29 09:00:00+00:00,66675.0,66706.0,66478.0,66574.0,1976199.991814,2026-03-29 09:59:59.999000+00:00,-0.0014221417248132528,0,0.00032001395401515254,-0.0006314234745207203,0.0017643968803038312,66664.3671875,66657.99641927083,52.56758424400906,206.8601012442147,66651.87977392501,66659.49375671092,-7.613982785900589,41.15443145262266,-0.40605423068832436,0.0,0.33273800355850747,9,6
2026-03-29 10:00:00+00:00,66574.0,66574.0,66361.0,66453.0,1827661.77120576,2026-03-29 10:59:59.999000+00:00,-0.001817526361642674,1,-0.0014221417248132528,0.00032001395401515254,-0.002632759910246807,66627.53385416667,66668.9970703125,100.25954794897382,186.89013567361096,66621.28288562885,66644.19792288047,-22.915037251616013,37.906120902711386,-1.1557435577537492,-0.07516355693934262,0.20894775667870788,10,6
2026-03-29 11:00:00+00:00,66461.15625,66867.734375,66461.15625,66766.0078125,233811968.0,2026-03-29 11:59:59.999000+00:00,0.004710213421516007,1,-0.001817526361642674,-0.0014221417248132528,0.000874591294957483,66633.14973958333,66688.95572916667,107.9510335980223,169.04735553822658,66643.54825899364,66653.2208776671,-9.67261867345951,53.327518572146715,0.4558017668363037,126.92956097437418,4.691650386532549,11,6
2026-03-29 12:00:00+00:00,66770.6484375,66806.3046875,66656.234375,66785.875,90222592.0,2026-03-29 12:59:59.999000+00:00,0.0002975644066631755,0,0.004710213421516007,-0.001817526361642674,-0.000640150901409231,66649.19661458333,66704.6171875,123.98483290161148,159.20474773150644,66665.44468068692,66663.04710895102,2.397571735898964,52.59404730732303,0.5103981737846074,-0.6141232941506227,1.5060452039828789,12,6
2026-03-29 13:00:00+00:00,66792.5234375,66792.5234375,66499.4921875,66500.6015625,0.0,2026-03-29 13:59:59.999000+00:00,-0.004271463651558061,1,0.0002975644066631755,0.004710213421516007,-0.0006314234745207203,66624.71614583333,66692.55891927083,138.08909557687164,163.36196083423653,66640.08420096585,66651.01410551021,-10.929904544362216,55.27176330839895,-1.175043172783704,-1.0,-0.2908914485365625,13,6
2026-03-29 14:00:00+00:00,66515.0,66730.0,66411.0,66532.0,2636475.2270596,2026-03-29 14:59:59.999000+00:00,0.0004721526837692114,0,-0.004271463651558061,0.0002975644066631755,0.00032001395401515254,66601.9140625,66684.919921875,140.62373683528227,166.50680452785264,66623.45586235572,66642.1982458428,-18.742383487071493,53.64605118065325,-0.9184004359979182,0.0,-0.24063162255164752,14,6
2026-03-29 15:00:00+00:00,66532.0,66659.0,66271.0,66468.0,3188166.65853984,2026-03-29 15:59:59.999000+00:00,-0.0009619431251127741,0,0.0004721526837692114,-0.004271463651558061,-0.0014221417248132528,66584.24739583333,66665.26399739583,151.10015975568382,162.9231885676867,66599.53957583946,66629.29467207666,-29.75509623720427,48.63169454135528,-1.2107791354321231,0.2092534099383625,-0.2324395322637917,15,6
2026-03-29 16:00:00+00:00,66464.84375,66590.9609375,66392.6640625,66449.625,0.0,2026-03-29 16:59:59.999000+00:00,-0.00027644881747612704,0,-0.0009619431251127741,0.0004721526837692114,-0.001817526361642674,66583.68489583333,66647.2529296875,151.69159732848888,161.8236720941915,66576.47579494109,66615.9858074784,-39.51001253731374,39.94865554203411,-1.2212547591459189,-1.0,-0.2961284180308664,16,6
2026-03-29 17:00:00+00:00,66451.0,66471.0,66086.0,66331.0,3242907.0592596596,2026-03-29 17:59:59.999000+00:00,-0.0017851868990983455,1,-0.00027644881747612704,-0.0009619431251127741,0.004710213421516007,66511.18359375,66627.388671875,151.07685548640157,170.30505921804763,66538.71028802707,66594.87574766518,-56.165459638112225,31.554249919477556,-1.7403397951644115,0.0,-0.23422021583925096,17,6
2026-03-29 18:00:00+00:00,66331.0,66479.0,66257.0,66374.0,1502706.62922226,2026-03-29 18:59:59.999000+00:00,0.0006482640092868586,0,-0.0017851868990983455,-0.00027644881747612704,0.0002975644066631755,66442.53776041667,66606.02962239583,76.4350030298216,168.5159111750464,66513.37024371521,66578.51458117146,-65.14433745625138,38.22447102115916,-1.3769003815598577,-0.536617423267961,-0.2703618426573294,18,6
2026-03-29 19:00:00+00:00,66370.5,66415.1640625,66290.3046875,66290.3046875,224741376.0,2026-03-29 19:59:59.999000+00:00,-0.001260965325277974,1,0.0006482640092868586,-0.0017851868990983455,-0.004271463651558061,66407.48828125,66582.25065104167,91.26253982776625,171.21647585691883,66479.05246583595,66557.16570015876,-78.11323432280915,32.98937456027997,-1.7051277459164804,148.55771913797773,3.051263644261147,19,6
2026-03-29 20:00:00+00:00,66294.15625,66710.8046875,66294.15625,66540.9609375,158541824.0,2026-03-29 20:59:59.999000+00:00,0.003781190193371753,1,-0.001260965325277974,0.0006482640092868586,0.0004721526837692114,66408.98177083333,66568.45735677083,93.74716494124665,159.81387447659708,66488.57684609196,66555.96534736922,-67.38850127725163,45.069071871031284,-0.17205276676309492,-0.29455880878828467,1.800221575446428,20,6
2026-03-29 21:00:00+00:00,66557.625,66693.1015625,66486.296875,66677.4140625,105584640.0,2026-03-29 21:59:59.999000+00:00,0.0020506635774040216,0,0.003781190193371753,-0.001260965325277974,-0.0009619431251127741,66443.88411458333,66569.80794270833,145.05609736409806,160.62377354550708,66517.62872553935,66564.96154849001,-47.33282295065874,50.93443126771419,0.6699264835860995,-0.3340265846821593,0.975002131284906,21,6
2026-03-29 22:00:00+00:00,66633.0,66633.0,64955.0,65801.0,19356944.19519648,2026-03-29 22:59:59.999000+00:00,-0.013144091966111549,1,0.0020506635774040216,0.003781190193371753,-0.00027644881747612704,66335.77994791667,66532.64127604167,299.4509371589384,222.2549090345157,66407.37815237946,66508.37180415742,-100.99365177795698,32.336965163686784,-3.2919015342336007,-0.8166689378758456,-0.22880430573287336,22,6
2026-03-29 23:00:00+00:00,65802.6875,66180.78125,65802.6875,65958.3515625,1743009792.0,2026-03-29 23:59:59.999000+00:00,0.002391324789896787,1,-0.013144091966111549,0.0020506635774040216,-0.0017851868990983455,66273.671875,66517.53092447917,336.9389204928951,248.0947860184574,66338.29713855185,66467.62956403465,-129.33242548280396,37.780472449735925,-2.253894049742627,89.04571043979847,4.598368395192266,23,6
2026-03-30 00:00:00+00:00,65957.6015625,66876.328125,65773.0546875,66259.03125,1248913408.0,2026-03-30 00:59:59.999000+00:00,0.0045586295044848235,1,0.002391324789896787,-0.013144091966111549,0.0006482640092868586,66254.51041666667,66511.1513671875,333.34211466187276,252.84569293227742,66326.10238646694,66452.17783706912,-126.07545060217672,46.40638478951847,-0.9971303614613212,-0.2834730970920444,2.5686157811598034,0,0
2026-03-30 01:00:00+00:00,66231.0,66768.0,66231.0,66583.0,10604836.98437944,2026-03-30 01:59:59.999000+00:00,0.004889427809133595,1,0.0045586295044848235,0.002391324789896787,-0.001260965325277974,66303.29296875,66514.10970052083,359.9807159400547,253.27105141776778,66365.62509624126,66461.86836765659,-96.24327141532558,46.62317031330637,0.2720022643469732,-0.9915087491923383,-0.3538164202321553,1,0
2026-03-30 02:00:00+00:00,66579.6796875,67286.265625,66550.625,67039.9296875,970250240.0,2026-03-30 02:59:59.999000+00:00,0.0068625578225673944,1,0.004889427809133595,0.0045586295044848235,0.003781190193371753,66386.45442708333,66526.92936197917,467.4576349513701,271.8948803308625,66469.36426412722,66504.68772468202,-35.32346055480593,54.03668882031217,1.8867597834007408,90.49129226872088,1.698154168558127,2,0
2026-03-30 03:00:00+00:00,67087.5078125,67224.9609375,66934.859375,67106.546875,993060864.0,2026-03-30 03:59:59.999000+00:00,0.0009936941731671922,1,0.0068625578225673944,0.004889427809133595,0.0020506635774040216,66457.9765625,66537.61881510417,546.949052718615,289.6141717727956,66567.39235810764,66549.26988396484,18.122474142801366,60.346847027120766,1.9644344626275976,0.023510042110373552,1.5689543716640861,3,0
2026-03-30 04:00:00+00:00,67091.390625,67561.2578125,67091.390625,67541.890625,1237766144.0,2026-03-30 04:59:59.999000+00:00,0.0064873513878001,0,0.0009936941731671922,0.0068625578225673944,-0.013144091966111549,66748.125,66573.78092447917,588.8804849639906,354.335493206723,66717.31516839877,66622.79734626373,94.51782213503611,65.15392370636093,2.732183817543853,0.24641518850550526,1.8275831528637896,4,0
2026-03-30 05:00:00+00:00,67559.140625,67655.2265625,67402.3515625,67476.421875,799993856.0,2026-03-30 05:59:59.999000+00:00,-0.0009693058543991384,0,0.0064873513878001,0.0009936941731671922,0.002391324789896787,67001.13671875,66604.78548177083,501.2954826171516,398.6003448770874,66834.10081556819,66686.02879283679,148.07202273140138,65.12521736684963,2.1867426971192154,-0.3536793198958268,0.9050226914617626,5,0
2026-03-30 06:00:00+00:00,67435.0,67505.0,67192.0,67249.0,9386167.42397425,2026-03-30 06:59:59.999000+00:00,-0.003370390259004874,1,-0.0009693058543991384,0.0064873513878001,0.0045586295044848235,67166.13151041667,66628.09407552083,347.5231780017187,419.5791024371938,66897.93145932694,66727.73036373776,170.20109558917466,61.28224127589006,1.4798304321462579,-0.9882672006121329,-0.6090595570421511,6,0
2026-03-30 07:00:00+00:00,67230.0,67559.0,67167.0,67559.0,9106983.31645102,2026-03-30 07:59:59.999000+00:00,0.004609733973739427,1,-0.003370390259004874,-0.0009693058543991384,0.004889427809133595,67328.79817708333,66666.07389322917,227.77287864965106,460.6546850094742,66999.63431173818,66789.30589234977,210.32841938840284,66.44349223352972,1.9383849460957157,-0.029744207077548435,-0.6106071186954896,7,0
2026-03-30 08:00:00+00:00,67558.0,67861.0,67541.0,67610.0,8652392.9080631,2026-03-30 08:59:59.999000+00:00,0.0007548957207774709,0,0.004609733973739427,-0.003370390259004874,0.0068625578225673944,67423.80989583333,66705.2900390625,200.4337905544262,499.33617854574686,67093.53672531692,66850.098048472,243.43867684491852,66.51523249599146,1.811825378990869,-0.049916683998612266,-0.6124422721453564,8,0
2026-03-30 09:00:00+00:00,67608.0,67629.0,67394.0,67432.0,7582782.685457281,2026-03-30 09:59:59.999000+00:00,-0.002632746635113148,1,0.0007548957207774709,0.004609733973739427,0.0009936941731671922,67478.05208333333,66741.0400390625,128.5507572667124,519.8218354764513,67145.60799834509,66893.20189673334,252.40610161174845,64.88014385588345,1.3292245800028566,-0.12362016311222501,-0.6151180344216994,9,0
2026-03-30 10:00:00+00:00,67448.46875,67465.34375,67341.5859375,67438.390625,31676416.0,2026-03-30 10:59:59.999000+00:00,9.477139933555812e-05,1,-0.002632746635113148,0.0007548957207774709,0.0064873513878001,67460.80208333333,66782.09798177083,125.1709094352689,534.7820237968751,67190.65147936893,66933.58624697532,257.0652323936083,62.4919255036637,1.2272152279345303,3.1774131363082505,-0.5721675556936016,10,0
2026-03-30 11:00:00+00:00,67443.2265625,67840.6015625,67443.2265625,67602.984375,788334592.0,2026-03-30 11:59:59.999000+00:00,0.002440653587290509,1,9.477139933555812e-05,-0.002632746635113148,-0.0009693058543991384,67481.89583333333,66816.97200520833,138.3046863137456,560.365507086345,67254.08730946602,66983.17129349566,270.9160159703606,62.783485799004275,1.4026780018609484,23.887114501842632,0.8238150597860021,11,0
2026-03-30 12:00:00+00:00,67604.0,67909.0,67604.0,67847.0,3871018.50681572,2026-03-30 12:59:59.999000+00:00,0.003609539242327209,0,0.002440653587290509,9.477139933555812e-05,-0.003370390259004874,67581.5625,66861.185546875,151.72399147674506,598.3779918921437,67345.30464647125,67047.15860508857,298.14604138268624,84.23945444466526,1.6474777924364086,-0.9950896249560799,-0.6505658312645594,12,0
2026-03-30 13:00:00+00:00,67847.0,68109.0,67387.0,67467.0,11043451.80667935,2026-03-30 13:59:59.999000+00:00,-0.005600837177767604,1,0.003609539242327209,0.002440653587290509,0.004609733973739427,67566.22916666667,66901.4521484375,158.9375231224795,605.5313817363918,67364.0270085526,67078.2579676746,285.7690408780036,73.49605168700646,0.9339695160649857,1.8528543036503424,-0.6382950248045648,13,0
2026-03-30 14:00:00+00:00,67476.0,67812.0,67036.0,67763.0,9421866.92764337,2026-03-30 14:59:59.999000+00:00,0.0043873301021239985,0,-0.005600837177767604,0.003609539242327209,0.0007548957207774709,67591.72916666667,66952.74381510417,178.4416186216037,624.7086144072045,67425.40746877527,67128.9795996987,296.42786907657865,73.45736177181627,1.2970145860157425,-0.14683677779579796,-0.6421160051153437,14,0
2026-03-30 15:00:00+00:00,67753.5625,67823.1171875,67398.2109375,67578.46875,1083797504.0,2026-03-30 15:59:59.999000+00:00,-0.002723185956938101,0,0.0043873301021239985,-0.005600837177767604,-0.002632746635113148,67616.140625,66999.01334635417,161.4273659946305,628.3578970609539,67448.95535819446,67162.2750923136,286.6802658808592,66.23234340922525,0.9221741404956328,114.03001605978776,1.2632759000179394,15,0
2026-03-30 16:00:00+00:00,67587.203125,67587.203125,67220.7421875,67274.59375,545058816.0,2026-03-30 16:59:59.999000+00:00,-0.004496624525840542,0,-0.002723185956938101,0.0043873301021239985,9.477139933555812e-05,67588.84114583333,67033.38704427083,205.36874562869556,619.4995755177978,67422.13049539531,67170.59499288297,251.53550251234265,54.02751966360684,0.3893573381831023,-0.49708426713630816,0.2361268250767313,16,0
2026-03-30 17:00:00+00:00,67303.3203125,67375.0390625,66664.7890625,66727.1640625,1078489088.0,2026-03-30 17:59:59.999000+00:00,-0.00813724256045767,0,-0.004496624525840542,-0.002723185956938101,0.002440653587290509,67442.87109375,67049.89388020833,406.2820293306468,605.0806339710311,67315.21258264218,67137.74825729904,177.46432534314226,44.41109379639583,-0.5333666284943099,0.978665524419295,1.1239159905366052,17,0
2026-03-30 18:00:00+00:00,66764.703125,66823.0625,66468.46875,66535.0078125,900239360.0,2026-03-30 18:59:59.999000+00:00,-0.0028797305070543677,0,-0.00813724256045767,-0.004496624525840542,0.003609539242327209,67224.20572916667,67056.6025390625,489.7619322386393,598.1134897356445,67195.18107954338,67093.10081694355,102.08026259983308,34.02221103708534,-0.8720664815519135,-0.1652772661154639,0.7332678753602504,18,0
2026-03-30 19:00:00+00:00,66594.2734375,66594.2734375,66211.5234375,66424.765625,779100160.0,2026-03-30 19:59:59.999000+00:00,-0.0016569050057176904,1,-0.0028797305070543677,-0.00813724256045767,-0.005600837177767604,67050.5,67062.205078125,565.4108402709616,591.2134293458524,67076.65562499825,67043.59450642922,33.0611185690359,33.54553544361977,-1.078188385927387,-0.13456332324771936,0.4694191872762123,19,0
2026-03-30 20:00:00+00:00,66480.578125,66617.78125,66480.578125,66608.578125,284151808.0,2026-03-30 20:59:59.999000+00:00,0.0027672284316020423,1,-0.0016569050057176904,-0.0028797305070543677,0.0043873301021239985,66858.09635416667,67065.0224609375,461.2961754672873,588.777576400535,67004.6437019216,67011.3710707678,-6.727368846200989,39.84117463354665,-0.7752406922966593,-0.6352820566742021,-0.4500366920194409,20,0
2026-03-30 21:00:00+00:00,66594.25,66930.125,66550.0234375,66763.3046875,1011724288.0,2026-03-30 21:59:59.999000+00:00,0.0023229224651761804,0,0.0027672284316020423,-0.0016569050057176904,-0.002723185956938101,66722.23567708333,67068.60123697917,297.74859778999325,586.5760543673879,66967.51462277981,66992.99578311833,-25.48116033851693,36.724132986780056,-0.5204722340880904,2.560506248828795,0.8203966143885523,21,0
2026-03-30 22:00:00+00:00,66758.3671875,66928.9453125,66650.421875,66739.3828125,0.0,2026-03-30 22:59:59.999000+00:00,-0.000358308731300383,0,0.0023229224651761804,0.0027672284316020423,-0.004496624525840542,66633.03385416667,67107.70052083333,134.70258326887858,526.618644829686,66932.4174211983,66974.2096371466,-41.79221594829869,35.341641214244945,-0.6994011927785928,-1.0,-1.0387483554588985,22,0
2026-03-30 23:00:00+00:00,66735.6875,66735.6875,66378.109375,66694.5859375,0.0,2026-03-30 23:59:59.999000+00:00,-0.0006712209959426341,1,-0.000358308731300383,0.0023229224651761804,-0.00813724256045767,66627.60416666667,67138.376953125,130.74800457388767,475.7420345869506,66895.8279621678,66953.49677050611,-57.66880833831965,37.00130277549019,-0.9328396134058426,0.0,-0.9969078470434171,23,0
2026-03-31 00:00:00+00:00,66727.5234375,67225.8984375,66507.421875,67084.796875,0.0,2026-03-31 00:59:59.999000+00:00,0.005850713847532774,1,-0.0006712209959426341,-0.000358308731300383,-0.0028797305070543677,66719.23567708333,67172.78385416667,217.0475934171447,437.7219210025744,66924.90010260351,66963.22270417232,-38.32260156881239,44.50994662785056,-0.20101113274186247,0.0,-0.924652082872593,0,1
2026-03-31 01:00:00+00:00,67140.5390625,68292.8125,67021.2109375,67933.984375,1710804992.0,2026-03-31 01:59:59.999000+00:00,0.012658419486345052,0,0.005850713847532774,-0.0006712209959426341,-0.0016569050057176904,66970.77213541667,67229.07486979167,498.9642346564378,445.3793692446609,67080.14383681836,67035.13097608548,45.012860732880654,54.238257960738494,1.5827170135963338,0.0,2.251091426252836,1,1
2026-03-31 02:00:00+00:00,67868.0,68035.0,67723.0,67895.0,2749730.5276079,2026-03-31 02:59:59.999000+00:00,-0.0005738567428167363,0,0.012658419486345052,0.005850713847532774,0.0027672284316020423,67185.17578125,67264.70279947917,581.7259907794827,463.42580629900516,67205.50632346168,67098.82497785693,106.681345604753,50.648670563194706,1.3600822223399378,-0.9983927270843457,-0.8783688778867319,2,1
2026-03-31 03:00:00+00:00,67895.0,67942.0,67594.0,67642.0,2343524.22265574,2026-03-31 03:59:59.999000+00:00,-0.0037263421459606816,0,-0.0005738567428167363,0.012658419486345052,0.0023229224651761804,67331.625,67287.01334635417,564.6334291912605,468.3436875210084,67272.65919677528,67139.06016468235,133.5990320929268,52.44900815169857,0.7579618624194757,-0.14772585927012094,-0.8075125965853722,3,1
2026-03-31 04:00:00+00:00,67648.0,67797.0,67452.0,67484.0,3538582.44880812,2026-03-31 04:59:59.999000+00:00,-0.0023358268531386006,1,-0.0037263421459606816,-0.0005738567428167363,-0.000358308731300383,67455.72786458333,67284.60123697917,484.58492605211563,467.12140204723494,67305.17316650215,67164.61126359476,140.56190290738596,45.9387168383129,0.4268671102350079,0.5099406332562291,-0.7394358579310374,4,1
2026-03-31 05:00:00+00:00,67489.15625,67713.53125,67362.265625,67622.9765625,0.0,2026-03-31 05:59:59.999000+00:00,0.0020594001911564686,0,-0.0023358268531386006,-0.0037263421459606816,-0.0006712209959426341,67610.45963541667,67290.70768229167,309.54686919552387,470.68234803681673,67354.06599665567,67198.56424869885,155.5017479568196,50.65658905615755,0.7059301917613839,-1.0,-0.6842159226572819,5,1
2026-03-31 06:00:00+00:00,67632.703125,67632.703125,67316.7109375,67456.2890625,42102784.0,2026-03-31 06:59:59.999000+00:00,-0.0024649536070915357,0,0.0020594001911564686,-0.0023358268531386006,0.005850713847532774,67672.375,67299.3447265625,201.76346288626775,471.78432670343625,67369.79262217018,67217.65497564708,152.13764652310056,52.793479279223014,0.33266119083297835,0.0,-0.6045131506978795,6,1
2026-03-31 07:00:00+00:00,67447.0,67458.0,67040.0,67293.0,4261603.918390649,2026-03-31 07:59:59.999000+00:00,-0.0024206647707629703,0,-0.0024649536070915357,0.0020594001911564686,0.012658419486345052,67565.54427083333,67288.26139322917,205.20797847594335,468.5324729636896,67357.97837260553,67223.2360885621,134.74228404343012,59.86467013345028,0.010113721127704452,-0.8987809471603909,-0.6790932428475756,7,1
2026-03-31 08:00:00+00:00,67293.0,67432.0,66624.0,66731.0,3668598.78483,2026-03-31 08:59:59.999000+00:00,-0.008351537307000778,0,-0.0024206647707629703,-0.0024649536070915357,-0.0005738567428167363,67371.54427083333,67251.63639322917,338.4253638991255,476.5753169815904,67261.52016143544,67186.77415607602,74.74600535942591,53.02659231788208,-1.0924535423417305,-0.13915069183261686,-0.6796611023225999,8,1
2026-03-31 09:00:00+00:00,66707.0,66845.0,65926.0,66058.0,5276294.4535743,2026-03-31 09:59:59.999000+00:00,-0.010085267716653412,1,-0.008351537307000778,-0.0024206647707629703,-0.0037263421459606816,67107.54427083333,67194.38639322917,601.1214327657555,533.1378833800316,67076.3632135223,67103.16125562595,-26.798042103648186,45.174890436527185,-2.13150561731726,0.4382315328109121,-0.6761876361241802,9,1
2026-03-31 10:00:00+00:00,66045.0,66407.0,66041.0,66308.0,4635461.54847336,2026-03-31 10:59:59.999000+00:00,0.0037845529686033608,1,-0.010085267716653412,-0.008351537307000778,-0.0023358268531386006,66911.54427083333,67147.28678385417,644.0172372929383,559.9041019629782,66958.15348836503,67044.26042187588,-86.10693351084774,46.11332907699395,-1.4989830953402563,-0.12145510656002578,-0.6742018795656192,10,1
2026-03-31 11:00:00+00:00,66308.0,66814.0,66186.0,66616.0,7543180.75770248,2026-03-31 11:59:59.999000+00:00,0.004644990046449804,0,0.0037845529686033608,-0.010085267716653412,0.0020594001911564686,66743.71484375,67106.16243489583,545.160750692502,561.2232811632563,66905.51449015502,67012.53742766286,-107.02293750783429,48.1678770694584,-0.8733822194258605,0.6272771716091026,-0.6096254150955915,11,1
2026-03-31 12:00:00+00:00,66616.0,66869.0,66460.0,66589.0,3931558.68656338,2026-03-31 12:59:59.999000+00:00,-0.0004053080341058779,1,0.004644990046449804,0.0037845529686033608,-0.0024649536070915357,66599.16666666667,67053.74576822917,418.7626614537311,547.6043740052522,66856.81995320809,66981.16428487301,-124.3443316649209,48.13102351440206,-0.8486889263319033,-0.47879299027153854,-0.6168583961344605,12,1
2026-03-31 13:00:00+00:00,66630.609375,67321.1328125,66630.609375,67197.9765625,0.0,2026-03-31 13:59:59.999000+00:00,0.009145302715163117,0,-0.0004053080341058779,0.004644990046449804,-0.0024206647707629703,66583.32942708333,67042.53645833333,387.9367270823555,541.4967403146476,66909.30558540685,66997.22445358612,-87.91886817927298,55.486770576454084,0.28705639867074717,-1.0,-0.6234366760961169,13,1
2026-03-31 14:00:00+00:00,67244.0,67703.0,66378.0,66532.0,16289077.080481,2026-03-31 14:59:59.999000+00:00,-0.00991066393019413,1,0.009145302715163117,-0.0004053080341058779,-0.008351537307000778,66550.16276041667,66991.24479166667,381.23548271623685,528.4295960465217,66851.25857226734,66962.76338295011,-111.5048106827744,44.31638911826037,-0.8690746981292105,0.0,-0.591648902638465,14,1
2026-03-31 15:00:00+00:00,66609.2734375,67210.8828125,66609.2734375,66695.515625,343322624.0,2026-03-31 15:59:59.999000+00:00,0.002457698926832119,1,-0.00991066393019413,0.009145302715163117,-0.010085267716653412,66656.41536458333,66954.455078125,295.9283844303059,516.367346647561,66827.2981188416,66942.96725273159,-115.66913388998364,35.17658235896975,-0.5014636475488357,20.076861648067172,0.13148928905241125,15,1
2026-03-31 16:00:00+00:00,66753.0078125,67924.3515625,66732.5,67551.109375,1145847808.0,2026-03-31 16:59:59.999000+00:00,0.012828354979825596,0,0.002457698926832119,-0.00991066393019413,0.0037845529686033608,66863.60026041667,66965.9765625,414.5838065303996,526.8005213602578,66938.65369671212,66988.01481734405,-49.36112063193286,46.556972876912056,1.1107293724560516,2.337524904854508,1.6728270102070486,16,1
2026-03-31 17:00:00+00:00,67590.2265625,68399.34375,67396.1328125,67426.0546875,1588404224.0,2026-03-31 17:59:59.999000+00:00,-0.0018512603072997624,1,0.012828354979825596,0.002457698926832119,0.004644990046449804,66998.609375,66995.09700520833,448.3487461005608,532.3132708148103,67013.63846452565,67020.46221513339,-6.823750607742113,47.78111187640181,0.8095940979115661,0.38622617498605893,2.3137583792977736,17,1
2026-03-31 18:00:00+00:00,67451.0,67876.0,67451.0,67788.0,7427358.5480262,2026-03-31 18:59:59.999000+00:00,0.005368033383793769,0,-0.0018512603072997624,0.012828354979825596,-0.0004053080341058779,67198.44270833333,67047.30501302083,494.1336950123344,546.4835209161488,67132.77100844478,67077.31686586425,55.454142580521875,52.99801837395718,1.3553839386363165,-0.9953240123415674,-0.5291860386924964,18,1
2026-03-31 19:00:00+00:00,67788.4375,67953.578125,67701.6328125,67760.78125,317972480.0,2026-03-31 19:59:59.999000+00:00,-0.0004015275564996923,1,0.005368033383793769,-0.0018512603072997624,0.009145302715163117,67292.24348958333,67102.97233072917,544.843728330564,548.3547777866736,67229.38796868404,67127.94385728172,101.44411140232114,51.38964826670154,1.1996046098585027,41.81097754254779,0.08941610931747125,19,1
2026-03-31 20:00:00+00:00,67772.0,68194.0,67771.0,68194.0,5141726.98384464,2026-03-31 20:59:59.999000+00:00,0.006393355300932324,0,-0.0004015275564996923,0.005368033383793769,-0.00991066393019413,67569.24348958333,67169.03157552083,501.81552031205405,580.7462255810165,67377.78981965572,67206.91097896456,170.87884069116262,57.05971981524374,1.7649162049287985,-0.983829647824099,-0.482410612214924,20,1
2026-03-31 21:00:00+00:00,68192.359375,68309.3203125,67852.984375,68185.9765625,101736448.0,2026-03-31 21:59:59.999000+00:00,-0.00011765606211688873,0,0.006393355300932324,-0.0004015275564996923,0.002457698926832119,67817.65364583333,67228.3095703125,318.0590352877437,609.4313732094406,67502.12624163176,67279.43435552274,222.69188610902347,58.80730283141136,1.5714107187231774,18.786435242411155,-0.2382358202145083,21,1
2026-03-31 22:00:00+00:00,68215.0,68281.0,67897.0,68110.0,3358646.0446455004,2026-03-31 22:59:59.999000+00:00,-0.0011142549587209727,1,-0.00011765606211688873,0.006393355300932324,0.012828354979825596,67910.80208333333,67285.41861979167,305.9962430060258,625.6268426464553,67595.64528138073,67340.95773659513,254.68754478560004,65.04308934220575,1.3180083142217467,-0.9669867966626327,-0.4341962184848122,22,1
2026-03-31 23:00:00+00:00,68135.40625,68299.4375,68043.8828125,68232.890625,4124672.0,2026-03-31 23:59:59.999000+00:00,0.001804296358831392,1,-0.0011142549587209727,-0.00011765606211688873,-0.0018512603072997624,68045.27473958333,67349.5146484375,213.74382933828278,641.0733690761496,67693.68302655293,67407.02683943993,286.6561871129961,76.96107105916626,1.3779639260877934,0.2280758213791929,-0.43308205187847787,23,1
2026-04-01 00:00:00+00:00,68215.0,68269.0,67802.0,68252.0,4644061.897035561,2026-04-01 00:59:59.999000+00:00,0.00028006105010303095,0,0.001804296358831392,-0.0011142549587209727,0.005368033383793769,68122.60807291667,67398.14811197917,183.89915600721892,663.9822438686342,67779.57794554479,67469.61744392586,309.9605016189307,75.5621301775148,1.2859559060584744,0.1259227150754194,-0.4325097254967677,0,2
2026-04-01 01:00:00+00:00,68266.0,68300.0,67706.0,67731.0,3228394.3674437697,2026-04-01 01:59:59.999000+00:00,-0.007633475942096957,0,0.00028006105010303095,0.001804296358831392,-0.0004015275564996923,68117.64453125,67389.6904296875,195.64504103969463,658.1270778971092,67772.10441546098,67488.97911474617,283.1253007148189,63.88370065994272,0.5186073963148192,-0.30483390639032015,-0.377406586471695,1,2
2026-04-01 02:00:00+00:00,67731.0,67850.0,67542.0,67605.0,7598299.1824041,2026-04-01 02:59:59.999000+00:00,-0.0018603003056207879,1,-0.007633475942096957,0.00028006105010303095,0.006393355300932324,68019.47786458333,67377.60709635417,279.4777277577236,651.0705247234345,67746.39604385161,67497.57325439459,248.82278945701546,62.34657917122372,0.34926001870906653,1.3535845741238868,-0.3668281800119201,2,2
2026-04-01 03:00:00+00:00,67599.8046875,68151.8671875,67599.8046875,68083.9375,372232192.0,2026-04-01 03:59:59.999000+00:00,0.007084350269950468,1,-0.0018603003056207879,-0.007633475942096957,-0.00011765606211688873,68002.47135416667,67396.02115885417,270.272788631752,664.9745406906217,67798.32549864367,67541.00764295795,257.3178556857165,61.11770138291134,1.0345002688845504,47.988883309833795,0.5243086673224521,3,2
2026-04-01 04:00:00+00:00,68108.0,68402.0,67966.0,68237.0,2528947.71855947,2026-04-01 04:59:59.999000+00:00,0.0022481440648169926,1,0.007084350269950468,-0.0018603003056207879,-0.0011142549587209727,68023.63802083333,67427.39615885417,284.9526314140253,686.7147998101274,67865.81388346772,67592.56263236847,273.25125109925284,74.55677629298899,1.17895207933436,-0.9932059940732921,-0.4178082698465954,4,2
2026-04-01 05:00:00+00:00,68229.0,68698.0,68101.0,68404.0,2754213.7001302,2026-04-01 05:59:59.999000+00:00,0.0024473526092883002,1,0.0022481440648169926,0.007084350269950468,0.001804296358831392,68052.15625,67459.93880208333,316.8592296983247,714.336505028349,67948.61174754961,67652.66910404488,295.9426435047353,74.58228792906539,1.3215917026096904,0.08907498558295424,-0.41758028016525134,5,2
2026-04-01 06:00:00+00:00,68409.0,69193.0,68408.0,69076.0,6369306.14492788,2026-04-01 06:59:59.999000+00:00,0.009823986901350779,0,0.0024473526092883002,0.0022481440648169926,0.00028006105010303095,68189.48958333333,67527.4267578125,528.6122757859865,786.8122882691317,68122.05609408044,67758.10102226377,363.955071816672,73.16450828855173,1.9681609772441753,1.3125678826689389,-0.40399394101774383,6,2
2026-04-01 07:00:00+00:00,69079.140625,69204.46875,68651.3828125,68651.3828125,300101632.0,2026-04-01 07:59:59.999000+00:00,-0.006147101562047563,0,0.009823986901350779,0.0024473526092883002,-0.007633475942096957,68342.88671875,67584.02604166667,501.8173493928996,817.4757032433407,68203.4909738373,67824.27004376275,379.2209300745453,67.06109892787524,1.30567399935996,46.11684839313028,0.31274346238249284,7,2
2026-04-01 08:00:00+00:00,68653.0,68816.0,68434.0,68641.0,3254216.78757314,2026-04-01 08:59:59.999000+00:00,-0.00015123967026797747,0,-0.006147101562047563,0.009823986901350779,-0.0018603003056207879,68515.55338541667,67663.609375,353.44456788630265,823.7682883952793,68270.8000547854,67884.76855903958,386.03149574581767,63.165865987536414,1.1864873153881423,-0.9891562842698132,-0.44394995196913195,8,2
2026-04-01 09:00:00+00:00,68625.0,68706.0,68368.0,68626.0,2779723.65177104,2026-04-01 09:59:59.999000+00:00,-0.00021852828484436593,0,-0.00015123967026797747,-0.006147101562047563,0.007084350269950468,68605.89713541667,67770.609375,283.39002663682186,771.2526425354409,68325.44620020303,67939.67459170333,385.77160849970824,63.40502173891993,1.1090926342734608,-0.14580870506662136,-0.4448399779384539,9,2
2026-04-01 10:00:00+00:00,68625.0,68632.0,68387.0,68570.0,3082398.5943676,2026-04-01 10:59:59.999000+00:00,-0.0008160172529362297,1,-0.00021852828484436593,-0.00015123967026797747,0.0022481440648169926,68661.39713541667,67864.859375,222.83246792086734,721.3426604094831,68363.06986171026,67986.36536268826,376.704499022002,56.59649122807017,0.977539058343942,0.10888670260574895,-0.44386977648083364,10,2
2026-04-01 11:00:00+00:00,68565.0,68710.0,68482.0,68691.0,3950331.70258356,2026-04-01 11:59:59.999000+00:00,0.0017646200962520009,0,-0.0008160172529362297,-0.00021852828484436593,0.0024473526092883002,68709.23046875,67951.31770833333,183.93826214392038,688.7660020328905,68413.52065221638,68038.56052100765,374.9601312087325,58.52223139210201,1.0739239298738639,0.28157718142031185,-0.44119937292411937,11,2
2026-04-01 12:00:00+00:00,68692.0,68733.0,68235.0,68350.0,10517387.3731725,2026-04-01 12:59:59.999000+00:00,-0.004964260237876883,0,0.0017646200962520009,-0.0008160172529362297,0.009823986901350779,68588.23046875,68024.69270833333,123.16416851323076,628.4899979850643,68403.7482441831,68061.63011204412,342.11813213897403,53.717472118959115,0.517601382217068,1.6624061382728983,-0.42529842532925693,12,2
2026-04-01 13:00:00+00:00,68355.0,68663.0,67907.0,68090.0,9962344.4005525,2026-04-01 13:59:59.999000+00:00,-0.0038039502560350824,1,-0.004964260237876883,0.0017646200962520009,-0.006147101562047563,68494.66666666667,68061.8603515625,231.32977894593932,603.3473162187934,68355.47928353953,68063.73158522604,291.7476983134984,47.87687993053717,0.04663922036456966,-0.05277384515053518,-0.4279793348102188,13,2
2026-04-01 14:00:00+00:00,68089.0,68644.0,68046.0,68564.0,10194040.41785576,2026-04-01 14:59:59.999000+00:00,0.00696137465119695,1,-0.0038039502560350824,-0.004964260237876883,-0.00015123967026797747,68481.83333333333,68146.52701822917,223.5946480289289,515.5104054243407,68387.55939376423,68100.78850483893,286.7708889252972,54.083769633507856,0.8098245493748802,0.02325717802833749,-0.42661987994053785,14,2
2026-04-01 15:00:00+00:00,68579.0390625,68915.3125,68426.890625,68915.3125,0.0,2026-04-01 15:59:59.999000+00:00,0.005123862376757549,0,0.00696137465119695,-0.0038039502560350824,-0.00021852828484436593,68530.05208333333,68239.0185546875,283.9516529913928,437.01343758193036,68468.75217933896,68161.1236155916,307.62856374736293,66.22207002825101,1.5475358127533774,-1.0,-0.41619046525421977,15,2
2026-04-01 16:00:00+00:00,68903.0,68968.0,68589.0,68797.0,4759572.91052147,2026-04-01 16:59:59.999000+00:00,-0.001716781012928048,0,0.005123862376757549,0.00696137465119695,-0.0008160172529362297,68567.88541666667,68290.9306640625,304.7030993221694,425.5944471813047,68519.25184405604,68208.22556999222,311.0262740638136,66.36182697917025,1.1890882019001359,0.0,-0.3335820912903958,16,2
2026-04-01 17:00:00+00:00,68788.0,69151.0,68236.0,68245.0,5890490.30314955,2026-04-01 17:59:59.999000+00:00,-0.008023605680480217,0,-0.001716781012928048,0.005123862376757549,0.0017646200962520009,68493.55208333333,68325.05338541667,322.5414759942553,384.0379905465491,68477.0592526628,68210.94960184465,266.10965081815084,52.16733107937629,-0.2084517349513844,0.2376090069191048,-0.396386737458084,17,2
2026-04-01 18:00:00+00:00,68238.0390625,68258.8828125,67981.9140625,68006.453125,228315136.0,2026-04-01 18:59:59.999000+00:00,-0.003495448384497002,1,-0.008023605680480217,-0.001716781012928048,-0.004964260237876883,68436.29427083333,68334.15559895833,378.7221859646453,373.19131813188187,68404.65830994544,68195.80171467098,208.85659527446842,46.96742369746172,-0.8781085144175886,37.75995447746066,1.460244631297078,18,2
2026-04-01 19:00:00+00:00,68054.734375,68249.8125,68034.3984375,68152.3203125,1232896.0,2026-04-01 19:59:59.999000+00:00,0.002144902149681105,1,-0.003495448384497002,-0.008023605680480217,-0.0038039502560350824,68446.68098958333,68350.4697265625,368.02898096490895,355.1588002140277,68365.83707956922,68192.58087006572,173.25620950349548,46.67093800700638,-0.5579177932324644,-0.9946000251161623,-0.43434393652626246,19,2
2026-04-01 20:00:00+00:00,68129.8046875,68226.4609375,67985.3671875,68173.234375,0.0,2026-04-01 20:59:59.999000+00:00,0.00030687234717907685,1,0.002144902149681105,-0.003495448384497002,0.00696137465119695,68381.55338541667,68349.6044921875,377.5675637618853,355.58160653743647,68336.20589425087,68191.14779635715,145.05809789372142,35.57399889140238,-0.49600461313212313,-1.0,-0.44387824919551105,20,2
2026-04-01 21:00:00+00:00,68176.0,68529.0,68165.0,68367.0,8502355.2956433,2026-04-01 21:59:59.999000+00:00,0.0028422536612264793,0,0.00030687234717907685,0.002144902149681105,0.005123862376757549,68290.16796875,68357.14713541667,274.95147512817766,353.8756551445256,68340.9434489815,68204.17388551588,136.76956346562656,45.09363618963923,0.027842730744799316,0.0,-0.3245490592402625,21,2
2026-04-01 22:00:00+00:00,68375.8828125,68375.8828125,68075.5625,68104.0859375,0.0,2026-04-01 22:59:59.999000+00:00,-0.0038456281905012712,0,0.0028422536612264793,0.00030687234717907685,-0.001716781012928048,68174.68229166667,68356.90071614583,123.05911844369669,354.0572497307419,68304.5038318305,68196.75996344062,107.74386838987994,41.47926631802639,-0.7140505633992593,-1.0,-0.40622115989567475,22,2
2026-04-01 23:00:00+00:00,68109.8203125,68225.453125,67999.71875,68077.8984375,0.0,2026-04-01 23:59:59.999000+00:00,-0.00038452171612779473,1,-0.0038456281905012712,0.0028422536612264793,-0.008023605680480217,68146.83203125,68350.44270833333,122.87102624392756,357.81116941423454,68269.64146347197,68187.95540596354,81.68605750842835,41.332499820860704,-0.7616986112521451,0.0,-0.4042656868792048,23,2
2026-04-02 00:00:00+00:00,68104.0,68644.0,68052.0,68592.0,5559992.01804192,2026-04-02 00:59:59.999000+00:00,0.007551666169189675,0,-0.00038452171612779473,-0.0038456281905012712,-0.003495448384497002,68244.42317708333,68364.609375,198.3988599068745,360.465004614582,68319.23508447628,68217.88463515142,101.35044932486198,50.30387396136829,0.630825800255233,0.0,-0.3503016007014323,0,3
2026-04-02 01:00:00+00:00,68592.0,68592.0,67042.0,67349.0,17519370.35543922,2026-04-02 01:59:59.999000+00:00,-0.018121646839281524,0,0.007551666169189675,-0.00038452171612779473,0.002144902149681105,68110.53645833333,68348.69270833333,420.13244238206573,396.31053072297965,68169.96814840302,68153.52281032539,16.44533807762491,35.849619253796746,-2.522498472371182,2.1509704148116873,-0.23957481356107244,1,3
2026-04-02 02:00:00+00:00,67334.1875,67334.1875,66686.6796875,66880.640625,910004224.0,2026-04-02 02:59:59.999000+00:00,-0.00695421424223075,0,-0.018121646839281524,0.007551666169189675,0.00030687234717907685,67895.10416666667,68318.51106770833,650.0465589555389,475.15043687033864,67971.61006787948,68059.23524104203,-87.62517316255253,34.91194799027063,-3.026137263345717,50.94274711576446,4.069430867878899,2,3
2026-04-02 03:00:00+00:00,66850.0,66956.0,66493.0,66575.0,5881133.320024249,2026-04-02 03:59:59.999000+00:00,-0.004569941647445175,0,-0.00695421424223075,-0.018121646839281524,0.0028422536612264793,67596.4375,68255.638671875,787.093553615664,592.8046138594946,67756.7469805134,67949.29188985373,-192.54490934032947,34.58775094975442,-2.835063413108559,-0.9935372461303825,-0.3000191676099881,3,3
2026-04-02 04:00:00+00:00,66570.0,66636.0,66216.0,66337.0,5565798.33493249,2026-04-02 04:59:59.999000+00:00,-0.0035749155088246054,1,-0.004569941647445175,-0.00695421424223075,-0.0038456281905012712,67301.92317708333,68176.47200520833,883.8127711918041,710.5725927900022,67538.32436812672,67829.86286097567,-291.53849284895114,26.201782595483067,-2.5887179211145757,-0.05361806439893102,-0.30235204414074907,4,3
2026-04-02 05:00:00+00:00,66337.0,66621.0,66304.0,66591.0,2551559.72432823,2026-04-02 05:59:59.999000+00:00,0.0038289340790207405,1,-0.0035749155088246054,-0.004569941647445175,-0.00038452171612779473,67054.10677083333,68100.93033854167,829.5084573775628,778.4601263301557,67392.58215764568,67738.09524164414,-345.5130839984631,24.63432268273634,-1.939637352602552,-0.5415644673444355,-0.317787893362283,5,3
2026-04-02 06:00:00+00:00,66590.0,66808.0,66541.0,66673.0,2719987.22690767,2026-04-02 06:59:59.999000+00:00,0.0012313976363171886,1,0.0038289340790207405,-0.0035749155088246054,0.007551666169189675,66734.2734375,68000.80533854167,348.36418417987613,801.7813781662924,67281.87721031558,67659.19929781865,-377.32208750306745,26.635189533136924,-1.6560690665807405,0.06600962578831382,-0.31606252126553785,6,3
2026-04-02 07:00:00+00:00,66656.6328125,66915.609375,66544.8671875,66915.609375,0.0,2026-04-02 07:59:59.999000+00:00,0.003638794939480716,0,0.0012313976363171886,0.0038289340790207405,-0.018121646839281524,66662.04166666667,67928.4814453125,214.69859215945192,818.6544909977538,67225.52831257472,67604.11856279505,-378.5902502203244,34.308073095338216,-1.2372399851835407,-1.0,-0.2746566070604141,7,3
2026-04-02 08:00:00+00:00,66919.0,66919.0,66401.0,66422.0,2057459.20227214,2026-04-02 08:59:59.999000+00:00,-0.007376595380515383,0,0.003638794939480716,0.0012313976363171886,-0.00695421424223075,66585.6015625,67836.02311197917,202.6096677742477,858.9965746790426,67101.90857217861,67516.55422481023,-414.64565263161785,32.359561898532476,-1.6461335861641941,0.0,-0.2634554938336894,8,3
2026-04-02 09:00:00+00:00,66433.671875,66482.453125,66301.4765625,66420.6640625,182439936.0,2026-04-02 09:59:59.999000+00:00,-2.011287675773854e-05,1,-0.007376595380515383,0.003638794939480716,-0.004569941647445175,66559.87890625,67744.13411458333,213.7173099631645,888.2728551436034,66997.10172453575,67435.37717575021,-438.2754512144602,30.0795910443898,-1.4899363910758803,87.67244405066394,0.6486474144613541,9,3
2026-04-02 10:00:00+00:00,66443.3046875,66466.609375,66225.1875,66444.28125,0.0,2026-04-02 10:59:59.999000+00:00,0.00035556987924389993,0,-2.011287675773854e-05,-0.007376595380515383,-0.0035749155088246054,66577.75911458333,67655.5625,195.01027822577734,908.1022726899346,66912.05242076101,67361.96266273168,-449.91024197066145,30.123048734484186,-1.3338599477479602,-1.0,-0.31081393021612463,10,3
2026-04-02 11:00:00+00:00,66442.875,66450.53125,66170.84375,66194.6484375,166092800.0,2026-04-02 11:59:59.999000+00:00,-0.003757024800384867,0,0.00035556987924389993,-2.011287675773854e-05,0.0038289340790207405,66511.70052083333,67551.5478515625,249.22322767664252,927.1139397576898,66801.6825771824,67275.49494234414,-473.81236516174977,25.342250740900354,-1.4635735219525863,0.0,0.5253064802525178,11,3
2026-04-02 12:00:00+00:00,66202.0,66202.0,65967.6640625,66032.328125,0.0,2026-04-02 12:59:59.999000+00:00,-0.00245216669823789,1,-0.003757024800384867,0.00035556987924389993,0.0012313976363171886,66404.921875,67454.97819010417,298.64071481949526,960.4372164173946,66683.32035376971,67183.40851142976,-500.08815766005137,25.9344967466173,-1.481252538724931,-1.0,-0.34229234664674035,12,3
2026-04-02 13:00:00+00:00,66025.453125,66204.3046875,65788.75,66204.3046875,384462848.0,2026-04-02 13:59:59.999000+00:00,0.0026044297904270763,1,-0.00245216669823789,-0.003757024800384867,0.003638794939480716,66286.37109375,67376.40755208333,167.9590364308433,983.093677275682,66609.62563588207,67110.88230224978,-501.2566663677135,28.949345711045495,-1.1922595899827397,0.0,1.5074437819446025,13,3
2026-04-02 14:00:00+00:00,66249.2578125,67029.875,66200.2578125,66939.234375,1230147584.0,2026-04-02 14:59:59.999000+00:00,0.011100935067123618,0,0.0026044297904270763,-0.00245216669823789,-0.007376595380515383,66372.57682291667,67308.708984375,317.5839690352095,953.2469309093082,66660.33467266944,67098.16764097202,-437.8329683025804,32.3083433128391,-0.3875959076233856,2.199652685296656,3.5628781934553424,14,3
2026-04-02 15:00:00+00:00,66851.0,66986.0,66633.0,66827.0,3068465.41983573,2026-04-02 15:59:59.999000+00:00,-0.0016766605720532901,1,0.011100935067123618,0.0026044297904270763,-2.011287675773854e-05,66440.29947916667,67221.69596354167,369.0441109632103,893.6683479214638,66685.97549225876,67078.08114904817,-392.105656789412,42.62767182900295,-0.44165821074414696,-0.9975056119609176,-0.41815343344682704,15,3
2026-04-02 16:00:00+00:00,66835.65625,67217.4765625,66774.828125,67104.25,294678528.0,2026-04-02 16:59:59.999000+00:00,0.004148772202852147,0,-0.0016766605720532901,0.011100935067123618,0.00035556987924389993,66550.29427083333,67151.16471354167,458.08058104139474,828.3459328658959,66750.32541652664,67080.019582452,-329.69416592536436,53.33829415990967,-0.0566366196540096,95.0344953197405,0.48802542255542014,16,3
2026-04-02 17:00:00+00:00,67093.0,67419.0,66661.0,66672.0,5375256.4927872,2026-04-02 17:59:59.999000+00:00,-0.006441469802583311,1,0.004148772202852147,-0.0016766605720532901,-0.003757024800384867,66629.85286458333,67085.623046875,424.1556318955965,799.7727065841816,66738.27535244562,67049.79590967778,-311.52055723215744,51.39537601877284,-0.5171757468963631,-0.9817589135887526,-0.4490798113789113,17,3
2026-04-02 18:00:00+00:00,66667.8203125,66982.1640625,66602.015625,66966.8984375,59293696.0,2026-04-02 18:59:59.999000+00:00,0.00442312271268297,1,-0.006441469802583311,0.004148772202852147,-0.00245216669823789,66785.61458333333,67042.30826822917,319.5414295469125,775.5159911855208,66773.44813476168,67043.65535618312,-270.2072214214422,58.91534584602183,-0.0972382666331529,10.030858914279417,-0.2516692903928214,18,3
2026-04-02 19:00:00+00:00,66969.359375,67071.7734375,66884.28125,66993.984375,36319232.0,2026-04-02 19:59:59.999000+00:00,0.00040446755235756804,0,0.00442312271268297,-0.006441469802583311,0.0026044297904270763,66917.22786458333,66994.04427083333,149.73180441131524,738.5967525741747,66807.37678710604,67039.97602424363,-232.59923713759053,56.095203433411484,-8.109409243911827e-05,-0.3874689140646588,-0.3314798988187732,19,3
2026-04-02 20:00:00+00:00,66964.6328125,67084.671875,66809.7109375,66940.75,0.0,2026-04-02 20:59:59.999000+00:00,-0.000794614255244519,0,0.00040446755235756804,0.00442312271268297,0.011100935067123618,66917.48046875,66942.69075520833,149.77762700883758,694.5795512372989,66827.89574293589,67032.62594837374,-204.73020543785242,54.08531090417543,-0.002794143888732819,-1.0,-0.4493860462070653,20,3
2026-04-02 21:00:00+00:00,66939.0,67005.0,66717.0,66932.0,1802430.16134412,2026-04-02 21:59:59.999000+00:00,-0.00013071260779118354,1,-0.000794614255244519,0.00040446755235756804,-0.0016766605720532901,66934.98046875,66882.89908854167,143.07570676007032,624.9102107576844,66843.91178248421,67025.17217442013,-181.26039193592442,50.26930581228178,0.07857274631309855,0.0,-0.4424475920173418,21,3
2026-04-02 22:00:00+00:00,66920.703125,67020.5078125,66866.2109375,67020.5078125,0.0,2026-04-02 22:59:59.999000+00:00,0.0013223542177134284,0,-0.00013071260779118354,-0.000794614255244519,0.004148772202852147,66921.0234375,66837.75,126.370288688396,569.5348987606403,66871.08040248664,67024.82666612975,-153.74626364311553,61.343868367356,0.32088957656097566,-1.0,-0.44829658100121267,22,3
2026-04-02 23:00:00+00:00,66980.140625,67071.5546875,66862.4296875,66889.015625,48594944.0,2026-04-02 23:59:59.999000+00:00,-0.001961969429832844,0,0.0013223542177134284,-0.00013071260779118354,-0.006441469802583311,66957.19270833333,66788.21321614583,46.925004074417714,505.0302017316913,66873.83966748869,67014.76658900903,-140.9269215203385,58.45955854337943,0.19959679343637565,0.0,-0.29793613388501633,23,3
2026-04-03 00:00:00+00:00,66890.0,66985.0,66700.0,66771.0,1519032.99533085,2026-04-03 00:59:59.999000+00:00,-0.0017643498547150749,0,-0.001961969429832844,0.0013223542177134284,0.00442312271268297,66924.54296875,66712.33821614583,88.52939684156843,328.0215903159948,66858.01818018274,66996.70980463798,-138.69162445524125,55.70672197811194,0.1788351303268195,-0.9687409250779083,-0.45042991280392775,0,4
2026-04-03 01:00:00+00:00,66771.0,66895.0,66493.0,66611.0,2663908.66470241,2026-04-03 01:59:59.999000+00:00,-0.002396249868955036,0,-0.0017643498547150749,-0.001961969429832844,0.00040446755235756804,66860.71223958333,66681.58821614583,147.1245614849216,299.0561582015322,66820.01538323156,66968.13870799814,-148.12332476658048,57.507388635166244,-0.2360366580321663,0.7536871634063502,-0.44429959709807887,1,4
2026-04-03 02:00:00+00:00,66613.0,66742.0,66282.0,66526.0,2237608.4756619404,2026-04-03 02:59:59.999000+00:00,-0.0012760655147048272,1,-0.002396249868955036,-0.0017643498547150749,-0.000794614255244519,66791.58723958333,66666.8115234375,192.44990488183308,297.55093743213916,66774.78224734978,66935.38769259087,-160.6054452410899,59.156909343844184,-0.47323501869193113,-0.1600280800498437,-0.380334552138647,2,4
2026-04-03 03:00:00+00:00,66507.984375,66695.0,66488.1328125,66586.28125,0.0,2026-04-03 03:59:59.999000+00:00,0.0009061306857469642,1,-0.0012760655147048272,-0.002396249868955036,-0.00013071260779118354,66733.96744791667,66667.28157552083,193.75210613870843,297.40847000921235,66745.78209391136,66909.52795610265,-163.7458621912956,57.39138847987712,-0.27235379516366653,-1.0,-0.38782135158773273,3,4
2026-04-03 04:00:00+00:00,66576.0,66681.0,66498.0,66619.0,1178577.10575353,2026-04-03 04:59:59.999000+00:00,0.000491373739241574,0,0.0009061306857469642,-0.0012760655147048272,0.0013223542177134284,66667.04947916667,66679.03157552083,135.60489626942075,289.25113551845226,66726.27715638654,66888.00736676171,-161.73021037517174,41.490907581167484,-0.20754136509517307,0.0,-0.3825056341120447,4,4
2026-04-03 05:00:00+00:00,66601.0,66799.0,66424.0,66599.0,1025237.77036434,2026-04-03 05:59:59.999000+00:00,-0.0003002146534771821,1,0.000491373739241574,0.0009061306857469642,-0.001961969429832844,66618.71354166667,66679.36490885417,81.59292133023114,289.1498689408259,66706.696055404,66866.59941366826,-159.9033582642587,43.62944982405895,-0.27793513844067513,-0.13010547603599654,-0.38281211421248784,5,4
2026-04-03 06:00:00+00:00,66599.0,66786.0,66568.0,66786.0,996199.71593802,2026-04-03 06:59:59.999000+00:00,0.002807849967717324,1,-0.0003002146534771821,0.000491373739241574,-0.0017643498547150749,66621.21354166667,66684.0732421875,87.22742436413255,289.96059426634804,66718.89666226492,66860.62908672987,-141.73242446494987,40.63548840930199,0.35151934375908167,-0.02832323902386147,-0.3826067591780913,6,4
2026-04-03 07:00:00+00:00,66775.1875,67162.359375,66765.859375,67027.1484375,168898560.0,2026-04-03 07:59:59.999000+00:00,0.0036107632961996927,0,0.002807849967717324,-0.0003002146534771821,-0.002396249868955036,66690.57161458333,66688.720703125,186.4718141465068,294.6883098131902,66766.32001230108,66872.96385345358,-106.64384115250141,61.774441698913705,1.1484260593490705,168.5428710707525,0.23336572092195876,7,4
2026-04-03 08:00:00+00:00,67032.546875,67268.6796875,66909.2421875,66961.9296875,61919232.0,2026-04-03 08:59:59.999000+00:00,-0.0009730199108919368,0,0.0036107632961996927,0.002807849967717324,-0.0012760655147048272,66763.2265625,66711.2177734375,194.28722347347679,294.0499793481703,66796.41380848552,66879.55391523479,-83.14010674926976,49.805673360139814,0.8526166695140086,-0.6333939614405238,-0.18693986301821905,8,4
2026-04-03 09:00:00+00:00,66948.0,67003.0,66748.0,66856.0,1599249.61853808,2026-04-03 09:59:59.999000+00:00,-0.0015819389912201665,1,-0.0009730199108919368,0.0036107632961996927,0.0009061306857469642,66808.1796875,66729.35677083333,175.4481076736559,288.7264279789045,66805.58091487236,66877.80918077295,-72.22826590058685,44.91694199178054,0.4386270770333659,-0.9741720049347822,-0.389266453650479,9,4
2026-04-03 10:00:00+00:00,66855.0,66899.0,66683.0,66882.0,1188986.41213932,2026-04-03 10:59:59.999000+00:00,0.0003888955366757596,1,-0.0015819389912201665,-0.0009730199108919368,0.000491373739241574,66852.01302083333,66747.59505208333,149.69469605807063,283.7172904012789,66817.33769719969,66878.11961182681,-60.781914627121296,47.79145716836615,0.47372843483234417,-0.2565348158555719,-0.3910622035234588,10,4
2026-04-03 11:00:00+00:00,66880.1796875,67026.71875,66832.5546875,66995.7109375,0.0,2026-04-03 11:59:59.999000+00:00,0.001700172505307851,0,0.0003888955366757596,-0.0015819389912201665,-0.0003002146534771821,66918.13151041667,66780.97265625,92.13694665434046,262.13757647881,66844.77973416897,66886.8300803952,-42.0503462262277,52.21985703630711,0.8191816073624166,-1.0,-0.3684085665448559,11,4
2026-04-03 12:00:00+00:00,67036.0,67359.0,66650.0,66720.0,3630916.4986032,2026-04-03 12:59:59.999000+00:00,-0.004115352067197375,0,0.001700172505307851,0.0003888955366757596,0.002807849967717324,66907.13151041667,66809.62565104167,112.7097547410532,208.93265807508283,66825.58285198914,66874.47229666222,-48.889444673084654,40.73779768354644,-0.428969084428454,0.0,-0.35515011105975763,12,4
2026-04-03 13:00:00+00:00,66720.0,66734.0,66512.0,66670.0,1847527.9484455,2026-04-03 13:59:59.999000+00:00,-0.0007494004796163578,1,-0.004115352067197375,0.001700172505307851,0.0036107632961996927,66847.60677083333,66829.02962239583,129.68081336899573,167.8587908176767,66801.6470286062,66859.32620061317,-57.67917200697411,42.892492419402274,-0.9474012151592454,-0.49116760213124233,-0.3088940657979112,13,4
2026-04-03 14:00:00+00:00,66640.3125,66963.7421875,66640.3125,66955.96875,0.0,2026-04-03 14:59:59.999000+00:00,0.00428931678416089,0,-0.0007494004796163578,-0.004115352067197375,-0.0009730199108919368,66846.61328125,66829.72688802083,128.6485397543656,168.3704482455914,66825.38883189755,66866.48490797516,-41.096076077606995,55.41259738834631,0.749786338960329,-1.0,-0.4279393349193443,14,4
2026-04-03 15:00:00+00:00,66943.6796875,66992.6328125,66820.0625,66837.7265625,0.0,2026-04-03 15:59:59.999000+00:00,-0.0017659693333912374,1,0.00428931678416089,-0.0007494004796163578,-0.0015819389912201665,66843.56770833333,66830.173828125,128.5981680270475,168.3771317115279,66827.28694429793,66864.35466016218,-37.067715864250204,56.80072363580122,0.04485605793511034,0.0,-0.42571972004240977,15,4
2026-04-03 16:00:00+00:00,66844.640625,67039.765625,66811.6640625,67002.765625,0.0,2026-04-03 16:59:59.999000+00:00,0.0024692500925458383,0,-0.0017659693333912374,0.00428931678416089,0.0003888955366757596,66863.6953125,66825.9453125,144.30776627115006,162.3617535295937,66854.28366440594,66874.60732422424,-20.323659818299348,63.64551097436631,1.0890515078587824,0.0,-0.4403838567989513,16,4
2026-04-03 17:00:00+00:00,67000.875,67042.3359375,66771.21875,66852.078125,0.0,2026-04-03 17:59:59.999000+00:00,-0.002248974331050202,0,0.0024692500925458383,-0.0017659693333912374,0.001700172505307851,66839.75651041667,66833.44856770833,129.1449521747141,159.06566728882237,66853.94435065119,66872.93849465207,-18.994144000884262,57.23306007211375,0.11711865677365203,0.0,-0.43348770163888367,17,4
2026-04-03 18:00:00+00:00,66844.0,66914.0,66777.0,66815.0,2754852.5269083,2026-04-03 18:59:59.999000+00:00,-0.0005546293554355985,1,-0.002248974331050202,0.0024692500925458383,-0.004115352067197375,66855.58984375,66827.11946614583,116.75546215503928,156.52663212704203,66847.95291208947,66868.64675430747,-20.693842217995552,55.32107134070298,-0.07742750215178677,0.0,-0.3071632472925798,18,4
2026-04-03 19:00:00+00:00,66815.0,66892.0,66771.0,66870.0,2104973.0899542,2026-04-03 19:59:59.999000+00:00,0.0008231684501982528,0,-0.0005546293554355985,-0.002248974331050202,-0.0007494004796163578,66888.92317708333,66821.95345052083,73.83303535471669,152.781148984273,66851.34477176801,66868.74699472914,-17.402222961129155,57.21998817760239,0.3144795663509334,-0.23590353044540013,-0.2879849687521676,19,4
2026-04-03 20:00:00+00:00,66870.6015625,66899.375,66842.6015625,66842.6015625,101472256.0,2026-04-03 20:59:59.999000+00:00,-0.00040972689546880936,1,0.0008231684501982528,-0.0005546293554355985,0.00428931678416089,66870.02864583333,66817.86393229167,67.47614217103452,150.7633003275051,66849.99966264986,66866.8102960455,-16.810633395638433,51.64814166056244,0.1640825728449205,47.20596352716691,2.0747338151964896,20,4
2026-04-03 21:00:00+00:00,66832.8125,66930.2578125,66831.203125,66925.671875,0.0,2026-04-03 21:59:59.999000+00:00,0.001242774975212857,0,-0.00040972689546880936,0.0008231684501982528,-0.0017659693333912374,66884.68619791667,66817.60026041667,68.5985862498172,150.56040456159124,66861.64154147296,66871.1704130051,-9.52887153213669,46.745573990649376,0.7177957239024192,-1.0,-0.41223701749110175,21,4
2026-04-03 22:00:00+00:00,66949.21875,66949.21875,66846.578125,66890.34375,0.0,2026-04-03 22:59:59.999000+00:00,-0.0005278710547125254,1,0.001242774975212857,-0.00040972689546880936,0.0024692500925458383,66865.94921875,66812.1767578125,38.759877819457195,145.18177663709577,66866.05726586173,66872.5906601899,-6.533394328173017,47.65931140890907,0.538407739580777,0.0,-0.41223701749110175,22,4
2026-04-03 23:00:00+00:00,66882.15625,66938.6484375,66815.640625,66938.6484375,0.0,2026-04-03 23:59:59.999000+00:00,0.0007221473951537494,0,-0.0005278710547125254,0.001242774975212857,-0.002248974331050202,66880.37760416667,66814.24479166667,47.65572363005251,146.6697624609949,66877.22513842146,66877.48382887954,-0.2586904580821283,52.808231178028954,0.8481887728318384,0.0,-0.36657927686478214,23,4
2026-04-04 00:00:00+00:00,66937.25,66939.015625,66881.3125,66882.7265625,0.0,2026-04-04 00:59:59.999000+00:00,-0.0008354198404859625,0,0.0007221473951537494,-0.0005278710547125254,-0.0005546293554355985,66891.66536458333,66818.90006510417,35.55881111858319,147.01019859622355,66878.07151135663,66877.87217951809,0.199331838535727,50.02419518489803,0.43416373833446464,0.0,-0.36480376160745526,0,5
2026-04-04 01:00:00+00:00,66884.5546875,66904.328125,66822.015625,66842.9453125,0.0,2026-04-04 01:59:59.999000+00:00,-0.0005947910924777311,0,-0.0008354198404859625,0.0007221473951537494,0.0008231684501982528,66887.15625,66828.564453125,40.260173887758214,140.21568675071023,66872.6674807633,66875.28500418342,-2.61752342012187,44.64930715176988,0.1025624144363231,0.0,-0.3617121194603537,1,5
2026-04-04 02:00:00+00:00,66844.0,66911.0,66806.0,66822.0,980587.86124488,2026-04-04 02:59:59.999000+00:00,-0.0003133511308048842,0,-0.0005947910924777311,-0.0008354198404859625,-0.00040972689546880936,66883.72265625,66840.89778645833,45.37375308913215,124.59277488574631,66864.8724837228,66871.3379668365,-6.465483113701339,54.348694991806234,-0.15167642325695108,0.0,-0.33600783935332756,2,5
2026-04-04 03:00:00+00:00,66825.40625,66893.453125,66821.40625,66821.40625,0.0,2026-04-04 03:59:59.999000+00:00,-8.885546676218326e-06,1,-0.0003133511308048842,-0.0005947910924777311,0.001242774975212857,66866.34505208333,66850.69466145833,46.055614471493655,112.3434406004829,66858.18537084236,66867.6393211449,-9.4539503025444,56.7389943667849,-0.2607042414027917,-1.0,-0.36025972884750374,3,5
2026-04-04 04:00:00+00:00,66830.0,66870.0,66782.0,66859.0,845663.86651903,2026-04-04 04:59:59.999000+00:00,0.0005626004017238451,1,-8.885546676218326e-06,-0.0003133511308048842,-0.0005278710547125254,66861.12109375,66860.69466145833,44.54182745721877,100.9241388277881,66858.31069840507,66866.99937143047,-8.688673025404569,44.45882962195754,-0.016791438381457663,0.0,-0.33896105725617,4,5
2026-04-04 05:00:00+00:00,66862.0,66930.0,66842.0,66895.0,1480871.9354534,2026-04-04 05:59:59.999000+00:00,0.000538446581612062,1,0.0005626004017238451,-8.885546676218326e-06,0.0007221473951537494,66853.84635416667,66873.02799479167,30.78841408675888,84.26479359399255,66863.95520634275,66869.07349206525,-5.118285722492146,53.61236215273328,0.2607495286132751,0.7511354027091757,-0.3237746630274652,5,5
2026-04-04 06:00:00+00:00,66908.6015625,67021.1328125,66892.90625,67004.875,0.0,2026-04-04 06:59:59.999000+00:00,0.0016424994394199643,0,0.000538446581612062,0.0005626004017238451,-0.0008354198404859625,66874.20442708333,66882.14778645833,69.61107791357648,86.25705808828133,66885.63517459772,66879.13286302338,6.502311574338819,50.14299332697807,1.422807782478092,-1.0,-0.35924072766392384,6,5
2026-04-04 07:00:00+00:00,67026.0,67039.0,66936.0,67004.0,611493.8392054801,2026-04-04 07:59:59.999000+00:00,-1.3058751322181372e-05,0,0.0016424994394199643,0.000538446581612062,-0.0005947910924777311,66901.046875,66881.18326822917,84.58743084488266,84.68018803854136,66903.84514773653,66888.3822805772,15.46286715932365,62.92367812425233,1.4503596958822251,0.0,-0.29264751484296114,7,5
2026-04-04 08:00:00+00:00,67011.6328125,67030.6875,66910.1328125,66917.296875,0.0,2026-04-04 08:59:59.999000+00:00,-0.0012939992388514288,1,-1.3058751322181372e-05,0.0016424994394199643,-0.0003133511308048842,66916.9296875,66879.32356770833,75.20271130742569,83.30877410021554,66905.9146442386,66890.5241023863,15.39054185229179,58.02466109381512,0.45581402081360445,-1.0,-0.23986828464204202,8,5
2026-04-04 09:00:00+00:00,66923.0,66989.0,66913.0,66973.0,930414.18424317,2026-04-04 09:59:59.999000+00:00,0.000832417440651545,1,-0.0012939992388514288,-1.3058751322181372e-05,-8.885546676218326e-06,66942.1953125,66884.19856770833,60.772166214629856,85.2844352291412,66916.23546820189,66896.63342813546,19.602040066427435,58.07091434448308,1.0412384399695078,0.0,-0.1932723551292757,9,5
2026-04-04 10:00:00+00:00,66964.5703125,67149.1328125,66905.3359375,67137.640625,0.0,2026-04-04 10:59:59.999000+00:00,0.0024583134248130634,0,0.000832417440651545,-0.0012939992388514288,0.0005626004017238451,66988.63541666667,66894.85026041667,85.79462854773068,99.73749019239192,66950.29780001698,66914.4858130884,35.81198692858743,69.02653083844704,2.434293906082758,-1.0,-0.2359255786167809,10,5
2026-04-04 11:00:00+00:00,67143.5078125,67194.5546875,67082.7890625,67113.609375,150949888.0,2026-04-04 11:59:59.999000+00:00,-0.0003579400434136071,0,0.0024583134248130634,0.000832417440651545,0.000538446581612062,67025.0703125,66899.7626953125,84.48607061405214,107.52098793708554,66975.42265770667,66929.23570656333,46.18695114334696,63.11868769495888,1.9888831361243584,0.0,3.8623679393343973,11,5
2026-04-04 12:00:00+00:00,67138.0,67165.0,67051.0,67091.0,403109.80525669,2026-04-04 12:59:59.999000+00:00,-0.00033688211989413297,1,-0.0003579400434136071,0.0024583134248130634,0.0016424994394199643,67039.42447916667,66915.22102864583,87.62659537115498,107.22174988064691,66993.20378729026,66941.2182468179,51.98554047236394,64.2596993048924,1.639396592107838,-0.9973295123925054,-0.2929249204533208,12,5
2026-04-04 13:00:00+00:00,67094.0,67268.0,67078.0,67196.0,804682.90041308,2026-04-04 13:59:59.999000+00:00,0.0015650385297580893,0,-0.00033688211989413297,-0.0003579400434136071,-1.3058751322181372e-05,67071.42447916667,66937.1376953125,105.36517553884201,108.66680127599135,67024.40320463022,66960.09096927583,64.31223535438767,66.92493449108565,2.3821654971700412,0.9961878622641751,-0.28054805946663586,13,5
2026-04-04 14:00:00+00:00,67195.3359375,67202.46875,67028.609375,67172.6953125,0.0,2026-04-04 14:59:59.999000+00:00,-0.0003468165887849928,1,0.0015650385297580893,-0.00033688211989413297,-0.0012939992388514288,67113.99088541667,66946.16796875,78.9153606761369,118.82954129919874,67047.21737507172,66975.83943914429,71.37793592743401,69.92484432037793,1.906321788953396,-1.0,-0.30275079380623526,14,5
2026-04-04 15:00:00+00:00,67205.0,67528.0,67183.0,67373.0,3014520.20050765,2026-04-04 15:59:59.999000+00:00,0.0029819361359275653,1,-0.0003468165887849928,0.0015650385297580893,0.000832417440651545,67180.65755208333,66968.47102864583,101.66493569872657,144.95252388253806,67097.33777890683,67005.25873994842,92.07903895841446,79.83938357068091,2.790768732540184,0.0,-0.22325247237308019,15,5
2026-04-04 16:00:00+00:00,67368.828125,67491.78125,67316.109375,67442.90625,0.0,2026-04-04 16:59:59.999000+00:00,0.0010376003740371065,0,0.0029819361359275653,-0.0003468165887849928,0.0024583134248130634,67231.53515625,66986.81022135417,143.57683355048326,174.343392079344,67150.50215907501,67037.67707402632,112.82508504869475,83.12769895126465,2.6160786663956745,-1.0,-0.30650801893305935,16,5
2026-04-04 17:00:00+00:00,67350.0,67406.0,67278.0,67335.0,894813.3915381,2026-04-04 17:59:59.999000+00:00,-0.0015999644143449565,0,0.0010376003740371065,0.0029819361359275653,-0.0003579400434136071,67268.43359375,67006.93196614583,135.4260326015689,185.62062476322936,67178.88644229424,67059.70099446882,119.18544782542449,74.5867304959234,1.767411537767652,0.0,-0.28291420787751853,17,5
2026-04-04 18:00:00+00:00,67325.609375,67360.1796875,67266.375,67287.0078125,0.0,2026-04-04 18:59:59.999000+00:00,-0.0007127376178807099,1,-0.0015999644143449565,0.0010376003740371065,-0.00033688211989413297,67301.1015625,67026.59895833333,104.0770828267086,189.36817163857137,67195.52049924897,67076.53853654521,118.98196270376502,70.28758489420164,1.3751458437465858,-1.0,-0.3041943350938188,18,5
2026-04-04 19:00:00+00:00,67286.078125,67474.109375,67285.609375,67287.53125,72231936.0,2026-04-04 19:59:59.999000+00:00,7.779176352418204e-06,0,-0.0007127376178807099,-0.0015999644143449565,0.0015650385297580893,67316.35677083333,67043.99609375,91.544177862071,193.49031896582025,67209.67599936451,67092.16762643075,117.5083729337639,69.25352544451258,1.2586425902425644,0.0,1.5239096476412555,19,5
2026-04-04 20:00:00+00:00,67270.0,67288.0,67182.0,67255.0,1409245.7172812498,2026-04-04 20:59:59.999000+00:00,-0.00048346624397810345,1,7.779176352418204e-06,-0.0007127376178807099,-0.0003468165887849928,67330.07421875,67061.17936197917,69.1356795797168,193.13907126584368,67216.6489225392,67104.22928373217,112.41963880702679,63.27583347155416,1.0035288911276097,-0.9804899910576778,-0.2500732688437777,20,5
2026-04-04 21:00:00+00:00,67262.2734375,67402.5859375,67224.5625,67366.3125,0.0,2026-04-04 21:59:59.999000+00:00,0.001655081406586767,1,-0.00048346624397810345,7.779176352418204e-06,0.0029819361359275653,67328.95963541667,67079.53938802083,68.35473284380137,200.50110040661312,67239.6740883024,67123.64285530757,116.03123299483559,67.21250630956976,1.4302819854733968,-1.0,-0.29220811563170884,21,5
2026-04-04 22:00:00+00:00,67349.390625,67426.90625,67340.1640625,67378.8359375,0.0,2026-04-04 22:59:59.999000+00:00,0.0001859005938613656,0,0.001655081406586767,-0.00048346624397810345,0.0010376003740371065,67318.28125,67099.89322916667,49.358878744591365,205.19944081803663,67261.08360356357,67142.54604658108,118.53755698249734,73.58909448095767,1.3593736280240876,0.0,-0.29220811563170884,22,5
2026-04-04 23:00:00+00:00,67389.0,67394.0,67251.0,67290.0,2118686.7977688,2026-04-04 23:59:59.999000+00:00,-0.0013184546195248448,0,0.0001859005938613656,0.001655081406586767,-0.0015999644143449565,67310.78125,67114.53287760417,49.72787358137941,205.72815324882495,67265.5322799384,67153.46856164915,112.0637182892533,65.67100770882575,0.8529076824191572,0.0,-0.23166835530958216,23,5
2026-04-05 00:00:00+00:00,67296.0,67301.0,67152.0,67188.0,1167830.8611446398,2026-04-05 00:59:59.999000+00:00,-0.0015158270173873944,0,-0.0013184546195248448,0.0001859005938613656,-0.0007127376178807099,67294.27994791667,67127.25260416667,71.05013476831466,200.13407849219644,67253.60423687096,67156.02644597144,97.57779089952237,52.6538980929482,0.3035334926015467,-0.44879495054460694,-0.2616849817045025,0,6
2026-04-05 01:00:00+00:00,67195.0,67213.0,67073.0,67095.0,1018544.26585275,2026-04-05 01:59:59.999000+00:00,-0.0013841757456688475,1,-0.0015158270173873944,-0.0013184546195248448,7.779176352418204e-06,67262.19140625,67137.7548828125,108.37851625978954,190.96965174543905,67229.20358504466,67151.50596849207,77.6976165525848,49.08575902726603,-0.22388312709231883,-0.12783237732351727,-0.26752396932362366,1,6
2026-04-05 02:00:00+00:00,67074.1328125,67160.0859375,66981.0390625,67154.7734375,218042368.0,2026-04-05 02:59:59.999000+00:00,0.0008908776734481982,0,-0.0013841757456688475,-0.0015158270173873944,-0.00048346624397810345,67245.48697916667,67151.62044270833,117.08303917717812,178.7359938657637,67217.7527931147,67151.7480032334,66.00478988130635,53.02268401602619,0.017640513941693886,213.0725497261031,3.6904219151717776,2,6
2026-04-05 03:00:00+00:00,67162.0,67181.0,67081.0,67119.0,547028.16872886,2026-04-05 03:59:59.999000+00:00,-0.0005327013355691523,0,0.0008908776734481982,-0.0013841757456688475,0.001655081406586767,67204.26822916667,67164.02018229167,109.3146171557848,164.59480838504209,67202.56005571244,67149.3222252161,53.23783049633494,46.09409675987572,-0.2735212776964041,-0.9974911840586466,-0.3425454213921213,3,6
2026-04-05 04:00:00+00:00,67117.3671875,67165.34375,67066.0234375,67086.5078125,0.0,2026-04-05 04:59:59.999000+00:00,-0.0004840982061711241,0,-0.0005327013355691523,0.0008908776734481982,0.0001859005938613656,67155.546875,67173.49967447917,76.0255699740694,152.36078023280672,67184.70586444899,67144.66930575565,40.03655869333306,45.668425681618295,-0.5709596777218406,-1.0,-0.3519531419610529,4,6
2026-04-05 05:00:00+00:00,67081.0,67135.0,66889.0,66910.0,1364309.9186186,2026-04-05 05:59:59.999000+00:00,-0.002631047855305324,0,-0.0004840982061711241,-0.0005327013355691523,-0.0013184546195248448,67092.21354166667,67174.12467447917,97.00349971299538,151.19497977174026,67142.44342376453,67127.2863942182,15.157029546331614,26.16051746608956,-1.7469143147340058,0.0,-0.32656006662027387,5,6
2026-04-05 06:00:00+00:00,66918.0,66943.0,66608.0,66790.0,1954042.2113977,2026-04-05 06:59:59.999000+00:00,-0.0017934538932894428,1,-0.002631047855305324,-0.0004840982061711241,-0.0015158270173873944,67025.88020833333,67165.17154947917,143.39156689495857,167.17092455563426,67088.22135857,67102.3022168687,-14.080858298708335,18.031520159130906,-2.244239244811468,0.4322568389565178,-0.3173038935156702,6,6
2026-04-05 07:00:00+00:00,66812.578125,66888.6875,66715.0546875,66795.5,130007040.0,2026-04-05 07:59:59.999000+00:00,8.23476568347914e-05,1,-0.0017934538932894428,-0.002631047855305324,-0.0013841757456688475,66975.96354166667,67156.48404947917,165.01706603138967,180.7749209194339,67043.18730340539,67079.57612673027,-36.3888233248872,20.639955102804365,-1.996870183337276,65.53236006964646,1.8111276886276133,7,6
2026-04-05 08:00:00+00:00,66812.0,66928.0,66809.0,66927.0,609946.16419968,2026-04-05 08:59:59.999000+00:00,0.0019686954959541314,1,8.23476568347914e-05,-0.0017934538932894428,0.0008908776734481982,66938.00130208333,67156.88834635417,139.95057711036713,180.22674828691802,67025.31233365071,67068.27419141692,-42.96185776620405,32.040439313747655,-1.2755506523825921,-0.995308360499557,-0.4096076969969393,8,6
2026-04-05 09:00:00+00:00,66907.75,67015.375,66889.0703125,67013.7265625,150109184.0,2026-04-05 09:59:59.999000+00:00,0.0012958381893704018,1,0.0019686954959541314,8.23476568347914e-05,-0.0005327013355691523,66920.45572916667,67158.58528645833,117.52235856334174,178.60448412623748,67023.52990731984,67064.23362631197,-40.70371899212478,37.42257312040194,-0.8110587181895303,245.10234937203128,1.8840757598076152,9,6
2026-04-05 10:00:00+00:00,66975.5703125,67096.5859375,66954.6875,67033.0078125,47465472.0,2026-04-05 10:59:59.999000+00:00,0.00028772090419448837,0,0.0012958381893704018,0.0019686954959541314,-0.0004840982061711241,66911.5390625,67154.2255859375,103.60999877244977,180.40591618142497,67024.98804657832,67061.92060306664,-36.93255648831837,39.67695761794389,-0.6719168417714056,-0.6837936844690329,0.23437283795915492,10,6
2026-04-05 11:00:00+00:00,67027.9375,67064.8984375,66955.75,66972.8359375,0.0,2026-04-05 11:59:59.999000+00:00,-0.0008976454580154059,0,0.00028772090419448837,0.0012958381893704018,-0.002631047855305324,66922.01171875,67148.36002604167,106.55706285922223,184.03586472123112,67016.96464518165,67055.32173895059,-38.357093768936465,30.788889482236442,-0.9537493618841477,-1.0,-0.4536944869889146,11,6
2026-04-05 12:00:00+00:00,66977.1484375,66977.1484375,66691.171875,66767.5546875,897463296.0,2026-04-05 12:59:59.999000+00:00,-0.003065141965789997,1,-0.0008976454580154059,0.00028772090419448837,-0.0017934538932894428,66918.27083333333,67134.88313802083,112.35475379258044,199.60342046404276,66978.5938824614,67034.00566106536,-55.41177860395692,24.882508538996888,-1.8402913620761339,0.0,4.463694888774444,12,6
2026-04-05 13:00:00+00:00,66771.5390625,66880.171875,66699.7109375,66876.3671875,227764224.0,2026-04-05 13:59:59.999000+00:00,0.0016297212097895475,1,-0.003065141965789997,-0.0008976454580154059,8.23476568347914e-05,66931.74869791667,67121.56510416667,98.70286167415917,205.9119092823978,66962.86669862118,67022.32873709754,-59.462038476369344,33.27837890760708,-1.1907903604079302,-0.746213327035048,0.8169441735492433,13,6
2026-04-05 14:00:00+00:00,66876.9921875,66942.1875,66828.1640625,66906.125,0.0,2026-04-05 14:59:59.999000+00:00,0.00044496753863088045,1,0.0016297212097895475,-0.003065141965789997,0.0019686954959541314,66928.26953125,67110.4580078125,99.27000621758891,210.17929705811514,66954.13720652561,67013.7210528681,-59.58384634248796,37.89797807682503,-0.9721842763419338,-1.0,-0.38702035647862154,14,6
2026-04-05 15:00:00+00:00,66904.0,67820.0,66819.0,67282.0,5265781.09377556,2026-04-05 15:59:59.999000+00:00,0.005617946040067379,0,0.00044496753863088045,0.0016297212097895475,0.0012958381893704018,66972.98177083333,67106.66634114583,176.12490158567607,206.01667985738527,67004.57763629091,67033.59356747047,-29.01593117955781,56.459621965305445,0.851065355366109,0.0,-0.359749230049041,15,6
2026-04-05 16:00:00+00:00,67281.09375,67375.78125,67172.9140625,67188.7421875,124299264.0,2026-04-05 16:59:59.999000+00:00,-0.0013860737269998369,1,0.005617946040067379,0.00044496753863088045,0.00028772090419448837,66998.9375,67096.076171875,196.98077939502076,194.17311779771822,67032.91064416923,67045.08605784303,-12.175413673801813,51.14686642751636,0.477234009918591,22.60509519602486,0.2427047195574772,16,6
2026-04-05 17:00:00+00:00,67198.0,67379.0,67174.0,67340.0,924720.6429552,2026-04-05 17:59:59.999000+00:00,0.0022512374480518904,1,-0.0013860737269998369,0.005617946040067379,-0.0008976454580154059,67060.13151041667,67096.28450520833,239.65860432345008,194.44310547619082,67080.15516045089,67066.93153503984,13.223625411046669,56.921729257812885,1.2534026042981194,-0.9925605300208761,-0.41094482787493986,17,6
2026-04-05 18:00:00+00:00,67346.96875,67423.7734375,67269.9140625,67363.9375,126044160.0,2026-04-05 18:59:59.999000+00:00,0.0003554722304721647,0,0.0022512374480518904,-0.0013860737269998369,-0.003065141965789997,67159.52864583333,67099.48990885417,216.60995912267478,198.3193454706746,67123.81398191999,67088.93197688874,34.88200503124972,58.73592230143618,1.333443242857678,135.30512194168296,0.22474527042674342,18,6
2026-04-05 19:00:00+00:00,67385.0,67540.0,67264.0,67333.0,1229727.87264145,2026-04-05 19:59:59.999000+00:00,-0.0004592590805726493,1,0.0003554722304721647,0.0022512374480518904,0.0016297212097895475,67235.63411458333,67101.38444010417,173.0658931993999,200.4000584527961,67155.99644624,67107.0110897118,48.98535652819555,64.66410998082486,1.15576592983073,-0.9902436743388868,-0.4209905458566215,19,6
2026-04-05 20:00:00+00:00,67331.4921875,67653.4609375,67331.4921875,67613.8515625,102221824.0,2026-04-05 20:59:59.999000+00:00,0.004171083458333946,0,-0.0004592590805726493,0.0003554722304721647,0.00044496753863088045,67353.58854166667,67116.33658854167,141.95190526942937,224.31959230433793,67226.43569489538,67144.55482843686,81.88086645852309,75.6947997836289,2.2178846209890666,82.12556482958134,0.09157034046064728,20,6
2026-04-05 21:00:00+00:00,67613.8203125,67618.5703125,67419.2890625,67540.8203125,356978688.0,2026-04-05 21:59:59.999000+00:00,-0.001080122612635015,1,0.004171083458333946,-0.0004592590805726493,0.005617946040067379,67396.72526041667,67123.60774739583,154.60781010826182,235.33260734881512,67274.80255914225,67173.90782725635,100.89473188589909,72.30590094787395,1.7728633945136636,2.492196421773887,1.3171246958209597,21,6
2026-04-05 22:00:00+00:00,67522.359375,68325.484375,67329.8671875,68325.484375,1236066304.0,2026-04-05 22:59:59.999000+00:00,0.01161762707159153,1,-0.001080122612635015,0.004171083458333946,-0.0013860737269998369,67586.18229166667,67163.05143229167,380.3920632435499,337.2394147730152,67436.44591542805,67259.20979375589,177.23612167216197,80.08989685730808,3.4469071282510795,2.462577306575792,3.595052644541954,22,6
2026-04-05 23:00:00+00:00,68309.328125,69048.203125,68268.671875,68982.9140625,2669459456.0,2026-04-05 23:59:59.999000+00:00,0.009622027469161187,1,0.01161762707159153,-0.001080122612635015,0.0022512374480518904,67860.00130208333,67233.58951822917,657.8576479793468,501.83007961377257,67674.36409190066,67386.89159144064,287.47250046001864,84.01547090164156,3.4858901754497755,1.1596409896147448,4.051945236489528,23,6
2026-04-06 00:00:00+00:00,68978.9140625,69491.6484375,68978.9140625,69076.7109375,2418087936.0,2026-04-06 00:59:59.999000+00:00,0.0013597116949135568,0,0.009622027469161187,0.01161762707159153,0.0003554722304721647,68145.46354166667,67312.28580729167,762.7914950804001,626.8816018380112,67890.1097604544,67512.06339485245,378.0463656019565,84.41664035364698,2.8146066578362645,-0.09416570063838425,2.792880833443605,0,0
2026-04-06 01:00:00+00:00,69063.71875,69076.625,68782.6484375,68801.5390625,1045952512.0,2026-04-06 01:59:59.999000+00:00,-0.003983569444251267,1,0.0013597116949135568,0.009622027469161187,-0.0004592590805726493,68390.22005208333,67383.3916015625,681.1986363735207,694.3207441757645,68030.3296530768,67607.5801109745,422.749542102305,78.71650799882225,2.0424961702980626,-0.5674464536925757,0.8588497253660322,1,0
2026-04-06 02:00:00+00:00,68780.3515625,69365.109375,68780.3515625,69227.78125,1052841984.0,2026-04-06 02:59:59.999000+00:00,0.006195242044117588,0,-0.003983569444251267,0.0013597116949135568,0.004171083458333946,68659.20833333333,67469.76692708333,630.0461041739771,787.3544030747286,68214.55297568037,67727.59501016157,486.957965518799,86.12642625899693,2.232811953615019,0.006586792345693038,0.8102295206158158,2,0
2026-04-06 03:00:00+00:00,69188.0,69229.0,69039.0,69100.0,2025245.699657,2026-04-06 03:59:59.999000+00:00,-0.0018458088312630627,1,0.006195242044117588,-0.003983569444251267,-0.001080122612635015,68919.07161458333,67552.30859375,323.45709005394156,850.3049934192744,68350.77559480647,67829.2546390385,521.5209557679773,82.471347636508,1.820160316860392,-0.9980764010835106,-0.5826217741854507,3,0
2026-04-06 04:00:00+00:00,69100.0,69191.0,68956.0,69112.0,1244230.489092,2026-04-06 04:59:59.999000+00:00,0.0001736613603473547,1,-0.0018458088312630627,0.006195242044117588,0.01161762707159153,69050.15755208333,67636.7041015625,144.84257548968162,901.0658388182247,68467.88704175933,67924.27281392453,543.6142278347979,82.37996504571122,1.637278692500867,-0.38563973284687103,-0.5837501563061055,4,0
2026-04-06 05:00:00+00:00,69113.0,69226.0,69078.0,69183.0,842944.95122661,2026-04-06 05:59:59.999000+00:00,0.0010273179766175922,0,0.0001736613603473547,-0.0018458088312630627,0.009622027469161187,69083.50520833333,67731.41243489583,149.23129054277365,939.9771497682927,68577.9044199502,68017.51186474494,560.3925552052533,80.64785099276023,1.5442796300548287,-0.3225170427693309,-0.5842430191862072,5,0
2026-04-06 06:00:00+00:00,69183.0,69330.0,68792.0,68957.0,3139870.9345952896,2026-04-06 06:59:59.999000+00:00,-0.0032666984663862753,1,0.0010273179766175922,0.0001736613603473547,0.0013597116949135568,69063.55338541667,67821.7041015625,158.062547479443,949.644268259693,68636.22681688094,68087.10357846753,549.1232384134055,77.33769763144227,1.1954959729478807,2.7248825442590427,-0.5812870863492341,6,0
2026-04-06 07:00:00+00:00,68957.0,69192.0,68814.0,69101.0,2887129.75917614,2026-04-06 07:59:59.999000+00:00,0.0020882578998506762,1,-0.0032666984663862753,0.0010273179766175922,-0.003983569444251267,69113.46354166667,67917.7666015625,92.43748798755998,957.8959841287783,68707.73038351464,68162.20701709957,545.5233664150728,77.2867256122953,1.2352420492854135,-0.08049412879823559,-0.5725334087331713,7,0
2026-04-06 08:00:00+00:00,69105.0,69335.0,69069.0,69236.0,1039298.41183636,2026-04-06 08:59:59.999000+00:00,0.001953662030940162,1,0.0020882578998506762,-0.0032666984663862753,0.006195242044117588,69114.83333333333,68013.97493489583,94.50802414004832,969.9386863129447,68789.0026322047,68241.74723805516,547.2553941495426,78.04246674093977,1.2598992929640633,-0.6400236572210977,-0.5750057519915518,8,0
2026-04-06 09:00:00+00:00,69210.859375,70132.9921875,69200.8828125,69734.3828125,2754883584.0,2026-04-06 09:59:59.999000+00:00,0.0071983189742330644,0,0.001953662030940162,0.0020882578998506762,-0.0018458088312630627,69220.56380208333,68127.33561197917,268.7775177947167,1006.2598699268699,68934.44573686553,68352.3128361622,582.1329007033346,81.55270640647936,1.597049876030156,2649.7147058296123,2.4846795882453847,9,0
2026-04-06 10:00:00+00:00,69714.0390625,69907.7109375,69714.0390625,69730.765625,890058752.0,2026-04-06 10:59:59.999000+00:00,-5.187093301917134e-05,0,0.0071983189742330644,0.001953662030940162,0.0001736613603473547,69323.69140625,68239.7421875,330.42843548854574,1029.1204359873536,69056.95648888622,68454.42045015018,602.5360387360415,80.00062001908773,1.4488327948414412,-0.6769160202741983,0.350090674493134,10,0
2026-04-06 11:00:00+00:00,69765.0,69765.0,69574.0,69619.0,2318738.8253675797,2026-04-06 11:59:59.999000+00:00,-0.001602816547305097,0,-5.187093301917134e-05,0.0071983189742330644,0.0010273179766175922,69396.35807291667,68349.9990234375,341.0704273255772,1029.2375193989867,69143.42472136527,68540.6856019909,602.7391193743679,79.13184991140207,1.232952503814203,-0.9973948474523089,-0.652520911570349,11,0
2026-04-06 12:00:00+00:00,69637.0,69637.0,69330.0,69347.0,2983890.86672118,2026-04-06 12:59:59.999000+00:00,-0.003906979416538614,1,-0.001602816547305097,-5.187093301917134e-05,-0.0032666984663862753,69461.35807291667,68457.47591145833,270.44255771056197,990.7668781369885,69174.74399500138,68600.41259443603,574.3314005653519,66.72319765895185,0.8978137119544295,0.28685940567202795,-0.6063435809699291,12,0
2026-04-06 13:00:00+00:00,69357.0,69541.0,69236.0,69402.0,4617610.4834934,2026-04-06 13:59:59.999000+00:00,0.0007931128960156908,1,-0.003906979416538614,-0.001602816547305097,0.0020882578998506762,69511.52473958333,68562.71061197917,211.78345475630096,948.7674819587944,69209.70645730886,68659.78943929262,549.9170180162328,58.546642236915474,0.884610195838562,0.5475131932581092,-0.5910215465159615,13,0
2026-04-06 14:00:00+00:00,69422.0,69819.0,69162.0,69659.0,7357136.13799679,2026-04-06 14:59:59.999000+00:00,0.0037030633122965284,1,0.0007931128960156908,-0.003906979416538614,0.001953662030940162,69582.02473958333,68677.41373697917,167.49610673383552,905.1899889010257,69278.8285407998,68733.80503638207,545.0235044177389,61.13380039735297,1.084398054614539,0.5932777708939265,-0.5884275872786919,14,0
2026-04-06 15:00:00+00:00,69659.0,69983.0,69525.0,69961.0,3613369.07328609,2026-04-06 15:59:59.999000+00:00,0.004335405331687303,0,0.0037030633122965284,0.0007931128960156908,0.0071983189742330644,69619.79427083333,68789.03873697917,224.55501309694094,890.6972327637429,69383.77799606137,68824.70836702043,559.0696290409396,71.94461613075893,1.315779616137744,-0.5088620075107184,-0.5925065406711587,15,0
2026-04-06 16:00:00+00:00,69975.0,70355.0,69798.0,69798.0,4369474.0917618,2026-04-06 16:59:59.999000+00:00,-0.002329869498720716,0,0.004335405331687303,0.0037030633122965284,-5.187093301917134e-05,69631.0,68897.7578125,232.72902689613866,844.9397605811217,69447.50445820577,68896.80404353744,550.7004146683321,61.98670406695264,1.0654513250516735,0.20925208666494988,-0.584302899238329,16,0
2026-04-06 17:00:00+00:00,69808.0,69826.0,69273.0,69580.0,5011309.3928282,2026-04-06 17:59:59.999000+00:00,-0.0031232986618527914,1,-0.002329869498720716,0.004335405331687303,-0.001602816547305097,69624.5,68991.09114583333,233.67391801402582,787.1249807005123,69467.88838771258,68947.41115142356,520.4772362890217,59.72145745913001,0.7481770603221921,0.14689074419196468,-0.5838452304504769,17,0
2026-04-06 18:00:00+00:00,69563.015625,69912.4375,69494.59375,69884.3203125,826048512.0,2026-04-06 18:59:59.999000+00:00,0.004373675086231765,0,-0.0031232986618527914,-0.002329869498720716,-0.003906979416538614,69714.05338541667,69096.10709635417,207.5567351593615,726.3835635137846,69531.95483767988,69016.8118300218,515.1430076580727,63.98580721466588,1.0851198398996684,163.8368614362899,0.299297821086337,18,0
2026-04-06 19:00:00+00:00,69887.515625,69887.515625,69603.796875,69704.140625,532942848.0,2026-04-06 19:59:59.999000+00:00,-0.0025782562768629225,1,0.004373675086231765,-0.0031232986618527914,0.0007931128960156908,69764.41015625,69194.90462239583,143.46087467075796,631.1637347680194,69558.44495880605,69067.72507409427,490.7198847117834,59.078264751193544,0.8068207575191852,-0.3548286326312031,-0.05336260805414218,19,0
2026-04-06 20:00:00+00:00,69733.0,69973.8203125,69619.25,69839.546875,0.0,2026-04-06 20:59:59.999000+00:00,0.0019425854588535074,0,-0.0025782562768629225,0.004373675086231765,0.0037030633122965284,69794.50130208333,69287.64192708333,135.65137369369816,546.6055748807084,69601.69140745128,69124.89705934655,476.79434810472594,65.87501897143885,1.0096950585202495,-1.0,-0.6472753729891401,20,0
2026-04-06 21:00:00+00:00,69828.203125,69828.203125,69464.78125,69522.0,447565824.0,2026-04-06 21:59:59.999000+00:00,-0.0045468060605884375,0,0.0019425854588535074,-0.0025782562768629225,0.004335405331687303,69721.33463541667,69370.19108072917,145.89136539737115,401.7288345674949,69589.43119092031,69154.31209198755,435.1190989327588,57.12781604816779,0.3778890291364507,0.0,-0.14872617303382252,21,0
2026-04-06 22:00:00+00:00,69471.375,69558.8984375,68900.90625,68918.875,0.0,2026-04-06 22:59:59.999000+00:00,-0.008675311412214892,0,-0.0045468060605884375,0.0019425854588535074,-0.002329869498720716,69574.81380208333,69394.91569010417,350.90603107667874,349.50163601952596,69486.26870000949,69136.87230739588,349.3963926136057,45.36549053277678,-1.3620556845621634,-1.0,-0.5967642917156486,22,0
2026-04-06 23:00:00+00:00,68814.5546875,68896.75,68367.84375,68859.375,6565888.0,2026-04-06 23:59:59.999000+00:00,-0.0008633338834971305,0,-0.008675311412214892,-0.0045468060605884375,-0.0031232986618527914,69454.70963541667,69389.76822916667,456.2786278149635,356.6696577493416,69389.82351539264,69116.31695129248,273.50656410015654,35.330774973477745,-1.4870713491962315,0.0,-0.537819784475931,23,0
2026-04-07 00:00:00+00:00,68856.0,69119.0,68728.0,68797.0,2211979.28783281,2026-04-07 00:59:59.999000+00:00,-0.0009058316314953796,0,-0.0008633338834971305,-0.008675311412214892,0.004373675086231765,69273.48958333333,69378.11360677083,467.3164490999989,371.60135312062664,69298.61989763992,69092.66384378933,205.95605385059025,34.64816736711228,-1.5638091785478279,-0.6631104143365207,-0.4933845384057476,0,1
2026-04-07 01:00:00+00:00,68786.0546875,68833.0234375,68372.65625,68407.5,0.0,2026-04-07 01:59:59.999000+00:00,-0.005661584080701165,1,-0.0009058316314953796,-0.0008633338834971305,-0.0025782562768629225,69057.3828125,69361.6953125,524.6309442552174,405.35529927781704,69161.52452877224,69041.9109664716,119.6135623006412,31.74876302297882,-2.3539727103605133,-1.0,-0.43985680589567067,1,1
2026-04-07 02:00:00+00:00,68413.4921875,68682.9765625,68286.8046875,68668.671875,0.0,2026-04-07 02:59:59.999000+00:00,0.003817883638489894,1,-0.005661584080701165,-0.0009058316314953796,0.0019425854588535074,68862.23697916667,69338.39908854167,370.6783870182638,428.775835859015,69085.70104357651,69014.26362636259,71.43741721392144,39.747543925939915,-1.5619518581310243,0.0,-0.3818961189697225,2,1
2026-04-07 03:00:00+00:00,68672.4375,68777.5859375,68630.9375,68756.09375,152686592.0,2026-04-07 03:59:59.999000+00:00,0.0012730969248850865,1,0.003817883638489894,-0.005661584080701165,-0.0045468060605884375,68734.5859375,69324.06966145833,181.7815963290934,442.61269274543577,69034.99222918012,68995.13993181722,39.85229736290057,40.332327697093014,-1.2832345767928397,0.0,-0.13837908739435523,3,1
2026-04-07 04:00:00+00:00,68775.0,68981.0,68541.0,68851.0,1653177.92189255,2026-04-07 04:59:59.999000+00:00,0.0013803321978278493,0,0.0012730969248850865,0.003817883638489894,-0.008675311412214892,68723.2734375,69313.19466145833,169.73195531361094,451.17339244736155,69006.68573238318,68984.46289983076,22.222832552419277,37.289414563884755,-1.0244280119250444,-0.9891727367790581,-0.3907356837050537,4,1
2026-04-07 05:00:00+00:00,68851.0,68859.0,68616.0,68658.0,1414226.5022283,2026-04-07 05:59:59.999000+00:00,-0.00280315463827685,0,0.0013803321978278493,0.0012730969248850865,-0.0008633338834971305,68689.7109375,69291.31966145833,156.85854848466468,470.09092139702284,68953.041773555,68960.28046280626,-7.23868925125862,28.77472065972664,-1.3472280204353237,-0.14454065500142876,-0.3911810167594302,5,1
2026-04-07 06:00:00+00:00,68660.0,68660.0,68444.0,68576.0,1573977.96989824,2026-04-07 06:59:59.999000+00:00,-0.0011943254973928452,1,-0.00280315463827685,0.0013803321978278493,-0.0009058316314953796,68652.87760416667,69275.44466145833,152.51366422190657,487.9651679376179,68895.03534685423,68931.81524333912,-36.77989648489165,29.554639994562407,-1.433390552064459,0.1129603125229448,-0.39078780040454547,6,1
2026-04-07 07:00:00+00:00,68540.0,68691.0,68498.0,68621.0,1207347.69325555,2026-04-07 07:59:59.999000+00:00,0.0006562062529165136,1,-0.0011943254973928452,-0.00280315463827685,-0.005661584080701165,68688.4609375,69255.44466145833,99.50985903525708,504.96650740286134,68852.8760627228,68908.79189198067,-55.91582925786497,32.96899366775996,-1.2564093898452748,-0.2329322796470863,-0.3912647571989057,7,1
2026-04-07 08:00:00+00:00,68622.0,68987.0,68608.0,68937.0,2514602.9836049103,2026-04-07 08:59:59.999000+00:00,0.00460500429897559,1,0.0006562062529165136,-0.0011943254973928452,0.003817883638489894,68733.18229166667,69242.986328125,140.6350750764309,509.13826851183035,68865.8182069193,68910.88138146358,-45.06317454428063,33.245917766730315,-0.6009886646693698,1.0827496483837349,-0.3891999044225761,8,1
2026-04-07 09:00:00+00:00,68937.0,69249.0,68930.0,69153.0,2429519.61681051,2026-04-07 09:59:59.999000+00:00,0.0031332956177378968,0,0.00460500429897559,0.0006562062529165136,0.0012730969248850865,68799.33333333333,69218.76204427083,222.87096407313706,498.4604258317902,68910.00002123941,68928.81609394775,-18.81607270834502,40.37461318896026,-0.13193032157184822,-0.03383570581485018,-0.4443335782749183,9,1
2026-04-07 10:00:00+00:00,69150.4921875,69178.546875,68220.5625,68233.8515625,133443584.0,2026-04-07 10:59:59.999000+00:00,-0.013291519348401337,1,0.0031332956177378968,0.00460500429897559,0.0013803321978278493,68696.47526041667,69156.390625,316.85290683538756,524.5777037226386,68805.97718143335,68877.33723976644,-71.36005833308445,27.984240868766022,-1.7586318594047157,53.92591336849778,0.2100851615825511,10,1
2026-04-07 11:00:00+00:00,68225.6640625,68424.375,68075.421875,68356.046875,499269632.0,2026-04-07 11:59:59.999000+00:00,0.0017908312326186948,1,-0.013291519348401337,0.0031332956177378968,-0.00280315463827685,68646.14973958333,69103.767578125,346.75467249934525,539.2935350355085,68736.75713428976,68838.72313867262,-101.9660043828626,33.108707659154504,-1.3864818592267532,2.7414285275791155,1.7282255520411083,11,1
2026-04-07 12:00:00+00:00,68342.5,68456.1875,68092.734375,68412.96875,0.0,2026-04-07 12:59:59.999000+00:00,0.0008327262561582671,0,0.0017908312326186948,-0.013291519348401337,-0.0011943254973928452,68618.97786458333,69064.849609375,359.50425246276035,554.4661866941179,68686.94353670672,68807.18577654872,-120.24223984200216,41.292912886101675,-1.1756909168108078,-1.0,-0.48755246928227247,12,1
2026-04-07 13:00:00+00:00,68391.0,68625.0,68196.0,68236.0,2593721.95730536,2026-04-07 13:59:59.999000+00:00,-0.002586771970774948,0,0.0008327262561582671,0.0017908312326186948,0.0006562062529165136,68554.81119791667,69016.26627604167,391.9643674510822,574.366434418764,68617.56760798261,68764.87571902659,-147.30811104398163,39.68813163295373,-1.3584816752588789,0.0,-0.47557924638857707,13,1
2026-04-07 14:00:00+00:00,68226.0,68249.0,67754.0,67853.0,4815665.20926505,2026-04-07 14:59:59.999000+00:00,-0.00561287297027957,1,-0.002586771970774948,0.0008327262561582671,0.00460500429897559,68374.14453125,68941.01627604167,428.67431394324893,604.0373840921843,68499.94182213912,68697.32936946907,-197.3875473299413,35.88193506475298,-1.8012399641072967,0.8566620819558026,-0.46514490703189115,14,1
2026-04-07 15:00:00+00:00,67838.0,68245.0,67724.0,68152.0,4613255.359664,2026-04-07 15:59:59.999000+00:00,0.004406584823073434,1,-0.00561287297027957,-0.002586771970774948,0.0031332956177378968,68207.31119791667,68865.64127604167,197.25137366805117,583.7522264543595,68446.4123110408,68656.93460136025,-210.5222903194517,46.072535126696295,-1.2225071592039012,-0.04203154513557661,-0.4662698184914759,15,1
2026-04-07 16:00:00+00:00,68154.0,68423.0,68074.0,68222.0,5039663.19765216,2026-04-07 16:59:59.999000+00:00,0.00102711585866877,1,0.004406584823073434,-0.00561287297027957,-0.013291519348401337,68205.3359375,68799.974609375,196.99161510166567,562.5687922725159,68411.88734011144,68624.71722348171,-212.829883370272,42.70516484638155,-1.0273847702078385,0.09243100690164652,-0.46452982242317353,16,1
2026-04-07 17:00:00+00:00,68221.0,68997.0,68192.0,68692.0,2734754.15011188,2026-04-07 17:59:59.999000+00:00,0.006889273254961692,0,0.00102711585866877,0.004406584823073434,0.0017908312326186948,68261.328125,68762.974609375,279.0504810181845,537.6877534626678,68454.98159547891,68629.70113285344,-174.7195373745344,49.069524781671774,-0.1319996762394698,-0.4573537867796549,-0.4742381304017676,17,1
2026-04-07 18:00:00+00:00,68709.0,68767.0,68342.0,68434.0,2113483.46738376,2026-04-07 18:59:59.999000+00:00,-0.0037558958830722355,1,0.006889273254961692,0.00102711585866877,0.0008327262561582671,68264.83333333333,68702.54459635417,281.4579304746122,485.1110136271021,68451.75365771292,68615.20475264208,-163.451094929158,44.21994862754101,-0.5535734889758613,-0.22717606359705267,-0.4392037919129992,18,1
2026-04-07 19:00:00+00:00,68434.0,69079.0,68344.0,69007.0,4080849.9763773,2026-04-07 19:59:59.999000+00:00,0.008373030949528015,1,-0.0037558958830722355,0.006889273254961692,-0.002586771970774948,68393.33333333333,68673.4970703125,411.5821505204189,441.43541923768714,68537.17617191093,68644.22662281674,-107.05045090580825,54.37646708440609,0.7554965350615153,0.9308643948982032,-0.36282622462177366,19,1
2026-04-07 20:00:00+00:00,69001.296875,69502.0703125,69001.296875,69281.7109375,1242095616.0,2026-04-07 20:59:59.999000+00:00,0.003980914073934638,1,0.008373030949528015,-0.0037558958830722355,-0.00561287297027957,68631.45182291667,68650.25390625,448.11862249181297,388.93312067510334,68651.71998200157,68691.44768316366,-39.72770116208994,58.441628834109295,1.623561989665287,303.3717909724894,4.100087771053359,20,1
2026-04-07 21:00:00+00:00,69301.40625,70160.59375,69301.40625,69908.7421875,1996890112.0,2026-04-07 21:59:59.999000+00:00,0.009050458505068582,1,0.003980914073934638,0.008373030949528015,0.004406584823073434,68924.2421875,68666.3681640625,615.0269812815645,432.22406643830436,68845.10801361671,68781.61764644783,63.490367168880766,63.52108909607847,2.874374936303637,0.6076782546183626,3.868881965602883,21,1
2026-04-07 22:00:00+00:00,69911.75,71430.3515625,69911.75,71430.3515625,3171405824.0,2026-04-07 22:59:59.999000+00:00,0.021765652297375704,1,0.009050458505068582,0.003980914073934638,0.00102711585866877,69458.96744791667,68771.01302083333,1092.0754940307643,710.475567075908,69242.837790368,68977.820158748,265.01763161999406,70.89078891040268,3.7430401056740985,0.5881724311928487,3.7190733242000356,22,1
2026-04-07 23:00:00+00:00,71482.6015625,72484.7734375,71232.0703125,71950.1484375,3808813056.0,2026-04-07 23:59:59.999000+00:00,0.007276974894141253,0,0.021765652297375704,0.009050458505068582,0.006889273254961692,70001.9921875,68899.79524739583,1400.830673080228,962.5801987035907,69659.347120696,69197.99262384074,461.35449685525964,72.30089057810964,3.1689340734542504,0.20098570393493742,3.1925692848399922,23,1
2026-04-08 00:00:00+00:00,71911.0,72104.0,71537.0,71696.0,5988589.23666992,2026-04-08 00:59:59.999000+00:00,-0.0035322851032165703,0,0.007276974894141253,0.021765652297375704,-0.0037558958830722355,70545.65885416667,69020.5869140625,1299.9427045292748,1118.4016897081428,69972.67833289661,69383.03020725994,589.6481256366678,80.87684656299948,2.392175468400511,-0.9984277019773297,-0.4331707829044212,0,2
2026-04-08 01:00:00+00:00,71709.0,71748.0,71445.0,71467.0,3648952.3743493697,2026-04-08 01:59:59.999000+00:00,-0.003194041508591816,0,-0.0035322851032165703,0.007276974894141253,0.008373030949528015,70955.65885416667,69148.06608072917,1088.3063551035402,1215.6220937714645,70202.57397398943,69537.3983400555,665.1756339339336,77.22607235453064,1.907610869490157,-0.39068247459589567,-0.4355752825882728,1,2
2026-04-08 02:00:00+00:00,71462.34375,71700.5625,71276.15625,71323.6015625,903651328.0,2026-04-08 02:59:59.999000+00:00,-0.0020064986287376962,0,-0.003194041508591816,-0.0035322851032165703,0.003980914073934638,71295.97395833333,69258.68815104167,715.6043042006371,1288.703337725557,70375.03975683721,69669.7096898662,705.3300669710152,75.09311557646794,1.6023186648237528,246.6467860617464,0.38706779441936423,2,2
2026-04-08 03:00:00+00:00,71362.0,71487.0,71280.0,71292.0,3355405.2359022,2026-04-08 03:59:59.999000+00:00,-0.0004430730053964771,1,-0.0020064986287376962,-0.003194041508591816,0.009050458505068582,71526.51692708333,69364.35091145833,251.85354658891453,1348.2871552603076,70516.11056347765,69789.8793424687,726.231221008944,77.02369602763386,1.4297021825217264,-0.9962868363804339,-0.4651359921849279,3,2
2026-04-08 04:00:00+00:00,71286.9296875,71631.9765625,71286.9296875,71588.4609375,481091584.0,2026-04-08 04:59:59.999000+00:00,0.004158403993435478,1,-0.0004430730053964771,-0.0020064986287376962,0.021765652297375704,71552.86848958333,69478.41178385417,248.02173237477945,1417.0100009907933,70681.08754409647,69923.10760876731,757.9799353291601,83.54546895981747,1.4890855760865855,142.37808704963896,-0.029445831951507212,4,2
2026-04-08 05:00:00+00:00,71570.0,71829.0,71557.0,71721.0,2663017.56793917,2026-04-08 05:59:59.999000+00:00,0.0018514025970710613,0,0.004158403993435478,-0.0004430730053964771,0.007276974894141253,71514.67708333333,69606.03678385417,183.98871995924242,1476.5899304757168,70841.07407577394,70056.28482293269,784.7892528412485,83.0383617360414,1.4323294318175699,-0.9944646348917648,-0.48728149176939084,5,2
2026-04-08 06:00:00+00:00,71720.0,71940.0,71588.0,71719.0,2451494.72411684,2026-04-08 06:59:59.999000+00:00,-2.788583538992917e-05,0,0.0018514025970710613,0.004158403993435478,-0.0035322851032165703,71518.51041666667,69736.9951171875,188.70131576711245,1520.0020832225332,70976.13960257795,70179.44891012287,796.6906924550858,82.7845991134705,1.303948793682231,-0.07942975907065508,-0.48752755738992565,6,2
2026-04-08 07:00:00+00:00,71718.0,71907.0,71588.0,71637.0,6304895.33061228,2026-04-08 07:59:59.999000+00:00,-0.0011433511342879843,1,-2.788583538992917e-05,0.0018514025970710613,-0.003194041508591816,71546.84375,69862.66178385417,192.15135936434007,1548.1392540089578,71077.81043295057,70287.41565752117,790.3947754294059,79.77576548425114,1.1461102168626762,1.571857597157849,-0.48409353210722617,7,2
2026-04-08 08:00:00+00:00,71639.0,71820.0,71639.0,71802.0,2343456.1275911997,2026-04-08 08:59:59.999000+00:00,0.002303279031785177,0,-0.0011433511342879843,-2.788583538992917e-05,-0.0020064986287376962,71626.57682291667,69982.03678385417,179.85226418455886,1583.7089385774816,71189.22421249664,70399.60709029737,789.6171221992699,84.70521370356178,1.1491778393197396,-0.628311652342114,-0.48787598107751523,8,2
2026-04-08 09:00:00+00:00,71808.0,71952.0,71584.0,71681.0,1086937.13657519,2026-04-08 09:59:59.999000+00:00,-0.0016851898275813681,0,0.002303279031785177,-0.0011433511342879843,-0.0004430730053964771,71691.41015625,70087.3701171875,74.20815287503612,1610.022595077234,71264.8820259587,70494.52508360868,770.3569423500157,80.38431355838918,0.9898183340315496,-0.5361819989809518,-0.4890115495267914,9,2
2026-04-08 10:00:00+00:00,71681.0,71772.0,71461.0,71489.0,1493403.0081388,2026-04-08 10:59:59.999000+00:00,-0.002678534060629789,1,-0.0016851898275813681,0.002303279031785177,0.004158403993435478,71674.83333333333,70223.00130208333,106.0724593186184,1583.9893096284438,71299.36171427275,70568.18989223025,731.1718220424955,75.56161121575823,0.7992469963156738,0.37395527108801896,-0.4822432051021841,10,2
2026-04-08 11:00:00+00:00,71474.0,71738.0,71415.0,71690.0,2075820.2882272,2026-04-08 11:59:59.999000+00:00,0.00281162136832247,1,-0.002678534060629789,-0.0016851898275813681,0.0018514025970710613,71669.66666666667,70361.916015625,104.11083817692347,1559.137725223659,71359.45991207694,70651.28693725023,708.1729748267098,72.88619787641106,0.8518067152691632,0.38999337547488655,-0.45968970969896605,11,2
2026-04-08 12:00:00+00:00,71671.8984375,72078.859375,71634.3203125,72078.859375,316997632.0,2026-04-08 12:59:59.999000+00:00,0.00542417875575385,0,0.00281162136832247,-0.002678534060629789,-2.788583538992917e-05,71729.64322916667,70514.66145833333,198.80497962018543,1539.3461518737906,71470.13675252664,70757.03304375021,713.1037087764271,61.75342015762035,1.0161443641266974,151.7095740405946,-0.1737438073926987,12,2
2026-04-08 13:00:00+00:00,72080.0,72865.0,71506.0,71604.0,20796676.3538118,2026-04-08 13:59:59.999000+00:00,-0.006588053405915839,0,0.00542417875575385,0.00281162136832247,-0.0011433511342879843,71724.14322916667,70654.99479166667,202.30622962920333,1474.7469787647144,71490.73109829177,70819.77133680576,670.9597614860104,43.62259805685498,0.6435037480993786,-0.9343948526599347,-0.4572367335510522,13,2
2026-04-08 14:00:00+00:00,71598.1171875,71704.453125,70754.125,70838.4921875,940003328.0,2026-04-08 14:59:59.999000+00:00,-0.010690852640913961,1,-0.006588053405915839,0.00542417875575385,0.002303279031785177,71563.55859375,70779.39029947917,406.9964601279425,1348.6438219746212,71390.38665047765,70821.15806648681,569.2285839908436,36.7062391450213,0.04382320006055732,44.199690181633656,0.38357296638629357,14,2
2026-04-08 15:00:00+00:00,70909.0,71350.0,70830.0,71303.0,3812485.21964663,2026-04-08 15:59:59.999000+00:00,0.006557279780468939,1,-0.010690852640913961,-0.006588053405915839,-0.0016851898275813681,71500.55859375,70910.68196614583,414.3705804369971,1229.8923766572975,71376.94255040417,70856.85006156185,520.0924888423178,47.6305607101094,0.31898566191657,-0.9959441790192826,-0.5114876942741603,15,2
2026-04-08 16:00:00+00:00,71295.5390625,71637.2734375,71272.5546875,71619.1796875,137367552.0,2026-04-08 16:59:59.999000+00:00,0.004434311143991065,1,0.006557279780468939,-0.010690852640913961,-0.002678534060629789,71522.25520833333,71052.23111979167,417.0438331746779,1095.1017688307397,71414.20980226508,70913.31892274246,500.89087952261616,54.06738480724161,0.5177131330119847,35.03097299685591,-0.3900341363950033,16,2
2026-04-08 17:00:00+00:00,71604.0,71974.0,71504.0,71902.0,6458994.402797841,2026-04-08 17:59:59.999000+00:00,0.003948946549430454,0,0.004434311143991065,0.006557279780468939,0.00281162136832247,71557.58854166667,71185.98111979167,442.31321909820815,984.7705547189024,71489.25444807045,70986.55455809487,502.6998899755854,57.85124465556283,0.7270920893981363,-0.9529802030482581,-0.5156958637168885,17,2
2026-04-08 18:00:00+00:00,71885.625,71885.625,71107.8828125,71126.171875,246755328.0,2026-04-08 18:59:59.999000+00:00,-0.010790077118856267,1,0.003948946549430454,0.004434311143991065,0.00542417875575385,71398.80729166667,71298.15494791667,385.0540391762359,792.1617610947293,71433.39559067499,70996.89658156932,436.49900910566794,44.70350247491519,-0.21710600203549238,37.20336612973578,-0.2963658777186248,18,2
2026-04-08 19:00:00+00:00,71090.7734375,71353.8671875,71078.375,71301.3984375,0.0,2026-04-08 19:59:59.999000+00:00,0.0024636017640307095,1,-0.010790077118856267,0.003948946549430454,-0.006588053405915839,71348.37369791667,71393.7548828125,372.4127329926815,624.2992964515796,71413.08833634037,71019.45227460122,393.6360617391474,45.2391462746579,-0.14793616753605157,-1.0,-0.5336685327198988,19,2
2026-04-08 20:00:00+00:00,71319.5703125,71480.0234375,71289.65625,71367.4765625,0.0,2026-04-08 20:59:59.999000+00:00,0.0009267437448359228,1,0.0024636017640307095,-0.010790077118856267,-0.010690852640913961,71436.53776041667,71480.66178385417,278.2820769459526,433.5362460183426,71406.07114036493,71045.23185148262,360.8392888823146,46.06873317012395,-0.2610744139473467,0.0,-0.48611044670405135,20,2
2026-04-08 21:00:00+00:00,71353.890625,71721.1015625,71339.625,71518.7890625,0.0,2026-04-08 21:59:59.999000+00:00,0.0021201884568173845,0,0.0009267437448359228,0.0024636017640307095,0.006557279780468939,71472.50260416667,71547.7470703125,271.4320154544234,275.4795485365026,71423.41235915494,71080.31016340983,343.10219574511575,48.69816895325247,-0.10511853952985152,0.0,-0.42459951297062176,21,2
2026-04-08 22:00:00+00:00,71546.6796875,71546.6796875,71088.3046875,71088.3046875,0.0,2026-04-08 22:59:59.999000+00:00,-0.006019178745095943,1,0.0021201884568173845,0.0009267437448359228,0.004434311143991065,71384.0234375,71533.4951171875,299.1652352329855,290.26804254777005,71371.85733274648,71080.90235037947,290.9549823670095,42.57443609022557,-1.5337218171863822,0.0,-0.3602387169475882,22,2
2026-04-08 23:00:00+00:00,70972.7578125,71164.3984375,70923.90625,71115.125,0.0,2026-04-08 23:59:59.999000+00:00,0.00037728164453909585,0,-0.006019178745095943,0.0021201884568173845,0.003948946549430454,71252.87760416667,71498.70247395833,172.22686355309133,288.1921334610119,71332.36005078549,71083.43736146248,248.92268932300794,43.99472698028421,-1.3309782933760084,0.0,-0.4712325693213525,23,2
2026-04-09 00:00:00+00:00,71064.0,71140.0,70660.0,70812.0,2187153.4438529997,2026-04-09 00:59:59.999000+00:00,-0.004262454716911446,1,0.00037728164453909585,-0.006019178745095943,-0.010790077118856267,71200.515625,71461.869140625,249.0696776106352,316.93721367200123,71252.30465835695,71063.33089024303,188.97376811392314,42.98097826967377,-2.0504665043769537,0.0,-0.4625155077295834,0,3
2026-04-09 01:00:00+00:00,70811.0,70956.0,70480.0,70924.0,2654202.38358996,2026-04-09 01:59:59.999000+00:00,0.0015816528272043495,1,-0.004262454716911446,0.00037728164453909585,0.0024636017640307095,71137.61588541667,71439.244140625,265.6026382017829,335.39872780815034,71201.79624937895,71053.01008355836,148.78616582059476,41.908922565035276,-1.5362137596410983,0.21354191725761296,-0.46062042798356545,1,3
2026-04-09 02:00:00+00:00,70920.3984375,71157.859375,70820.84375,71069.421875,0.0,2026-04-09 02:59:59.999000+00:00,0.0020503902064181734,0,0.0015816528272043495,-0.004262454716911446,0.0009267437448359228,71087.94010416667,71428.6533203125,240.72066792426185,343.1330318158153,71181.43096101296,71054.22577181329,127.20518919966707,38.759478165855285,-1.046915953883816,-1.0,-0.41573022462733744,2,3
2026-04-09 03:00:00+00:00,71036.3046875,71085.8671875,70860.5390625,70979.9140625,249393152.0,2026-04-09 03:59:59.999000+00:00,-0.001259441967284225,0,0.0020503902064181734,0.0015816528272043495,0.0021201884568173845,70998.12760416667,71415.64973958333,116.08039427343338,354.26966760772655,71150.42836124173,71048.72120075305,101.7071604886878,42.39813329222313,-1.2299547969367988,0.0,0.6742537434121778,3,3
2026-04-09 04:00:00+00:00,70984.984375,70992.3046875,70766.5390625,70766.5390625,0.0,2026-04-09 04:59:59.999000+00:00,-0.003006132126507133,1,-0.001259441967284225,0.0020503902064181734,-0.006019178745095943,70944.5,71381.40299479167,138.28891233522026,375.90434445738384,71091.36846912761,71027.8188201417,63.54964898590697,48.987342328870746,-1.635692540822386,-1.0,-0.39479594007585267,4,3
2026-04-09 05:00:00+00:00,70769.0,71098.0,70708.0,70989.0,1452524.91713772,2026-04-09 05:59:59.999000+00:00,0.003143589335399488,1,-0.003006132126507133,-0.001259441967284225,0.00037728164453909585,70923.47916666667,71350.90299479167,114.74774345942525,376.84743404467287,71075.61947387722,71024.94335198306,50.676121894153766,45.25771541572864,-0.9603435292298427,0.0,-0.3874354417611825,5,3
2026-04-09 06:00:00+00:00,71006.0,71096.0,70830.0,71036.0,849808.61068488,2026-04-09 06:59:59.999000+00:00,0.000662074405893831,0,0.003143589335399488,-0.003006132126507133,-0.004262454716911446,70960.8125,71322.44466145833,107.4298746269176,373.6164730667774,71069.5241702038,71025.76236294728,43.76180725652375,40.41283614217058,-0.7666810274908075,-0.4149438672904321,-0.38999531911651647,6,3
2026-04-09 07:00:00+00:00,71054.0,71110.0,70971.0,70988.0,1402115.1581209202,2026-04-09 07:59:59.999000+00:00,-0.000675713722619542,1,0.000662074405893831,0.003143589335399488,0.0015816528272043495,70971.47916666667,71295.40299479167,106.21414514564265,373.34628492126507,71056.98199017245,71022.9651508771,34.0168392953492,33.71718858733472,-0.8233723146769752,0.6499187469881291,-0.38615986495433197,7,3
2026-04-09 08:00:00+00:00,70968.703125,71333.6875,70901.5625,71245.546875,0.0,2026-04-09 08:59:59.999000+00:00,0.0036280339634868763,1,-0.000675713722619542,0.000662074405893831,0.0020503902064181734,71000.83333333333,71272.21744791667,152.8120120777902,357.4581004126787,71085.99197245362,71039.45268599733,46.53928645628912,52.608309719709126,-0.07461174578469712,-1.0,-0.3924358499540805,8,3
2026-04-09 09:00:00+00:00,71249.0,71573.0,71113.0,71545.0,3198520.22149925,2026-04-09 09:59:59.999000+00:00,0.0042031135717912615,0,0.0036280339634868763,-0.000675713722619542,-0.001259441967284225,71095.01432291667,71266.55078125,268.0361720371884,351.72810835936724,71156.60859207614,71076.90063518271,79.70795689342776,55.04855720813054,0.7916604107895272,0.0,-0.37735835281990887,9,3
2026-04-09 10:00:00+00:00,71503.3359375,71503.3359375,71292.984375,71292.984375,0.0,2026-04-09 10:59:59.999000+00:00,-0.00352247711230691,0,0.0042031135717912615,0.0036280339634868763,-0.003006132126507133,71182.75520833333,71258.38346354167,221.0530771446201,348.60001926352317,71177.58948175673,71092.90683813214,84.68264362459013,48.566643917368935,0.09925676863537987,-1.0,-0.3925800182332583,10,3
2026-04-09 11:00:00+00:00,71279.0,71364.0,71056.0,71159.0,4059753.71348107,2026-04-09 11:59:59.999000+00:00,-0.0018793486648734925,1,-0.00352247711230691,0.0042031135717912615,0.003143589335399488,71211.08854166667,71236.25846354167,201.26046659763742,336.6614382550593,71174.72956148647,71097.80262790014,76.92693358633551,43.03057268162461,-0.2294841486512615,0.0,-0.37327802088691825,11,3
2026-04-09 12:00:00+00:00,71158.0,71317.0,71048.0,71287.0,1343768.6092318902,2026-04-09 12:59:59.999000+00:00,0.0017987886282830878,0,-0.0018793486648734925,-0.00352247711230691,0.000662074405893831,71252.921875,71203.26432291667,182.83066618710708,285.391640910814,71192.0019366424,71111.81724805568,80.18468858671258,54.35981829090597,0.2934062007425656,-0.6690024311648047,-0.33177244143014883,12,3
2026-04-09 13:00:00+00:00,71308.0,71363.0,70629.0,70806.0,5967981.078162841,2026-04-09 13:59:59.999000+00:00,-0.0067473732938684305,1,0.0017987886282830878,-0.0018793486648734925,-0.000675713722619542,71222.58854166667,71170.01432291667,241.31728422368408,283.1506972801433,71132.61702331279,71089.16411857007,43.45290474272042,44.344358365970095,-1.285585119207824,3.441226738861083,-0.3052462336927024,13,3
2026-04-09 14:00:00+00:00,70811.0,71248.0,70540.0,71135.0,9307246.7125185,2026-04-09 14:59:59.999000+00:00,0.004646498884275374,1,-0.0067473732938684305,0.0017987886282830878,0.0036280339634868763,71204.1640625,71182.36881510417,243.42475522919324,274.3898506014091,71132.98363511082,71092.55936904636,40.42426606446679,55.85406743278527,-0.1726332624925751,0.5595301980051863,-0.25788092455508205,14,3
2026-04-09 15:00:00+00:00,71135.0,72359.0,70937.0,72136.0,11557133.23045744,2026-04-09 15:59:59.999000+00:00,0.014071835242848163,0,0.004646498884275374,-0.0067473732938684305,0.0042031135717912615,71302.6640625,71217.0771484375,445.0199176254616,336.0650613103123,71287.29384509378,71169.85126763552,117.44257745826326,66.61290944370913,2.734359971785328,0.24173491768653577,-0.23184239074143217,15,3
2026-04-09 16:00:00+00:00,72122.2265625,72345.6875,71784.3515625,72019.4765625,1328070656.0,2026-04-09 16:59:59.999000+00:00,-0.0016153298976931962,1,0.014071835242848163,0.004646498884275374,-0.00352247711230691,71423.74609375,71233.75618489583,532.1606805229283,365.5309114726019,71399.93734007936,71232.78647466251,167.15086541684286,63.12640998240558,2.1495319628065563,113.91350229484496,4.543489080497222,16,3
2026-04-09 17:00:00+00:00,72090.0,72571.0,72089.0,72352.0,12578224.02385024,2026-04-09 17:59:59.999000+00:00,0.004617132106082833,0,-0.0016153298976931962,0.014071835242848163,-0.0018793486648734925,71622.57942708333,71252.50618489583,627.7470196056311,410.1207362080269,71546.40851852868,71315.69118024307,230.71733828561264,67.76446883705123,2.680902763586359,-0.9905289496706942,-0.23918931929710494,17,3
2026-04-09 18:00:00+00:00,72360.0,72379.0,71752.0,71899.0,2317216.68365914,2026-04-09 18:59:59.999000+00:00,-0.0062610570544007205,1,0.004617132106082833,-0.0016153298976931962,0.0017987886282830878,71724.57942708333,71284.70735677083,611.8337003416304,429.6452198686802,71600.65336183197,71358.89924096581,241.75412086615688,63.80542216753366,1.4297672005216961,-0.8157755276686643,-0.24120939744572703,18,3
2026-04-09 19:00:00+00:00,71891.0,72301.0,71761.0,72123.0,6608358.71827509,2026-04-09 19:59:59.999000+00:00,0.003115481439241119,1,-0.0062610570544007205,0.004617132106082833,-0.0067473732938684305,71944.07942708333,71318.94075520833,423.69132005056457,462.5080536952733,71681.0143830886,71415.49929719056,265.51508589803416,63.81899883851558,1.7384762024521019,1.8518518638661638,-0.22655929796916963,19,3
2026-04-09 20:00:00+00:00,72109.1328125,72436.1328125,72037.734375,72390.7109375,1248124928.0,2026-04-09 20:59:59.999000+00:00,0.0037118663602457858,0,0.003115481439241119,-0.0062610570544007205,0.004646498884275374,72153.36458333333,71361.57552083333,189.5469337334683,511.7202588015233,71790.19846838266,71487.73719647274,302.4612719099241,65.66589753921374,2.011128930242009,187.87063811296625,3.1037764287698506,20,3
2026-04-09 21:00:00+00:00,72414.75,72651.953125,72178.1171875,72256.9765625,485777408.0,2026-04-09 21:59:59.999000+00:00,-0.0018473969003490742,0,0.0037118663602457858,0.003115481439241119,0.014071835242848163,72173.52734375,71392.33333333333,193.7188129560746,542.820621751969,71862.01048286226,71544.71789025253,317.2925926097232,64.38914628420576,1.5928710047455656,-0.6107942425455668,0.933163307617173,21,3
2026-04-09 22:00:00+00:00,72292.0,73159.0,71963.0,71963.0,5925450.082313021,2026-04-09 22:59:59.999000+00:00,-0.0040684868989185885,0,-0.0018473969003490742,0.0037118663602457858,-0.0016153298976931962,72164.11458333333,71428.77897135417,203.81040767158652,550.8252870802177,71877.54733165268,71575.70175023383,301.8455814188492,58.06866545535059,0.9698556714373008,-0.9878021291547733,-0.36522967359747116,22,3
2026-04-09 23:00:00+00:00,71962.484375,72000.1171875,71637.8125,71774.3671875,609611776.0,2026-04-09 23:59:59.999000+00:00,-0.0026212472034239376,1,-0.0040684868989185885,-0.0018473969003490742,0.004617132106082833,72067.84244791667,71456.24739583333,231.81266997002464,550.9414663753996,71861.6734633215,71590.41770854984,271.25575477165694,52.64546498153698,0.5774112334647027,101.88024834090508,1.16532200718769,23,3
2026-04-10 00:00:00+00:00,71783.515625,72004.9296875,71609.296875,71907.890625,0.0,2026-04-10 00:59:59.999000+00:00,0.001860322044375362,1,-0.0026212472034239376,-0.0040684868989185885,-0.0062610570544007205,72069.32421875,71501.90950520833,230.54249472069668,540.5402171976473,71868.78379588742,71613.93422087948,254.84957500793098,57.29147752748617,0.7510655208902346,-1.0,-0.43704026026377574,0,4
2026-04-10 01:00:00+00:00,71932.625,72377.25,71730.296875,72172.6484375,403632128.0,2026-04-10 01:59:59.999000+00:00,0.0036819020861105223,0,0.001860322044375362,-0.0026212472034239376,0.003115481439241119,72077.59895833333,71553.9365234375,233.72342037402709,542.5853397692708,71915.53220228935,71655.32045914767,260.21174314168456,61.65814561562721,1.1403034116727173,0.0,0.5780781620996488,1,4
2026-04-10 02:00:00+00:00,72164.0,72288.0,71926.0,71952.0,2555437.8213979197,2026-04-10 02:59:59.999000+00:00,-0.0030572307138081456,0,0.0036819020861105223,0.001860322044375362,0.0037118663602457858,72004.48046875,71590.71061197917,178.20846886712172,538.2103052734114,71921.14263270638,71677.29672143303,243.84591127335443,57.48868603120756,0.6712792090394721,-0.9936688939157046,-0.4729641411916737,2,4
2026-04-10 03:00:00+00:00,71961.484375,71974.7890625,71817.3515625,71866.9375,0.0,2026-04-10 03:59:59.999000+00:00,-0.001182211752279283,1,-0.0030572307138081456,0.0036819020861105223,-0.0018473969003490742,71939.47395833333,71627.669921875,133.1164936393257,524.7302721960821,71912.80338152079,71691.34418651205,221.45919500873424,63.11712296481752,0.45598203649205526,-1.0,-0.45065315472854783,3,4
2026-04-10 04:00:00+00:00,71888.7265625,72114.984375,71845.609375,72075.203125,367677440.0,2026-04-10 04:59:59.999000+00:00,0.0028979337682226713,1,-0.001182211752279283,-0.0030572307138081456,-0.0040684868989185885,71958.17447916667,71682.19759114583,144.47884244069598,498.70458087196624,71937.78795744067,71719.77818195561,218.00977548505762,61.98211832175073,0.7880527850115515,0.0,0.4687320503400838,4,4
2026-04-10 05:00:00+00:00,72101.890625,72255.078125,72027.4140625,72110.9609375,370974720.0,2026-04-10 05:59:59.999000+00:00,0.0004961180954008437,0,0.0028979337682226713,-0.001182211752279283,-0.0026212472034239376,72014.2734375,71728.94596354167,122.51261338217022,483.2457838808773,71964.42995437287,71748.7546823663,215.6752720065706,49.576773655117414,0.7905190002702585,0.008967860524703442,0.4376216169622402,5,4
2026-04-10 06:00:00+00:00,72124.4765625,72148.390625,71804.453125,71818.6171875,0.0,2026-04-10 06:59:59.999000+00:00,-0.004054082017481142,0,0.0004961180954008437,0.0028979337682226713,0.001860322044375362,71999.39453125,71761.55501302083,141.9031193808918,460.3144309630953,71941.99722100781,71753.92968274657,188.06753826123895,46.795415112777455,0.12396347070801775,-1.0,-0.5310453246211572,6,4
2026-04-10 07:00:00+00:00,71817.7890625,71827.6640625,71445.828125,71474.5234375,0.0,2026-04-10 07:59:59.999000+00:00,-0.004791149753018198,1,-0.004054082017481142,0.0004961180954008437,0.0036819020861105223,71883.04036458333,71781.82682291667,230.18491387123984,434.7709386741005,71870.07817739123,71733.23292383942,136.8452535518154,36.051909344923935,-0.7068167581619864,0.0,-0.5308480534637589,7,4
2026-04-10 08:00:00+00:00,71484.5546875,71747.3671875,71444.78125,71601.859375,250580992.0,2026-04-10 08:59:59.999000+00:00,0.0017815569992760683,1,-0.004791149753018198,-0.004054082017481142,-0.0030572307138081456,71824.68359375,71796.67317708333,252.50731246572616,421.5445124704642,71828.81374625412,71723.50154985131,105.31219640281051,44.7312572726769,-0.4621428967053111,0.0,0.09678420898719697,8,4
2026-04-10 09:00:00+00:00,71607.3828125,71853.765625,71597.328125,71796.2734375,0.0,2026-04-10 09:59:59.999000+00:00,0.002715209691438236,1,0.0017815569992760683,-0.004791149753018198,-0.001182211752279283,71812.90625,71807.14290364583,251.78928637782244,418.12858722223797,71823.80754490734,71728.89206004751,94.91548485982639,44.14522627557377,-0.025995510658665615,-1.0,-0.5611288138048248,9,4
2026-04-10 10:00:00+00:00,71790.0390625,71927.125,71724.765625,71927.125,0.0,2026-04-10 10:59:59.999000+00:00,0.0018225397535975851,1,0.002715209691438236,0.0017815569992760683,0.0028979337682226713,71788.2265625,71833.5654296875,226.97179297855794,404.0235663108895,71839.70253799851,71743.57598152547,96.126556473042,41.26429843802906,0.2315695868109521,0.0,-0.5611288138048248,10,4
2026-04-10 11:00:00+00:00,71914.7734375,72250.0703125,71914.7734375,72120.9609375,588943360.0,2026-04-10 11:59:59.999000+00:00,0.00269489344249485,1,0.0018225397535975851,0.002715209691438236,0.0004961180954008437,71789.89322916667,71873.64713541667,229.8342858987066,381.2682835448815,71882.97306099875,71771.53042270878,111.44263828996918,47.49372351206928,0.6486608321675821,0.0,0.9107010757502246,11,4
2026-04-10 12:00:00+00:00,72123.65625,72420.3515625,72051.0234375,72259.9296875,67821568.0,2026-04-10 12:59:59.999000+00:00,0.001926884337001944,1,0.00269489344249485,0.0018225397535975851,-0.004054082017481142,71863.4453125,71914.18587239583,300.58900428223274,367.66150551761507,71940.96638815278,71807.70814602665,133.25824212613225,55.802825761022575,0.9403862245992096,-0.8848419515248461,-0.45052965000826056,12,4
2026-04-10 13:00:00+00:00,72269.0,72412.0,71925.0,72346.0,6278825.0315889,2026-04-10 13:59:59.999000+00:00,0.0011911209002308798,1,0.001926884337001944,0.00269489344249485,-0.004791149753018198,72008.69140625,71978.3525390625,285.23288118786354,292.55957751206216,72003.27925151389,71847.58161669134,155.69763482254348,61.637809001810034,1.256658435399682,-0.9074214115546709,-0.6109123307710067,13,4
2026-04-10 14:00:00+00:00,72346.0,73189.0,72299.0,72964.0,34295381.9011058,2026-04-10 14:59:59.999000+00:00,0.008542282918198696,0,0.0011911209002308798,0.001926884337001944,0.0017815569992760683,72235.71484375,72054.56087239583,411.01176215506985,301.4074100749662,72151.08244358868,71930.27927471421,220.8031688744668,67.95856227349537,3.0173084576055227,4.462070009685732,-0.5415097015757115,14,4
2026-04-10 15:00:00+00:00,72969.0,73332.0,72395.0,72475.0,20352082.068620253,2026-04-10 15:59:59.999000+00:00,-0.006701935200920994,1,0.008542282918198696,0.0011911209002308798,0.002715209691438236,72348.8359375,72068.68587239583,355.5344395459799,313.1061891700802,72200.9159138058,71970.62895806872,230.28695573708683,54.77701660186385,1.2976879463199,-0.4065649384716712,-0.5791928562694514,15,4
2026-04-10 16:00:00+00:00,72431.109375,73034.765625,72420.078125,73034.765625,0.0,2026-04-10 16:59:59.999000+00:00,0.007723568471886821,1,-0.006701935200920994,0.008542282918198696,0.0018225397535975851,72533.44270833333,72110.98958333333,379.5273773729113,369.65049345797826,72329.20048475875,72049.45389635992,279.7465883988334,65.45145624573561,2.4990526403062576,-1.0,-0.6069403117789852,16,4
2026-04-10 17:00:00+00:00,73002.578125,73114.03125,72838.140625,73101.09375,0.0,2026-04-10 17:59:59.999000+00:00,0.0009081719429424595,1,0.007723568471886821,-0.006701935200920994,0.00269489344249485,72696.79817708333,72142.20182291667,377.4073633860027,419.191434660331,72447.95329479587,72127.3531447777,320.6001500181592,67.70653060858493,2.287479771289493,0.0,-0.6046090432205375,17,4
2026-04-10 18:00:00+00:00,73134.140625,73134.140625,72913.828125,73114.046875,0.0,2026-04-10 18:59:59.999000+00:00,0.00017719468116705883,1,0.0009081719429424595,0.007723568471886821,0.001926884337001944,72839.15104166667,72192.82877604167,338.77365897647746,459.9345469470314,72550.42923021188,72200.44156923861,349.9876609732746,65.78924870097177,2.0029330370445537,0.0,-0.6041770771891878,18,4
2026-04-10 19:00:00+00:00,73118.453125,73263.1015625,72945.1015625,73234.4453125,53522432.0,2026-04-10 19:59:59.999000+00:00,0.0016467210152630862,1,0.00017719468116705883,0.0009081719429424595,0.0011911209002308798,72987.22526041667,72239.13899739583,266.58646821907007,506.2235622532717,72655.66247364083,72277.03443910982,378.62803453100787,66.64737288096352,1.9661398427878864,0.0,-0.4383464591372738,19,4
2026-04-10 20:00:00+00:00,73218.1953125,73421.8125,73081.796875,73377.0703125,496521216.0,2026-04-10 20:59:59.999000+00:00,0.00194751253172476,0,0.0016467210152630862,0.00017719468116705883,0.008542282918198696,73056.0703125,72280.2373046875,309.30361456724285,556.5971421415567,72766.64829500378,72358.51857787945,408.12971712432045,74.16475673161253,1.9706048140893035,8.276880691819086,1.5405047077078393,20,4
2026-04-10 21:00:00+00:00,73371.953125,73371.953125,72993.9296875,73203.6953125,0.0,2026-04-10 21:59:59.999000+00:00,-0.002362795342763402,0,0.00194751253172476,0.0016467210152630862,-0.006701935200920994,73177.51953125,72319.68391927083,121.65080029980945,587.5630396942677,72833.8862976955,72421.12426192542,412.7620357700798,78.3106763331986,1.5045388043624353,-1.0,-0.6472059322805153,21,4
2026-04-10 22:00:00+00:00,73202.296875,73223.703125,72834.515625,72919.671875,0.0,2026-04-10 22:59:59.999000+00:00,-0.0038799057381943003,1,-0.002362795342763402,0.00194751253172476,0.007723568471886821,73158.33723958333,72359.54524739583,153.5536129632989,594.7204460693162,72847.08407881927,72458.05371474575,389.0303640735219,70.52277848344599,0.9418317989674216,0.0,-0.645538044582532,22,4
2026-04-10 23:00:00+00:00,72908.984375,72976.125,72822.1328125,72976.125,9138176.0,2026-04-10 23:59:59.999000+00:00,0.0007741823783404822,0,-0.0038799057381943003,-0.002362795342763402,0.0009081719429424595,73137.50911458333,72409.61848958333,170.42017408665956,593.8996667538914,72866.93652823169,72496.42936550532,370.5071627263678,69.19926061342643,0.9538757842937611,0.0,-0.5468167832080811,23,4
2026-04-11 00:00:00+00:00,72974.1953125,72974.1953125,72829.4453125,72841.375,0.0,2026-04-11 00:59:59.999000+00:00,-0.0018464943157778801,1,0.0007741823783404822,-0.0038799057381943003,0.00017719468116705883,73092.06380208333,72448.513671875,209.74673167567286,590.1680495814207,72863.00398542681,72521.9808939864,341.0230914404092,64.85837916901559,0.6656770531777154,-1.0,-0.5957066692386479,0,5
2026-04-11 01:00:00+00:00,72844.015625,73003.703125,72722.609375,72955.96875,0.0,2026-04-11 01:59:59.999000+00:00,0.0015731958656739486,1,-0.0018464943157778801,0.0007741823783404822,0.0016467210152630862,73045.65104166667,72481.15201822917,202.62919827075402,595.8809431818522,72877.30625689961,72554.12814258,323.1781143196131,63.929311490792514,0.7968315436225033,0.0,-0.5328892329327266,1,5
2026-04-11 02:00:00+00:00,72982.0,73129.0,72950.0,72985.0,1919484.11904425,2026-04-11 02:59:59.999000+00:00,0.00039792837374941215,0,0.0015731958656739486,-0.0018464943157778801,0.00194751253172476,72980.30598958333,72524.19368489583,121.2542129117284,593.2996586138469,72893.8745250689,72586.04457646295,307.82994860594044,62.55590760397529,0.7766839377268047,0.0,-0.5218766474671255,2,5
2026-04-11 03:00:00+00:00,73000.0,73111.0,72855.0,72904.0,1288996.88913008,2026-04-11 03:59:59.999000+00:00,-0.001109817085702569,0,0.00039792837374941215,0.0015731958656739486,-0.002362795342763402,72930.35677083333,72567.40462239583,53.783247345183526,580.9870856343123,72895.43229044291,72609.59683005829,285.83546038462373,59.67978012327408,0.5793508770279845,-0.32846702072643486,-0.5258213318461383,3,5
2026-04-11 04:00:00+00:00,72886.9375,72972.625,72738.515625,72824.890625,0.0,2026-04-11 04:59:59.999000+00:00,-0.0010851170717656178,0,-0.001109817085702569,0.00039792837374941215,-0.0038799057381943003,72914.55989583333,72598.6416015625,69.24576786252547,573.4781982580644,72884.57972652862,72625.5445185725,259.0352079561271,47.031898011708385,0.3945207056253048,-1.0,-0.47049399247870627,4,5
2026-04-11 05:00:00+00:00,72843.453125,72862.75,72706.6484375,72759.265625,0.0,2026-04-11 05:59:59.999000+00:00,-0.000901134206131915,1,-0.0010851170717656178,-0.001109817085702569,0.0007741823783404822,72878.41666666667,72625.654296875,85.39664191222539,564.7096906718582,72865.30063398575,72635.44978571527,229.8508482704783,57.40263016552465,0.23660179793627614,0.0,-0.4059359935962237,5,5
2026-04-11 06:00:00+00:00,72758.0,72806.0,72667.0,72801.0,1480078.11985614,2026-04-11 06:59:59.999000+00:00,0.0005735953303198649,0,-0.000901134206131915,-0.0010851170717656178,-0.0018464943157778801,72871.6875,72666.5869140625,90.34655206879587,538.6721806640372,72855.40822875718,72647.71276455118,207.6954642060009,41.663137482168324,0.24952668944552694,0.0,-0.39697328819447425,6,5
2026-04-11 07:00:00+00:00,72794.328125,72848.59375,72719.5390625,72738.2890625,0.0,2026-04-11 07:59:59.999000+00:00,-0.0008614021442012731,0,0.0005735953303198649,-0.000901134206131915,0.0015731958656739486,72835.40755208333,72719.24381510417,93.38833294849876,475.0943798031467,72837.38989548685,72654.42211995479,182.96777553205902,37.027704994050055,0.04008729255799616,-1.0,-0.4063953383572303,7,5
2026-04-11 08:00:00+00:00,72768.2421875,72820.59375,72681.109375,72715.7109375,0.0,2026-04-11 08:59:59.999000+00:00,-0.00031040220069789015,1,-0.0008614021442012731,0.0005735953303198649,0.00039792837374941215,72790.52604166667,72765.654296875,68.51303943026397,411.31853255709774,72818.67005579657,72658.96203236554,159.70802343102696,35.85462616174226,-0.1214225847411022,0.0,-0.3504005709842925,8,5
2026-04-11 09:00:00+00:00,72704.0703125,72917.6328125,72659.4375,72913.359375,0.0,2026-04-11 09:59:59.999000+00:00,0.0027180981242125313,0,-0.00031040220069789015,-0.0008614021442012731,-0.001109817085702569,72792.0859375,72812.19954427083,71.64812875119826,356.39072405532806,72833.23764336633,72677.80627996809,155.43136339823832,39.19090225287065,0.2838452964714842,0.0,-0.3504005709842925,9,5
2026-04-11 10:00:00+00:00,72937.609375,72938.2265625,72797.5703125,72864.703125,0.0,2026-04-11 10:59:59.999000+00:00,-0.0006673159818320062,1,0.0027180981242125313,-0.00031040220069789015,-0.0010851170717656178,72798.72135416667,72851.26529947917,76.94180611362384,302.4610997614802,72838.07848669459,72691.6504907112,146.4279959833948,31.586601903585375,0.04442827699636583,0.0,-0.3504005709842925,10,5
2026-04-11 11:00:00+00:00,72876.0,72944.0,72864.0,72935.0,838741.16517165,2026-04-11 11:59:59.999000+00:00,0.0009647589571510906,1,-0.0006673159818320062,0.0027180981242125313,-0.000901134206131915,72828.01041666667,72885.18359375,91.06945403748786,259.6116422710349,72852.98948874157,72709.67638028815,143.31310845342523,39.5709893202176,0.19188818272638022,0.0,-0.2771501727176232,11,5
2026-04-11 12:00:00+00:00,72940.0,73010.0,72854.0,72964.0,1341337.19773128,2026-04-11 12:59:59.999000+00:00,0.00039761431411533543,0,0.0009647589571510906,-0.0006673159818320062,0.0005735953303198649,72855.17708333333,72914.51985677083,104.6935191818567,223.09809669273398,72870.06802893517,72728.51516693347,141.5528620016994,52.14521202589074,0.22178648748097107,0.599226618925724,-0.24531092349258748,12,5
2026-04-11 13:00:00+00:00,72844.8203125,72847.7890625,72594.53125,72701.921875,0.0,2026-04-11 13:59:59.999000+00:00,-0.0035918826407543847,1,0.00039761431411533543,0.0009647589571510906,-0.0008614021442012731,72849.11588541667,72929.34993489583,113.49677135431247,193.53442815842163,72844.19938986823,72726.54529345692,117.65409641130827,38.93282377276626,-1.1751297278728232,-1.0,-0.25584215636809376,13,5
2026-04-11 14:00:00+00:00,72684.0,72785.0,72643.0,72728.0,2265377.0280892,2026-04-11 14:59:59.999000+00:00,0.00035869925206144515,1,-0.0035918826407543847,0.00039761431411533543,-0.00031040220069789015,72851.1640625,72919.5166015625,110.68386778089143,197.64908791175782,72826.32256065773,72726.65304949715,99.66951116058044,44.98403130141437,-0.9689728578358241,0.0,-0.22002255263585085,14,5
2026-04-11 15:00:00+00:00,72745.6171875,72883.3125,72712.1953125,72880.890625,0.0,2026-04-11 15:59:59.999000+00:00,0.002102225071499264,1,0.00035869925206144515,-0.0035918826407543847,0.0027180981242125313,72845.75260416667,72936.4287109375,107.79081711168841,173.89792298940188,72834.71764747961,72738.07805508995,96.63959238966345,46.787242578229474,-0.31937176121928,-1.0,-0.23374941325447468,15,5
2026-04-11 16:00:00+00:00,72896.0,73235.0,72857.0,73072.0,3346940.90126192,2026-04-11 16:59:59.999000+00:00,0.0026222151425581153,1,0.002102225071499264,0.00035869925206144515,-0.0006673159818320062,72880.30208333333,72937.98014322917,142.66118188587694,174.97613183811248,72871.22262479045,72762.81301397218,108.40961081827118,53.26940918112104,0.7659322180857407,0.0,-0.20215082604890844,16,5
2026-04-11 17:00:00+00:00,73080.1640625,73178.5859375,72978.109375,73097.2109375,0.0,2026-04-11 17:59:59.999000+00:00,0.0003450150194328483,1,0.0026222151425581153,0.002102225071499264,0.0009647589571510906,72907.33723958333,72937.818359375,168.186357932384,174.8204847406037,72905.990057515,72787.5832305298,118.40682698519959,57.578524806177796,0.9117500066511347,-1.0,-0.23519965270423193,17,5
2026-04-11 18:00:00+00:00,73106.21875,73700.171875,73073.71875,73544.5703125,224630784.0,2026-04-11 18:59:59.999000+00:00,0.006120060796608318,1,0.0003450150194328483,0.0026222151425581153,0.00039761431411533543,73004.09895833333,72955.7568359375,312.4457055172181,211.8550726591164,73004.23317366654,72843.65634771278,160.5768259537581,71.90170279741893,2.779322058103019,0.0,1.7555282831787142,18,5
2026-04-11 19:00:00+00:00,73555.78125,73724.78125,73514.65625,73683.421875,0.0,2026-04-11 19:59:59.999000+00:00,0.001887992028643426,0,0.006120060796608318,0.0003450150194328483,-0.0035918826407543847,73167.68229166667,72974.46419270833,373.55673952710004,253.30245961069477,73108.72374310246,72905.86120158591,202.8625415165443,76.92444258310042,2.798858263679246,-1.0,-0.2834926708484852,19,5
2026-04-11 20:00:00+00:00,73687.1015625,73687.1015625,73284.3515625,73331.3046875,0.0,2026-04-11 20:59:59.999000+00:00,-0.004778784406855419,1,0.001887992028643426,0.006120060796608318,0.00035869925206144515,73268.23307291667,72972.55729166667,306.76121051513445,250.29420163362272,73142.96696531746,72937.37553387585,205.591431441615,63.0836960251038,1.4333028631580451,0.0,-0.22450040555822218,20,5
2026-04-11 21:00:00+00:00,73324.375,73539.8203125,73272.140625,73476.75,0.0,2026-04-11 21:59:59.999000+00:00,0.0019834000379483907,0,-0.004778784406855419,0.001887992028643426,0.002102225071499264,73367.54296875,72983.9345703125,246.89374469316994,266.9118233114431,73194.31820142247,72977.3291980332,216.98900338927342,67.50471308515407,1.8463604330950294,0.0,-0.22450040555822218,21,5
2026-04-11 22:00:00+00:00,73449.1328125,73550.828125,73270.546875,73388.0546875,0.0,2026-04-11 22:59:59.999000+00:00,-0.0012071207899096992,0,0.0019834000379483907,-0.004778784406855419,0.0026222151425581153,73420.21875,73003.45052083333,200.6037200501298,278.8646728099737,73224.12381466517,73007.75330836407,216.37050630110025,65.4530697848134,1.3791785197860174,0.0,-0.22450040555822218,22,5
2026-04-11 23:00:00+00:00,73390.8125,73390.8125,72963.15625,73056.046875,352256.0,2026-04-11 23:59:59.999000+00:00,-0.004524003448704961,1,-0.0012071207899096992,0.0019834000379483907,0.0003450150194328483,73413.35807291667,73006.78059895833,214.1092976750365,279.0013384998054,73198.26582394745,73011.33060959636,186.93521435109142,53.088745628335836,0.17658078741334024,0.0,-0.2085797388853246,23,5
2026-04-12 00:00:00+00:00,73057.15625,73124.0859375,72932.578125,73068.3828125,0.0,2026-04-12 00:59:59.999000+00:00,0.0001688558035599641,0,-0.004524003448704961,-0.0012071207899096992,0.006120060796608318,73333.99348958333,73016.2392578125,242.16226490169507,276.99072417671084,73178.2838221863,73015.55669870034,162.72712348596542,54.47947629765812,0.1882501836207127,-1.0,-0.21627968339462333,0,6
2026-04-12 01:00:00+00:00,73083.3515625,73141.5,71527.5625,71666.203125,2032969728.0,2026-04-12 01:59:59.999000+00:00,-0.019189964708786866,1,0.0001688558035599641,-0.004524003448704961,0.001887992028643426,72997.79036458333,72962.4990234375,674.454159867879,390.89092931344584,72945.65602261918,72915.60458212995,30.051440489231027,32.404016589885714,-3.316259859788233,0.0,4.666357322029596,1,6
2026-04-12 02:00:00+00:00,71662.8671875,71961.015625,71464.046875,71810.359375,920907776.0,2026-04-12 02:59:59.999000+00:00,0.002011495568539745,0,-0.019189964708786866,0.0001688558035599641,-0.004778784406855419,72744.29947916667,72913.5556640625,798.4556150860249,456.0573069233607,72770.99499990854,72833.734566787,-62.7395668784593,34.49622658149701,-2.4189861061647004,-0.5470135323136498,1.7605886749198707,2,6
2026-04-12 03:00:00+00:00,71790.203125,71860.9296875,71626.78125,71660.0546875,144060416.0,2026-04-12 03:59:59.999000+00:00,-0.0020930780573746866,0,0.002011495568539745,-0.019189964708786866,0.0019834000379483907,72441.51692708333,72861.724609375,809.5302595978733,522.9693039277242,72600.08110569183,72746.79531646943,-146.7142107776017,35.56467692387626,-2.2977828963381643,-0.8435669458393193,0.011683273849475654,3,6
2026-04-12 04:00:00+00:00,71621.7890625,71678.65625,71481.25,71490.046875,257187840.0,2026-04-12 04:59:59.999000+00:00,-0.0023724209148511255,1,-0.0020930780573746866,0.002011495568539745,-0.0012071207899096992,72125.18229166667,72806.10611979167,732.8918234985283,593.3079560702854,72429.30660866231,72653.70283932355,-224.3962306612375,33.505710514591684,-2.2181722515714357,0.7852776435131217,0.24115150050793283,4,6
2026-04-12 05:00:00+00:00,71487.3984375,71785.1328125,71487.3984375,71740.96875,396326912.0,2026-04-12 05:59:59.999000+00:00,0.0035098854451547368,0,-0.0023724209148511255,-0.0020930780573746866,-0.004524003448704961,71906.00260416667,72763.67708333333,579.4005325118909,631.9551386208598,72323.40847656042,72586.09290678106,-262.6844302206446,35.19852299701759,-1.6183242620120546,0.541001751871317,0.5141091731862866,5,6
2026-04-12 06:00:00+00:00,71735.875,71762.03125,71663.28125,71675.6640625,18329600.0,2026-04-12 06:59:59.999000+00:00,-0.0009102844391127851,1,0.0035098854451547368,-0.0023724209148511255,0.0001688558035599641,71673.8828125,72716.7880859375,106.93492818284366,669.6871851136507,72223.75548978189,72518.65373313062,-294.8982433487254,31.256724700967098,-1.554642296553448,-0.9537513112407567,-0.33163081415141266,6,6
2026-04-12 07:00:00+00:00,71673.453125,71765.0234375,71612.8359375,71747.28125,0.0,2026-04-12 07:59:59.999000+00:00,0.0009991841503909082,0,-0.0009102844391127851,0.0035098854451547368,-0.019189964708786866,71687.39583333333,72675.49609375,110.82250399844749,698.2469297216013,72150.45176058468,72461.5150306765,-311.0632700918213,32.10261700712826,-1.3293504120671027,-1.0,-0.37258009469515657,7,6
2026-04-12 08:00:00+00:00,71712.4296875,71789.8125,71625.328125,71639.640625,692613120.0,2026-04-12 08:59:59.999000+00:00,-0.001500274618419728,0,0.0009991841503909082,-0.0009102844391127851,0.002011495568539745,71658.94270833333,72630.65983072917,93.49992767121114,729.405778664497,72071.86543203318,72400.63544507083,-328.770013037647,22.24417919010662,-1.3586665128204423,0.0,1.0837151294538825,8,6
2026-04-12 09:00:00+00:00,71650.3359375,71654.359375,71543.8046875,71561.8203125,94949376.0,2026-04-12 09:59:59.999000+00:00,-0.0010862744678934444,0,-0.001500274618419728,0.0009991841503909082,-0.0020930780573746866,71642.5703125,72574.345703125,101.52277929156773,758.2342849186442,71993.396952105,72338.50099080632,-345.10403870131995,18.527412262911113,-1.335372734739422,-0.8629113811762619,-0.22885083150685467,9,6
2026-04-12 10:00:00+00:00,71563.4296875,71676.1875,71405.109375,71458.2734375,101920768.0,2026-04-12 10:59:59.999000+00:00,-0.001446956974373026,1,-0.0010862744678934444,-0.001500274618419728,-0.0023724209148511255,71637.27473958333,72515.74446614583,111.41638494250313,788.5604291378393,71911.07025755038,72273.29894982067,-362.2286922702915,20.002552463126918,-1.3410145748779185,0.07342219921487425,-0.2236074281978751,10,6
2026-04-12 11:00:00+00:00,71465.1640625,71545.5546875,71448.3203125,71494.46875,383551488.0,2026-04-12 11:59:59.999000+00:00,0.0005065237481796103,0,-0.001446956974373026,-0.0010862744678934444,0.0035098854451547368,71596.19140625,72455.72233072917,110.97938129781723,809.7986540736698,71846.97771792725,72215.60782390804,-368.63010598078836,17.10162591084719,-1.1870278814290587,2.763231925410923,0.35988949158414707,11,6
2026-04-12 12:00:00+00:00,71493.9921875,71515.1484375,71129.40625,71158.734375,516511744.0,2026-04-12 12:59:59.999000+00:00,-0.004695948943602701,0,0.0005065237481796103,-0.001446956974373026,-0.0009102844391127851,71510.03645833333,72380.5029296875,201.04666928939469,843.6679583920912,71741.09412670767,72137.3209017667,-396.2267750590254,15.80559423464534,-1.4481628021242072,0.3466555603611685,0.6030520851050356,12,6
2026-04-12 13:00:00+00:00,71004.1640625,71102.6796875,70895.84375,70895.84375,687714304.0,2026-04-12 13:59:59.999000+00:00,-0.003694425249535671,0,-0.004695948943602701,0.0005065237481796103,0.0009991841503909082,71368.13020833333,72305.24967447917,283.6272572318859,892.8661430364753,71611.05560721418,72045.35963126546,-434.30402405127825,16.147980920852874,-1.5785187236308889,0.33145918169093935,0.903965409522559,13,6
2026-04-12 14:00:00+00:00,70906.40625,71084.5546875,70739.6015625,70807.34375,594534400.0,2026-04-12 14:59:59.999000+00:00,-0.001248310131015229,1,-0.003694425249535671,-0.004695948943602701,-0.001500274618419728,71229.4140625,72225.22233072917,324.8176830244746,938.248324844156,71487.40762918122,71953.65475117172,-466.2471219904983,15.393886926555595,-1.5111975616526496,-0.13549217088845078,0.64771189053354,14,6
2026-04-12 15:00:00+00:00,70768.640625,70944.4453125,70721.7890625,70906.8203125,588967936.0,2026-04-12 15:59:59.999000+00:00,0.001404890470841913,0,-0.001248310131015229,-0.003694425249535671,-0.0010862744678934444,71120.24739583333,72142.96940104167,299.86706450037804,964.4335585026884,71398.08650353795,71876.11145941826,-478.02495588030433,30.668597135322415,-1.2817358724646928,-0.009362728212194305,0.5835626262163218,15,6
2026-04-12 16:00:00+00:00,70886.1015625,70959.578125,70856.4140625,70902.7578125,0.0,2026-04-12 16:59:59.999000+00:00,-5.729350127525734e-05,1,0.001404890470841913,-0.001248310131015229,-0.001446956974373026,71027.66145833333,72052.58430989583,257.3746144970763,975.1699477156579,71321.88208953211,71804.01118927616,-482.1290997440519,25.12089088767533,-1.179103704015187,-1.0,-0.6896650386162974,16,6
2026-04-12 17:00:00+00:00,70958.9921875,71198.3984375,70934.234375,71143.1328125,97961984.0,2026-04-12 17:59:59.999000+00:00,0.0033902066353421745,1,-5.729350127525734e-05,0.001404890470841913,0.0005065237481796103,70969.10546875,71971.16438802083,145.64355359648152,965.6886294038745,71294.38220075794,71755.0572354409,-460.67503468295035,36.49695515175262,-0.8574519263336231,0.0,-0.4893449935744593,17,6
2026-04-12 18:00:00+00:00,71125.421875,71221.2109375,71091.5625,71161.0703125,0.0,2026-04-12 18:59:59.999000+00:00,0.0002521325571545052,0,0.0033902066353421745,-5.729350127525734e-05,-0.004695948943602701,70969.49479166667,71871.85188802083,146.25367909043828,918.237655851294,71273.8726794875,71711.05820411193,-437.1855246244377,40.66480741689907,-0.7740714737535633,-1.0,-0.6755625797681604,18,6
2026-04-12 19:00:00+00:00,71170.0,71258.0,71106.0,71118.0,1576397.78958762,2026-04-12 19:59:59.999000+00:00,-0.0006052510496379337,1,0.0002521325571545052,0.0033902066353421745,-0.003694425249535671,71006.52083333333,71764.95930989583,151.8910449183536,844.5469926299409,71249.89226725865,71667.1279667703,-417.235699511657,29.958177083856967,-0.7660429976562709,0.0,-0.6723761218292972,19,6
2026-04-12 20:00:00+00:00,71110.75,71431.6953125,70971.484375,71359.3984375,137883648.0,2026-04-12 20:59:59.999000+00:00,0.0033943367009758862,0,-0.0006052510496379337,0.0002521325571545052,-0.001248310131015229,71098.52994791667,71682.79654947917,172.86496326939505,778.9065870760151,71266.7393703727,71644.33318682435,-377.5938164516556,40.8607782403352,-0.4151949891619166,86.46754715766879,-0.39390349149492987,20,6
2026-04-12 21:00:00+00:00,71349.5390625,71452.2265625,71228.7109375,71284.375,0.0,2026-04-12 21:59:59.999000+00:00,-0.00105134627172776,0,0.0033943367009758862,-0.0006052510496379337,0.001404890470841913,71161.45572916667,71591.44759114583,157.12374297178297,681.8834344445103,71269.45254416151,71617.66961742996,-348.21707326844626,36.649542607363344,-0.4503300353615163,-1.0,-0.6929342038085269,21,6
2026-04-12 22:00:00+00:00,71394.0,71397.0,70526.0,70920.0,8639150.1090804,2026-04-12 22:59:59.999000+00:00,-0.005111568979878078,0,-0.00105134627172776,0.0033943367009758862,-5.729350127525734e-05,71164.32942708333,71488.61197916667,151.50317570846144,577.228622957173,71215.6906142905,71565.99038650922,-350.29977221871377,31.922267753128295,-0.9850723899546804,0.0,-0.6753553687608801,22,6
2026-04-12 23:00:00+00:00,70899.0,70899.0,70584.0,70746.0,1546542.57148794,2026-04-12 23:59:59.999000+00:00,-0.0024534686971234843,1,-0.005111568979878078,-0.00105134627172776,0.0033902066353421745,71098.140625,71392.36002604167,229.36020980785185,490.5945899176942,71143.43051978428,71505.2503578789,-361.8198380946269,30.450833635985816,-1.3175033710626727,-0.8209844079613333,-0.6909076696550908,23,6
2026-04-13 00:00:00+00:00,70741.296875,71229.5703125,70629.453125,71159.4609375,292968448.0,2026-04-13 00:59:59.999000+00:00,0.00584430126791613,1,-0.0024534686971234843,-0.005111568979878078,0.0002521325571545052,71097.87239583333,71312.82161458333,229.27282119363534,338.0935797443161,71145.89673789439,71479.63632673972,-333.73958884533204,43.76564781973711,-0.4536042275612207,188.43445424727813,-0.0859148257523002,0,0
2026-04-13 01:00:00+00:00,71174.0625,71224.4453125,71064.9140625,71221.5,0.0,2026-04-13 01:59:59.999000+00:00,0.000871831541198631,0,0.00584430126791613,-0.0024534686971234843,-0.0006052510496379337,71115.12239583333,71294.29231770833,234.91420636178216,329.9728769117587,71157.52800898756,71460.51511735159,-302.9871083640319,44.365606656776116,-0.22060091238285198,-1.0,-0.8786050832506758,1,0
2026-04-13 02:00:00+00:00,71199.1796875,71264.46875,71013.8515625,71080.9375,0.0,2026-04-13 02:59:59.999000+00:00,-0.0019735964561262698,0,0.000871831541198631,0.00584430126791613,0.0033943367009758862,71068.71223958333,71263.89973958333,202.23641052237454,313.5570364685847,71145.7448537587,71432.39825680704,-286.6534030483308,48.253460456436486,-0.5835054497386777,0.0,-0.848459926082043,2,0
2026-04-13 03:00:00+00:00,71063.625,71126.6328125,70951.0078125,70989.6875,0.0,2026-04-13 03:59:59.999000+00:00,-0.0012837478402700775,0,-0.0019735964561262698,0.000871831541198631,-0.00105134627172776,71019.59765625,71235.9677734375,173.06580145398317,306.51216613401294,71121.73603010352,71399.60486741392,-277.86883731039416,52.282712802347326,-0.8034926526532118,0.0,-0.8129338981989893,3,0
2026-04-13 04:00:00+00:00,70981.3125,71120.4453125,70866.296875,70932.84375,450109440.0,2026-04-13 04:59:59.999000+00:00,-0.0008007325007594046,0,-0.0012837478402700775,-0.0019735964561262698,-0.005111568979878078,71021.73828125,71212.7509765625,171.66124293581396,307.5311787438563,71092.67567931836,71365.0299698277,-272.35429050933453,53.100487925390645,-0.9101751168964746,0.0,0.9386344719790384,4,0
2026-04-13 05:00:00+00:00,70904.03125,70916.1796875,70713.4921875,70857.4375,975269888.0,2026-04-13 05:59:59.999000+00:00,-0.0010630653730134831,1,-0.0008007325007594046,-0.0012837478402700775,-0.0024534686971234843,71040.31119791667,71175.93717447917,138.73091883422518,294.14151441616923,71056.48519019246,71327.43052761824,-270.9453374257864,48.76530911221799,-1.0828110241811664,1.1667394667394668,2.4928022674742514,5,0
2026-04-13 06:00:00+00:00,70870.625,71077.578125,70870.625,71064.859375,1428049920.0,2026-04-13 06:59:59.999000+00:00,0.0029273126762452417,0,-0.0010630653730134831,-0.0008007325007594046,0.00584430126791613,71024.54427083333,71150.48697916667,127.39365433206507,274.81286264285677,71057.7735263167,71307.98081260949,-250.20728629278892,53.678835481640384,-0.31158513958625017,0.4642612650827582,2.9849386602536763,6,0
2026-04-13 07:00:00+00:00,71043.46875,71043.46875,70699.671875,70831.3125,1218619392.0,2026-04-13 07:59:59.999000+00:00,-0.003286390447458709,0,0.0029273126762452417,-0.0010630653730134831,0.000871831541198631,70959.51302083333,71112.32161458333,104.22887600745798,250.89051683448338,71022.93336842181,71272.67204871248,-249.73868029066944,42.90135203872927,-1.1200467762945174,-0.14665490685367633,2.0885138512404353,7,0
2026-04-13 08:00:00+00:00,70810.34375,70846.5078125,70588.5234375,70667.7890625,1922785280.0,2026-04-13 08:59:59.999000+00:00,-0.0023086320403846727,1,-0.003286390447458709,0.0029273126762452417,-0.0019735964561262698,70890.65494791667,71071.82779947917,138.72898144147553,240.28507133926558,70968.29578289538,71227.86590158564,-259.5701186902588,39.4684520592729,-1.68149745936025,0.5778390633061581,2.909637648371683,8,0
2026-04-13 09:00:00+00:00,70667.7890625,70881.15625,70667.7890625,70789.25,0.0,2026-04-13 09:59:59.999000+00:00,0.0017187595524259525,0,-0.0023086320403846727,-0.003286390447458709,-0.0012837478402700775,70857.24869791667,71039.63736979167,134.17026743242866,222.9093436622388,70940.75027783455,71195.37583480151,-254.62555696695927,43.20852162685603,-1.123269961133027,-1.0,-0.7432335685866631,9,0
2026-04-13 10:00:00+00:00,70791.625,70835.046875,70727.5,70745.5390625,0.0,2026-04-13 10:59:59.999000+00:00,-0.0006174798786539037,1,0.0017187595524259525,-0.0023086320403846727,-0.0008007325007594046,70826.03125,71009.94010416667,134.85218554650274,211.9176041095457,70910.7177831677,71162.05459240881,-251.33680924111104,36.190667004105514,-1.2476596400646158,0.0,-0.731245224418663,10,0
2026-04-13 11:00:00+00:00,70738.1796875,70960.5546875,70738.1796875,70947.2109375,256931840.0,2026-04-13 11:59:59.999000+00:00,0.0028506656062345925,1,-0.0006174798786539037,0.0017187595524259525,-0.0010630653730134831,70840.99348958333,70987.1376953125,143.72231015174222,185.28436133276927,70916.33211460343,71146.14024760075,-229.80813299732108,42.824077923028064,-0.21548908674916095,0.0,-0.23649264330721181,11,0
2026-04-13 12:00:00+00:00,70883.4453125,71195.453125,70788.5,71102.421875,43233280.0,2026-04-13 12:59:59.999000+00:00,0.0021876961116447102,1,0.0028506656062345925,-0.0006174798786539037,0.0029273126762452417,70847.25390625,70984.79134114583,155.73966824408978,183.36346268388147,70944.9613085106,71142.90184963032,-197.94054111972218,54.26197551234969,0.6415156658388728,-0.8317324937228489,-0.597785695684349,12,0
2026-04-13 13:00:00+00:00,71127.4453125,71608.9296875,70859.5234375,71608.9296875,1137176576.0,2026-04-13 13:59:59.999000+00:00,0.007123636567407665,1,0.0021876961116447102,0.0028506656062345925,-0.003286390447458709,70976.85677083333,71014.50325520833,346.522343748308,222.0222786134135,71047.11028989358,71177.42243021326,-130.31214031968557,67.44972274443515,2.677327860987727,25.303268593083846,1.3641278436388622,13,0
2026-04-13 14:00:00+00:00,71657.2890625,72420.1171875,71485.4453125,72420.1171875,2789216256.0,2026-04-13 14:59:59.999000+00:00,0.011328021568539182,0,0.007123636567407665,0.0021876961116447102,-0.0023086320403846727,71268.91145833333,71081.7021484375,644.3742410465999,358.6337841842633,71258.34212029456,71269.47389371599,-11.131773421424441,71.96002220988339,3.73198259083933,1.4527556360781038,3.1283305148460196,14,0
2026-04-13 15:00:00+00:00,72408.421875,72408.421875,71691.8515625,71838.046875,2246270976.0,2026-04-13 15:59:59.999000+00:00,-0.00803741191129237,1,0.011328021568539182,0.007123636567407665,0.0017187595524259525,71443.7109375,71120.50325520833,630.3335106138627,388.0586836067837,71347.52746717232,71311.59041084813,35.93705632418278,59.09260590642628,1.84905956264788,-0.19465872494900593,2.067668799666874,15,0
2026-04-13 16:00:00+00:00,71909.3828125,72436.6171875,71821.390625,72204.7265625,2313646080.0,2026-04-13 16:59:59.999000+00:00,0.005104254687464227,0,-0.00803741191129237,0.011328021568539182,-0.0006174798786539037,71686.90885416667,71174.751953125,587.0998428616382,443.3595291025873,71479.40425106889,71377.74864430382,101.6556067650672,65.53700387331475,2.323113729978448,0.02999420137635256,1.8807774163609685,16,0
2026-04-13 17:00:00+00:00,72187.40625,72560.015625,72151.6171875,72153.3984375,2198884352.0,2026-04-13 17:59:59.999000+00:00,-0.0007108693217690032,1,0.005104254687464227,-0.00803741191129237,0.0028506656062345925,71887.94010416667,71216.84635416667,479.8769154728535,486.1239375879504,71583.09566436599,71435.20418454058,147.8914798254118,66.26853152352223,1.9265705942815987,-0.04960211027608852,1.5714498217075177,17,0
2026-04-13 18:00:00+00:00,72168.9765625,72457.6875,72101.75,72457.6875,1392091136.0,2026-04-13 18:59:59.999000+00:00,0.004217251981049497,1,-0.0007108693217690032,0.005104254687464227,0.0021876961116447102,72113.81770833333,71270.8720703125,332.523179444602,547.7941620820159,71717.64825446352,71510.94368938942,206.70456507410563,69.93772907243286,2.1665353737556075,-0.3669102539504542,0.6514608653743887,18,0
2026-04-13 19:00:00+00:00,72454.0078125,73472.53125,72327.703125,73373.984375,3468292096.0,2026-04-13 19:59:59.999000+00:00,0.012645958028953075,0,0.004217251981049497,-0.0007108693217690032,0.007123636567407665,72407.99348958333,71364.87141927083,522.8250370615153,694.3703637106862,71972.46919608452,71648.94670313835,323.5224929461692,76.9731773816462,2.893431316671633,1.4914260326128534,2.382673303877579,19,0
2026-04-13 20:00:00+00:00,73379.046875,73379.046875,73046.53125,73204.078125,1933516800.0,2026-04-13 20:59:59.999000+00:00,-0.0023156197860489947,1,0.012645958028953075,0.004217251981049497,0.011328021568539182,72538.65364583333,71441.73307291667,616.1008685271242,789.3398691486702,72161.94749284074,71764.14162327626,397.8058695644868,73.11474136679351,2.232682170208984,-0.4425161588235502,0.8685524187218447,20,0
2026-04-13 21:00:00+00:00,73182.1171875,73338.9609375,73137.4140625,73229.1640625,616419328.0,2026-04-13 21:59:59.999000+00:00,0.0003426849725116643,1,-0.0023156197860489947,0.012645958028953075,-0.00803741191129237,72770.50651041667,71522.76595052083,558.8061710993896,868.3536895352962,72326.1346574037,71872.66180395949,453.47285344421107,77.13158764760273,1.965095712200358,-0.68119267026798,-0.3916367771401918,21,0
2026-04-13 22:00:00+00:00,73208.84375,74699.296875,73208.84375,74640.609375,2595000320.0,2026-04-13 22:59:59.999000+00:00,0.01927436057163434,0,0.0003426849725116643,-0.0023156197860489947,0.005104254687464227,73176.48697916667,71677.79134114583,865.9767448277977,1065.7454810706934,72682.20769088005,72077.6949573699,604.512733510157,85.05315313700702,2.78004278364624,3.209797133421488,1.3548726265791433,22,0
2026-04-13 23:00:00+00:00,74546.9921875,74856.671875,74485.984375,74532.7421875,2946129920.0,2026-04-13 23:59:59.999000+00:00,-0.0014451541647799715,0,0.01927436057163434,0.0003426849725116643,-0.0007108693217690032,73573.04427083333,71835.572265625,848.3808726639213,1194.3479656149582,72966.90530574466,72259.5503077499,707.3549979947566,83.10915857421813,2.258278156388246,0.13531004111783695,1.5214182233450224,23,0
2026-04-14 00:00:00+00:00,74442.2265625,74504.140625,74162.0234375,74162.0234375,0.0,2026-04-14 00:59:59.999000+00:00,-0.004973904610505175,1,-0.0014451541647799715,0.01927436057163434,0.004217251981049497,73857.10026041667,71960.67903645833,665.9578705480268,1274.982524633491,73150.76963370702,72400.47424328694,750.295390420084,78.56465405748595,1.7265682929061905,-1.0,-1.11221052790971,0,1
2026-04-14 01:00:00+00:00,74145.921875,74427.2734375,74074.78125,74378.9921875,2039922688.0,2026-04-14 01:59:59.999000+00:00,0.002925604506770929,0,-0.004973904610505175,-0.0014451541647799715,0.012645958028953075,74024.6015625,72092.2412109375,646.2398214810505,1355.7413564292867,73339.72694967517,72547.03112804345,792.6958216317144,78.61934347277673,1.6867162499086699,0.0,0.6435544816500782,1,1
2026-04-14 02:00:00+00:00,74404.7109375,74566.109375,74317.484375,74374.3671875,0.0,2026-04-14 02:59:59.999000+00:00,-6.218153626413869e-05,1,0.002925604506770929,-0.004973904610505175,-0.0023156197860489947,74219.64973958333,72229.46744791667,511.65302050955046,1414.3398398827244,73498.90237087899,72682.38935466987,816.5130162091227,77.98937923457243,1.5165377366172343,-1.0,-1.2112765245131,2,1
2026-04-14 03:00:00+00:00,74365.78125,74499.0078125,74291.6796875,74454.3828125,392503296.0,2026-04-14 03:59:59.999000+00:00,0.0010758494898959192,0,-6.218153626413869e-05,0.002925604506770929,0.0003426849725116643,74423.85286458333,72373.82975260417,162.96521618898214,1458.4273522557874,73645.89936189761,72813.64812932395,832.2512325736607,76.25690994079872,1.426572984028161,0.0,-0.8836377659098775,3,1
2026-04-14 04:00:00+00:00,74450.8515625,74512.1640625,74391.2421875,74397.703125,0.0,2026-04-14 04:59:59.999000+00:00,-0.0007612673070266363,0,0.0010758494898959192,-6.218153626413869e-05,0.01927436057163434,74383.36848958333,72518.19889322917,123.81827393003812,1480.9022199911428,73761.56147929798,72930.98553641107,830.575942886906,71.20064188787399,1.2691616005424515,-1.0,-1.206822998526872,4,1
2026-04-14 05:00:00+00:00,74393.7578125,74418.0859375,74192.1875,74209.84375,0.0,2026-04-14 05:59:59.999000+00:00,-0.0025250695533485246,1,-0.0007612673070266363,0.0010758494898959192,-0.0014451541647799715,74329.55208333333,72657.88248697917,115.8239396008408,1475.538216064082,73830.5279824829,73025.7157744547,804.8122080282046,77.77432162918778,1.0517933362380818,0.0,-1.13774364621316,5,1
2026-04-14 06:00:00+00:00,74312.171875,74565.7734375,74299.1484375,74565.7734375,238682112.0,2026-04-14 06:59:59.999000+00:00,0.00479625976169773,0,-0.0025250695533485246,-0.0007612673070266363,-0.004973904610505175,74396.84375,72803.75390625,116.3113025429113,1484.2292914864588,73943.64266787015,73139.79411986546,803.8485480046947,77.71822274073014,1.1871612704027243,0.0,-0.8684032435169677,6,1
2026-04-14 07:00:00+00:00,74551.2734375,74930.4296875,74511.1953125,74547.5546875,1304555520.0,2026-04-14 07:59:59.999000+00:00,-0.0002443312683568788,1,0.00479625976169773,-0.0025250695533485246,0.002925604506770929,74424.9375,72958.59733072917,130.6148162806783,1463.2070488625004,74036.55220935166,73244.07268043098,792.4795289206813,78.32713397274253,1.085941567877278,4.465661037891269,0.05328757822371446,7,1
2026-04-14 08:00:00+00:00,74547.046875,74901.6875,74510.515625,74776.1640625,905838592.0,2026-04-14 08:59:59.999000+00:00,0.0030666247331427865,0,-0.0002443312683568788,0.00479625976169773,-6.218153626413869e-05,74491.90364583333,73129.77962239583,189.31302371083785,1423.3287257489587,74150.33864829756,73357.56093095461,792.7777173429495,77.9319276620817,1.1567141239546335,-0.3056343113706652,-0.25752938854815943,8,1
2026-04-14 09:00:00+00:00,74770.9375,74845.84375,74469.1640625,74538.09375,705634304.0,2026-04-14 09:59:59.999000+00:00,-0.0031837727367375335,0,0.0030666247331427865,-0.0002443312683568788,0.0010758494898959192,74505.85546875,73285.9814453125,189.07929413100692,1359.580829849829,74209.9932793287,73445.00780643946,764.9854728892387,66.76424791186636,0.9209546627880895,-0.22101541021559834,-0.4675545417852307,9,1
2026-04-14 10:00:00+00:00,74543.0,74642.0,74381.0,74406.0,2542568.0048002196,2026-04-14 10:59:59.999000+00:00,-0.0017721643169872348,1,-0.0031837727367375335,0.0030666247331427865,-0.0007612673070266363,74507.23828125,73438.50065104167,188.15823633505963,1264.1698466007335,74240.14815943198,73516.19241336988,723.9557460620999,67.499363022549,0.7653238617895121,-0.9963967624725906,-1.0944875751581264,10,1
2026-04-14 11:00:00+00:00,74395.28125,74465.9609375,74333.2734375,74456.0,460406784.0,2026-04-14 11:59:59.999000+00:00,0.0006719888181061506,1,-0.0017721643169872348,-0.0031837727367375335,-0.0025250695533485246,74548.26432291667,73584.7001953125,127.35827195953482,1162.3192959264406,74273.35613490398,73585.8077901573,687.5483447466831,67.73344776574481,0.7496217328070941,180.07943745487984,-0.6981840824769193,11,1
2026-04-14 12:00:00+00:00,74398.828125,74457.5859375,74297.015625,74457.5859375,120107008.0,2026-04-14 12:59:59.999000+00:00,2.1300331739526612e-05,1,0.0006719888181061506,-0.0017721643169872348,0.00479625976169773,74530.23307291667,73724.49869791667,131.95900258149922,1046.814179312037,74301.69918145721,73650.38394921971,651.3152322374954,45.53436293141901,0.7003031235831284,-0.7391285007650974,-1.009461768025353,12,1
2026-04-14 13:00:00+00:00,74455.375,75495.4765625,74455.375,75490.3984375,1937948672.0,2026-04-14 13:59:59.999000+00:00,0.013871152106206486,0,2.1300331739526612e-05,0.0006719888181061506,-0.0002443312683568788,74687.37369791667,73886.2265625,414.85523370753793,1004.7471301654901,74484.57599007917,73786.68131872195,697.8946713572223,66.0994599365373,1.5965926419076009,15.135183985267538,0.5916176038552574,13,1
2026-04-14 14:00:00+00:00,75532.8046875,76009.03125,75180.125,75180.125,3226267648.0,2026-04-14 14:59:59.999000+00:00,-0.004110104648035184,1,0.013871152106206486,2.1300331739526612e-05,0.0030666247331427865,74754.70052083333,74001.22688802083,462.22224849746675,987.446882852523,74591.583530067,73889.899369187,701.6841608800023,67.47068712646698,1.193885091392042,0.6647848803293794,1.6822539410953452,14,1
2026-04-14 15:00:00+00:00,75090.1796875,75423.8984375,74743.2890625,75407.8125,628097024.0,2026-04-14 15:59:59.999000+00:00,0.003028559742352055,0,-0.004110104648035184,0.013871152106206486,-0.0031837727367375335,74899.65364583333,74149.96712239583,514.1624934797674,913.5299073621661,74717.157217749,74002.33737887685,714.8198388721503,67.58991373944451,1.3769066206449907,-0.8053177564516805,-0.525495645124245,15,1
2026-04-14 16:00:00+00:00,75390.9609375,75666.0390625,74566.21875,74566.21875,0.0,2026-04-14 16:59:59.999000+00:00,-0.01116056443090696,1,0.003028559742352055,-0.004110104648035184,-0.0017721643169872348,74926.35677083333,74248.36263020833,486.8309593509597,816.9746115600209,74693.93591501839,74044.10636933042,649.8295456879714,52.5502478902844,0.38906486847213306,-1.0,-0.9910988716369983,16,1
2026-04-14 17:00:00+00:00,74653.4140625,74947.6328125,74332.015625,74766.5,0.0,2026-04-14 17:59:59.999000+00:00,0.0026859515388797384,0,-0.01116056443090696,0.003028559742352055,0.0006719888181061506,74978.10677083333,74357.24186197917,441.1966081522652,689.8762252265552,74705.09962040017,74097.61700863928,607.48261176089,54.020372058761374,0.5932341528169466,0.0,-0.9117634460653647,17,1
2026-04-14 18:00:00+00:00,74806.2109375,74809.5546875,73946.8515625,74097.0625,653688832.0,2026-04-14 18:59:59.999000+00:00,-0.00895370921468841,1,0.0026859515388797384,-0.01116056443090696,2.1300331739526612e-05,74918.01953125,74425.54915364583,539.7974520679279,563.1347433579034,74611.55544803091,74097.57593392525,513.9795141056529,46.655425959081505,-0.5833180380366924,0.0,-0.31059671291333824,18,1
2026-04-14 19:00:00+00:00,74132.796875,74403.9296875,73960.7578125,74265.8984375,0.0,2026-04-14 19:59:59.999000+00:00,0.0022785780138045997,0,-0.00895370921468841,0.0026859515388797384,0.013871152106206486,74713.93619791667,74462.71223958333,510.81321698297427,518.3724776975977,74558.37744641077,74110.04426752338,448.3331788873911,50.62624922537116,-0.3796764113663911,-1.0,-0.8399041230984811,19,1
2026-04-14 20:00:00+00:00,74329.203125,74423.1484375,74052.28125,74052.28125,0.0,2026-04-14 20:59:59.999000+00:00,-0.0028763832659989275,1,0.0022785780138045997,-0.00895370921468841,-0.004110104648035184,74525.96223958333,74498.05403645833,512.4647753882072,453.71161736595866,74480.51649311681,74105.7655254846,374.7509676322079,44.07479459612468,-0.9825024738098632,0.0,-0.7703824813615074,20,1
2026-04-14 21:00:00+00:00,74157.2109375,74343.96875,73989.09375,74315.2890625,0.0,2026-04-14 21:59:59.999000+00:00,0.0035516503753894035,0,-0.0028763832659989275,0.0022785780138045997,0.003028559742352055,74343.875,74543.30924479167,276.0034271162761,367.6491585145545,74455.09688840654,74121.28578748574,333.81110092079325,47.46318936741005,-0.6202113537073272,0.0,-0.7363127620996344,21,1
2026-04-14 22:00:00+00:00,74272.21875,74413.2109375,73905.1796875,74067.359375,0.0,2026-04-14 22:59:59.999000+00:00,-0.003336186814687503,1,0.0035516503753894035,-0.0028763832659989275,-0.01116056443090696,74260.73177083333,74519.423828125,270.71639302682854,379.4838848907203,74395.44496326707,74117.29123841273,278.15372485434636,42.290953275157406,-1.1912612659564732,0.0,-0.6754941761557446,22,1
2026-04-14 23:00:00+00:00,74067.3203125,74269.2578125,74046.1796875,74186.5390625,73728.0,2026-04-14 23:59:59.999000+00:00,0.0016090716410801509,1,-0.003336186814687503,0.0035516503753894035,0.0026859515388797384,74164.07161458333,74504.99869791667,109.61821816215377,385.48813199135856,74363.3055939183,74122.42070686363,240.88488705466443,46.074940643061126,-0.8261204664630516,0.0,-0.6307053194372989,23,1
2026-04-15 00:00:00+00:00,74170.09375,74718.8203125,74154.828125,74597.890625,1786605568.0,2026-04-15 00:59:59.999000+00:00,0.005544827507769856,1,0.0016090716410801509,-0.003336186814687503,-0.00895370921468841,74247.54296875,74523.15983072917,200.98988995879765,378.8372563757513,74399.3955987001,74157.64070079966,241.75489790043503,52.01667728565517,0.1972635822193434,24231.38888888889,1.3738712476775494,0,2
2026-04-15 01:00:00+00:00,74591.34375,74799.609375,74531.2578125,74649.0,0.0,2026-04-15 01:59:59.999000+00:00,0.0006851316380636074,0,0.005544827507769856,0.0016090716410801509,0.0022785780138045997,74311.39322916667,74534.41015625,260.13626025739666,378.3786980333918,74437.79627582316,74194.0376859256,243.75858989755216,52.02786342129717,0.30284433120991255,-1.0,-0.6322520488380518,1,2
2026-04-15 02:00:00+00:00,74640.8984375,74738.0078125,74220.0,74360.390625,0.0,2026-04-15 02:59:59.999000+00:00,-0.003866218904472918,1,0.0006851316380636074,0.005544827507769856,-0.0028763832659989275,74362.74479166667,74533.82779947917,227.06571679893491,378.64638809210754,74425.88771415806,74206.36012585704,219.5275883010181,49.03685513576619,-0.4580452367526139,0.0,-0.6322520488380518,2,2
2026-04-15 03:00:00+00:00,74356.328125,74405.109375,74220.0,74376.75,0.0,2026-04-15 03:59:59.999000+00:00,0.00022000119771425908,0,-0.003866218904472918,0.0006851316380636074,0.0035516503753894035,74372.98828125,74530.59309895833,225.87993442699175,379.68475574759873,74418.32806582605,74218.98159801577,199.3464678102755,36.18053037632793,-0.4051863990573223,0.0,-0.6073471665905541,3,2
2026-04-15 04:00:00+00:00,74377.3125,74470.0078125,74295.9609375,74354.171875,0.0,2026-04-15 04:59:59.999000+00:00,-0.0003035642858822962,0,0.00022000119771425908,-0.003866218904472918,-0.003336186814687503,74420.79036458333,74528.779296875,172.24605520369943,380.4503945380691,74408.45788262204,74228.9956926072,179.46219001483405,38.96250328863573,-0.4589492464241044,0.0,-0.6073471665905541,4,2
2026-04-15 05:00:00+00:00,74365.7265625,74463.9765625,73912.578125,74054.953125,0.0,2026-04-15 05:59:59.999000+00:00,-0.004024236198918785,0,-0.0003035642858822962,0.00022000119771425908,0.0016090716410801509,74398.859375,74522.32552083333,211.8588781145645,387.34712501301203,74354.07253529558,74216.10365056223,137.96888473334548,32.260417392302045,-1.2065983342915692,0.0,-0.6073471665905541,5,2
2026-04-15 06:00:00+00:00,74050.0078125,74076.7890625,73902.921875,73942.46875,0.0,2026-04-15 06:59:59.999000+00:00,-0.001518931148469349,0,-0.004024236198918785,-0.0003035642858822962,0.005544827507769856,74289.62239583333,74496.3544921875,253.5758583093363,404.80954084222986,74290.74887601934,74195.83439866874,94.91447735059774,39.887321660181584,-1.3682625687010943,0.0,-0.5918367524200069,6,2
2026-04-15 07:00:00+00:00,73946.921875,74048.46875,73545.0,73771.34375,68005888.0,2026-04-15 07:59:59.999000+00:00,-0.0023142992503885074,1,-0.001518931148469349,-0.004024236198918785,0.0006851316380636074,74143.34635416667,74464.01236979167,257.90850693340974,430.7194379553878,74210.84039509328,74164.3906469155,46.44974817777984,33.71183059690043,-1.6081666132360979,0.0,-0.4551983616728328,7,2
2026-04-15 08:00:00+00:00,73759.7890625,74219.0078125,73706.0,74139.9921875,0.0,2026-04-15 08:59:59.999000+00:00,0.004997176664550018,0,-0.0023142992503885074,-0.001518931148469349,-0.003866218904472918,74106.61328125,74437.50520833333,235.53815521066488,430.24915309597174,74199.94067084817,74162.58335362546,37.357317222704296,50.7793906144066,-0.6914900789286736,-1.0,-0.49352011209774654,8,2
2026-04-15 09:00:00+00:00,74167.3515625,74213.4296875,73936.9921875,74038.53125,0.0,2026-04-15 09:59:59.999000+00:00,-0.0013685048312847004,0,0.004997176664550018,-0.0023142992503885074,0.00022000119771425908,74050.24348958333,74416.69010416667,194.92927357745097,437.19925788818284,74175.10845225614,74153.39430891247,21.71414334367728,45.76862123613312,-0.8649576762625444,0.0,-0.4565203310316153,9,2
2026-04-15 10:00:00+00:00,74033.0,74255.7890625,73822.03125,73890.8984375,151773184.0,2026-04-15 10:59:59.999000+00:00,-0.001993999745909303,1,-0.0013685048312847004,0.004997176664550018,-0.0003035642858822962,73973.03125,74395.2275390625,132.08717651604906,450.1970869298037,74131.38383460135,74133.95017028932,-2.5663356879667845,46.920992460850975,-1.1202407039144986,0.0,-0.27781738275416445,10,2
2026-04-15 11:00:00+00:00,73911.59375,74281.6171875,73894.0,74232.65625,0.0,2026-04-15 11:59:59.999000+00:00,0.004625167912785333,1,-0.001993999745909303,-0.0013685048312847004,-0.004024236198918785,74002.6484375,74385.92154947917,168.91772627458633,451.1935037619095,74146.96420620114,74141.26173174937,5.702474451769376,48.46944829522268,-0.3396886218469319,-1.0,-0.4399859155612287,11,2
2026-04-15 12:00:00+00:00,74244.953125,74494.203125,74075.7578125,74302.4765625,301113344.0,2026-04-15 12:59:59.999000+00:00,0.000940560610748653,0,0.004625167912785333,-0.001993999745909303,-0.001518931148469349,74062.64973958333,74379.45865885417,203.63711031736003,451.23324329556294,74170.88918409328,74153.20357106424,17.685613029039814,54.66255178461319,-0.17060377863992474,0.0,-0.0785066384182939,12,2
2026-04-15 13:00:00+00:00,74287.75,74470.0,73830.40625,74071.3671875,0.0,2026-04-15 13:59:59.999000+00:00,-0.003110385894144474,1,0.000940560610748653,0.004625167912785333,-0.0023142992503885074,74112.65364583333,74320.33235677083,146.66617468349006,387.8533008897903,74155.57810769431,74147.14161672615,8.436490968160797,47.81313601813338,-0.6419055057663998,-1.0,-0.38360166698916315,13,2
2026-04-15 14:00:00+00:00,74086.03125,74533.9921875,73843.921875,74163.1796875,0.0,2026-04-15 14:59:59.999000+00:00,0.001239514045523027,0,-0.003110385894144474,0.000940560610748653,0.004997176664550018,74116.51822916667,74277.95963541667,147.8314641620206,342.76732132073096,74156.74758151057,74148.32962196866,8.417959541911841,40.605827314566255,-0.33486257521402024,0.0,-0.3782703854871921,14,2
2026-04-15 15:00:00+00:00,74164.8125,74311.3828125,73629.4375,73872.0078125,0.0,2026-04-15 15:59:59.999000+00:00,-0.00392609750858719,1,0.001239514045523027,-0.003110385894144474,-0.0013685048312847004,74088.76432291667,74213.9677734375,177.96202294177354,254.71274752893456,74112.94146320125,74127.8613397858,-14.919876584550366,34.78746348104073,-1.3425317902420821,0.0,-0.32223398682864385,15,2
2026-04-15 16:00:00+00:00,73856.046875,74206.078125,73779.65625,73956.71875,0.0,2026-04-15 16:59:59.999000+00:00,0.0011467258032975547,1,-0.00392609750858719,0.001239514045523027,-0.001993999745909303,74099.734375,74188.57194010417,164.87296958963776,248.37077608402447,74088.90719963182,74115.18411091277,-26.276911280947388,41.41083694054909,-0.9334962581335857,0.0,-0.32223398682864385,16,2
2026-04-15 17:00:00+00:00,73993.96875,74253.6015625,73929.671875,74154.7109375,0.0,2026-04-15 17:59:59.999000+00:00,0.002677135909304962,1,0.0011467258032975547,-0.00392609750858719,0.004625167912785333,74086.74348958333,74163.08072916667,155.08520203675,215.7268257018417,74099.03085161155,74118.11202399331,-19.081172381760553,45.61451695032944,-0.03879810329309482,0.0,-0.32223398682864385,17,2
2026-04-15 18:00:00+00:00,74139.421875,74430.1328125,74086.2265625,74410.0,0.0,2026-04-15 18:59:59.999000+00:00,0.003442654677936252,1,0.002677135909304962,0.0011467258032975547,0.000940560610748653,74104.6640625,74176.11979166667,187.76806471207766,220.95698623661403,74146.87225905592,74139.73335554935,7.138903506565839,51.009829801425575,1.0584875016482869,0.0,-0.26238549537364125,18,2
2026-04-15 19:00:00+00:00,74414.40625,75303.75,74395.0078125,75065.578125,160878592.0,2026-04-15 19:59:59.999000+00:00,0.0088103497513774,0,0.003442654677936252,0.002677135909304962,-0.003110385894144474,74270.36588541667,74209.43977864583,432.15479160744593,285.85009520417634,74288.21162304732,74208.31444958273,79.89717346458929,66.19283189296908,2.9950605604754164,0.0,0.15850897244252224,19,2
2026-04-15 20:00:00+00:00,75053.0,75060.7578125,74545.0,74872.140625,200192000.0,2026-04-15 20:59:59.999000+00:00,-0.0025769134779444203,0,0.0088103497513774,0.003442654677936252,0.001239514045523027,74388.52604166667,74243.6005859375,490.03302757524256,313.8680780662176,74378.04685411695,74257.4867588729,120.56009524405818,64.51910453442915,2.002561212771358,0.24436693230134687,0.2432237657544986,20,2
2026-04-15 21:00:00+00:00,74851.2734375,74888.8671875,74572.078125,74765.3671875,0.0,2026-04-15 21:59:59.999000+00:00,-0.0014260769975147358,1,-0.0025769134779444203,0.0088103497513774,-0.00392609750858719,74537.41927083333,74262.35384114583,434.24989270096296,331.2993942670341,74437.63459771435,74295.1075313638,142.52706635055074,65.84254945076837,1.5183044553010334,-1.0,-0.30387998826299567,21,2
2026-04-15 22:00:00+00:00,74784.7109375,75400.0,74763.890625,74984.3828125,0.0,2026-04-15 22:59:59.999000+00:00,0.0029293726927166475,0,-0.0014260769975147358,-0.0025769134779444203,0.0011467258032975547,74708.69661458333,74300.56315104167,354.7992639069222,359.51221783082445,74521.74970768137,74346.1649595961,175.58474808526807,64.13176502583627,1.9020762787542127,0.0,-0.30387998826299567,22,2
2026-04-15 23:00:00+00:00,74980.9765625,74980.9765625,74639.78125,74836.359375,0.0,2026-04-15 23:59:59.999000+00:00,-0.001974056889554432,0,0.0029293726927166475,-0.0014260769975147358,0.002677135909304962,74822.3046875,74327.63899739583,228.63484989693475,374.7004290736312,74570.15119496116,74382.47565703343,187.67553792773106,63.147581675112264,1.3576722579738612,0.0,-0.3038707841450696,23,2
2026-04-16 00:00:00+00:00,74845.609375,74899.1484375,74508.46875,74820.2421875,0.0,2026-04-16 00:59:59.999000+00:00,-0.00021536573444513873,0,-0.001974056889554432,0.0029293726927166475,0.003442654677936252,74890.67838541667,74336.90364583333,112.5422552713693,384.2989901006804,74608.62673227483,74414.90280743835,193.72392483647855,66.00876366631317,1.2577148369295592,0.0,-0.4522273925662596,0,3
2026-04-16 01:00:00+00:00,74835.3203125,74835.3203125,74488.109375,74681.8671875,0.0,2026-04-16 01:59:59.999000+00:00,-0.0018494326662726879,1,-0.00021536573444513873,-0.001974056889554432,0.0088103497513774,74826.7265625,74338.27311197917,101.78603013265746,385.51614850966934,74619.89449461717,74434.67794670218,185.2165479149844,58.32110471460285,0.8912572841607195,0.0,-0.4522273925662596,1,3
2026-04-16 02:00:00+00:00,74681.4609375,75288.3515625,74614.3828125,74902.71875,382001152.0,2026-04-16 02:59:59.999000+00:00,0.002957231397890947,1,-0.0018494326662726879,-0.00021536573444513873,-0.0025769134779444203,74831.82291666667,74360.8701171875,105.2221632398332,402.3937515696748,74663.40591852221,74469.34763583535,194.0582826868631,60.52961217872287,1.3465632373734275,0.0,3.0760443385780256,2,3
2026-04-16 03:00:00+00:00,74887.921875,75177.0,74879.1484375,74904.25,2016497664.0,2026-04-16 03:59:59.999000+00:00,2.0443183178953106e-05,1,0.002957231397890947,-0.0018494326662726879,-0.0014260769975147358,74854.97005208333,74382.84928385417,102.9301679561663,417.42441835535607,74700.45885413418,74501.56262577347,198.89622836071067,65.89058778286883,1.2490901183982885,4.27877377710107,4.537171109503741,3,3
2026-04-16 04:00:00+00:00,74902.2578125,75186.453125,74749.5625,74964.6484375,0.0,2026-04-16 04:59:59.999000+00:00,0.0008063419298638408,1,2.0443183178953106e-05,0.002957231397890947,0.0029293726927166475,74851.68098958333,74408.28580729167,98.1731892663175,433.87695089530223,74741.10340542124,74535.86527849395,205.23812692728825,65.47675800932939,1.2823051076123724,-1.0,-0.3299092887167404,4,3
2026-04-16 05:00:00+00:00,74949.96875,75158.6328125,74914.5625,75058.0234375,217673728.0,2026-04-16 05:59:59.999000+00:00,0.001245587112675528,0,0.0008063419298638408,2.0443183178953106e-05,-0.001974056889554432,74888.625,74450.08040364583,128.3301756862598,446.4898791796488,74789.86033343336,74574.54366064255,215.31667279081012,74.79680374246998,1.3616054074308832,0.0,0.1738944346499823,5,3
2026-04-16 06:00:00+00:00,75076.8515625,75130.4375,74877.2421875,75048.65625,98119680.0,2026-04-16 06:59:59.999000+00:00,-0.0001247992828881106,0,0.001245587112675528,0.0008063419298638408,-0.00021536573444513873,74926.69401041667,74496.17154947917,137.53651483499766,448.90019634306117,74829.67508982823,74609.66311170606,220.01197812217288,73.57250796049436,1.2307517462046405,-0.5492350827013905,-0.12537597159482416,6,3
2026-04-16 07:00:00+00:00,75028.921875,75100.0,74662.34375,74721.5390625,0.0,2026-04-16 07:59:59.999000+00:00,-0.004358734770817385,0,-0.0001247992828881106,0.001245587112675528,-0.0018494326662726879,74933.30598958333,74535.76302083333,123.66691909237149,423.3693746959148,74813.03877793158,74617.95021917227,195.0885587593075,61.59039208669869,0.4388036848440094,-1.0,-0.3556364217930863,7,3
2026-04-16 08:00:00+00:00,74721.546875,74765.15625,74535.4296875,74697.7109375,804335616.0,2026-04-16 08:59:59.999000+00:00,-0.00031889232072790374,0,-0.004358734770817385,-0.0001247992828881106,0.002957231397890947,74899.13802083333,74559.00130208333,157.50065599791856,415.94259537690317,74795.2960332498,74623.85842052988,171.43761271992116,56.49815608843718,0.3334826414952305,0.0,1.4404335123162,8,3
2026-04-16 09:00:00+00:00,74679.25,74927.828125,74611.796875,74612.671875,0.0,2026-04-16 09:59:59.999000+00:00,-0.0011384426836205108,0,-0.00031889232072790374,-0.004358734770817385,2.0443183178953106e-05,74850.54166666667,74582.923828125,195.90782003116294,400.9470387965068,74767.20000890369,74623.02978752767,144.17022137601452,36.21919214970333,0.07419445461997307,-1.0,-0.4168462178200322,9,3
2026-04-16 10:00:00+00:00,74611.8828125,74670.84375,74290.78125,74323.9921875,0.0,2026-04-16 10:59:59.999000+00:00,-0.0038690436925195026,1,-0.0011384426836205108,-0.00031889232072790374,0.0008063419298638408,74743.765625,74600.96940104167,278.4696142000671,377.5076832247034,74699.0141902262,74600.87885419228,98.13533603391261,34.23494677050425,-0.7336995400350745,0.0,-0.40081532938124875,10,3
2026-04-16 11:00:00+00:00,74327.9921875,74601.65625,74300.0078125,74593.328125,396546048.0,2026-04-16 11:59:59.999000+00:00,0.003623808807531992,1,-0.0038690436925195026,-0.0011384426836205108,0.001245587112675528,74666.31640625,74615.99739583333,234.7806678339846,369.297853592532,74682.75479557601,74600.31954091878,82.4352546572336,45.47516797830152,-0.06138478903357185,0.0,0.47289266924946294,11,3
2026-04-16 12:00:00+00:00,74593.328125,74868.453125,74593.328125,74637.640625,0.0,2026-04-16 12:59:59.999000+00:00,0.0005940544699352124,0,0.003623808807531992,-0.0038690436925195026,-0.0001247992828881106,74597.81380208333,74629.96256510417,142.89346632285978,363.2135137385961,74675.81415394893,74603.08406566553,72.73008828339516,39.95737035746449,0.02113924621580673,-1.0,-0.40841856124477643,12,3
2026-04-16 13:00:00+00:00,74628.7890625,75026.2734375,73328.0,73792.1796875,937250816.0,2026-04-16 13:59:59.999000+00:00,-0.01132754104256628,1,0.0005940544699352124,0.003623808807531992,-0.004358734770817385,74442.92057291667,74618.32975260417,344.0580257614408,385.65905866619244,74539.87038987987,74543.01707469032,-3.146684810446459,28.45976566906799,-2.1421772587461674,0.0,1.5623019849645066,13,3
2026-04-16 14:00:00+00:00,73766.3203125,74198.890625,73424.0234375,73973.203125,372477952.0,2026-04-16 14:59:59.999000+00:00,0.002453152058478514,1,-0.01132754104256628,0.0005940544699352124,-0.00031889232072790374,74322.16927083333,74610.4140625,363.34851443715013,397.1846524632138,74452.69081066758,74500.80863397251,-48.117823304928606,33.63965317953965,-1.6043191335521625,-0.6025845529912027,0.3040835973098308,14,3
2026-04-16 15:00:00+00:00,73969.7421875,74884.0078125,73941.9921875,74719.9921875,1685315584.0,2026-04-16 15:59:59.999000+00:00,0.010095399833343288,0,0.002453152058478514,-0.01132754104256628,-0.0011384426836205108,74340.05598958333,74645.74674479167,382.638841852235,365.05996651134956,74493.81409941103,74517.04445275232,-23.230353341292357,50.596241722258874,0.20337875833892682,3.5246049462814915,2.5434469531055037,15,3
2026-04-16 16:00:00+00:00,74746.0234375,74956.4296875,74079.96875,74186.03125,538931200.0,2026-04-16 16:59:59.999000+00:00,-0.0071461589043009255,1,0.010095399833343288,0.002453152058478514,-0.0038690436925195026,74317.0625,74655.30143229167,387.9061195075848,348.8845373784515,74446.46289180934,74492.52495625215,-46.0620644428127,39.79141257222217,-1.3450586999865575,-0.6802194169943663,0.39424077384708023,16,3
2026-04-16 17:00:00+00:00,74167.890625,74459.40625,73917.140625,74346.0,130420736.0,2026-04-16 17:59:59.999000+00:00,0.0021563190172677604,1,-0.0071461589043009255,0.010095399833343288,0.003623808807531992,74275.84114583333,74663.27180989583,365.15072802086405,338.9960597554253,74431.00706230021,74481.67125578903,-50.664193488817546,42.39162840617733,-0.935915922222606,-0.758001140034201,-0.37201005614710203,17,3
2026-04-16 18:00:00+00:00,74354.03125,75092.3125,74250.09375,75054.4375,0.0,2026-04-16 18:59:59.999000+00:00,0.009528925564253665,1,0.0021563190172677604,-0.0071461589043009255,0.0005940544699352124,74345.30729166667,74690.12337239583,471.81255133059915,343.5543998314549,74526.91943733094,74524.09838498985,2.8210523410962196,51.04002084928249,1.0604263190426355,-1.0,-0.6140675084048988,18,3
2026-04-16 19:00:00+00:00,75102.0,75429.609375,74770.8203125,75371.9765625,964886528.0,2026-04-16 19:59:59.999000+00:00,0.004230783323104559,0,0.009528925564253665,0.0021563190172677604,-0.01132754104256628,74608.60677083333,74702.88997395833,537.6198226945648,363.24187801046315,74656.9282258185,74586.90417591653,70.02404990197101,53.45697916487449,1.8419863706419846,0.0,1.0867463245304307,19,3
2026-04-16 20:00:00+00:00,75384.9375,75539.90625,75020.96875,75245.9921875,128495616.0,2026-04-16 20:59:59.999000+00:00,-0.0016715015413657497,0,0.004230783323104559,0.009528925564253665,0.002453152058478514,74820.73828125,74718.46712239583,485.32444379845947,378.5106922173909,74747.55345069258,74635.72551010789,111.82794058468426,52.11848556672152,1.3936860330518666,-0.8668282619031448,-0.42057670368398525,20,3
2026-04-16 21:00:00+00:00,75252.2109375,75300.0,74827.8125,74956.9765625,121356288.0,2026-04-16 21:59:59.999000+00:00,-0.003840943771195482,0,-0.0016715015413657497,0.004230783323104559,0.010095399833343288,74860.23567708333,74726.45084635417,485.12882968294775,381.55148352715247,74779.77239097064,74659.52188435916,120.2505066114827,52.54836963874983,0.6041798449184211,-0.05556086831787321,-0.4449302852857087,21,3
2026-04-16 22:00:00+00:00,74966.2578125,75139.453125,74853.75,74888.609375,0.0,2026-04-16 22:59:59.999000+00:00,-0.0009120857141695637,1,-0.003840943771195482,-0.0016715015413657497,-0.0071461589043009255,74977.33203125,74722.46028645833,357.9759844535622,379.2303186257449,74796.51654235978,74676.49132811034,120.0252142494428,52.04654754506426,0.43812184939158527,-1.0,-0.6652525384561514,22,3
2026-04-16 23:00:00+00:00,74866.40625,75198.4609375,74847.96875,75163.09375,0.0,2026-04-16 23:59:59.999000+00:00,0.0036652353046848773,0,-0.0009120857141695637,-0.003840943771195482,0.0021563190172677604,75113.51432291667,74736.07421875,181.87226853835773,389.2298025900301,74852.9130358429,74712.53595195402,140.37708388887404,55.67052460441382,1.0970884768034406,0.0,-0.6652525384561514,23,3
2026-04-17 00:00:00+00:00,75156.7421875,75179.8515625,74905.90625,74955.9921875,0.0,2026-04-17 00:59:59.999000+00:00,-0.0027553624015110856,0,0.0036652353046848773,-0.0009120857141695637,0.009528925564253665,75097.10677083333,74741.73046875,192.403490542436,391.4859169123675,74868.77136686706,74730.56974717964,138.2016196874174,56.622265008480845,0.5473037713332651,0.0,-0.6652525384561514,0,4
2026-04-17 01:00:00+00:00,74960.6171875,75061.3515625,74594.4765625,74763.890625,51539968.0,2026-04-17 01:59:59.999000+00:00,-0.0025628579769775284,0,-0.0027553624015110856,0.0036652353046848773,0.004230783323104559,74995.75911458333,74745.14811197917,178.29583773811203,391.2985775079278,74852.63586811829,74733.03796035152,119.59790776677255,51.816602374430445,0.04789823960054839,0.0,-0.5770388563775886,1,4
2026-04-17 02:00:00+00:00,74759.859375,74830.8984375,74562.671875,74728.546875,0.0,2026-04-17 02:59:59.999000+00:00,-0.0004727382390689039,0,-0.0025628579769775284,-0.0027553624015110856,-0.0016715015413657497,74909.51822916667,74737.89095052083,156.91263624765185,389.86164586930397,74833.5452537924,74732.70528736252,100.83996642987768,50.97006439306782,-0.023967670633496894,-1.0,-0.635968952053787,2,4
2026-04-17 03:00:00+00:00,74724.9921875,74860.109375,74629.7578125,74633.1484375,0.0,2026-04-17 03:59:59.999000+00:00,-0.0012765996595595075,1,-0.0004727382390689039,-0.0025628579769775284,-0.003840943771195482,74855.546875,74726.59505208333,189.60928405045073,388.75787100278103,74802.7149743628,74725.33070589122,77.38426847157825,60.68435282860806,-0.24037227681664097,0.0,-0.6242790962866537,3,4
2026-04-17 04:00:00+00:00,74641.109375,74867.9375,74603.9921875,74810.0078125,0.0,2026-04-17 04:59:59.999000+00:00,0.0023697161208213746,0,-0.0012765996595595075,-0.0004727382390689039,-0.0009120857141695637,74842.44661458333,74720.15169270833,189.58342720811063,385.9118823335535,74803.83694946083,74731.60308415853,72.23386530230346,60.642709945887724,0.23284102901502934,0.0,-0.6242790962866537,4,4
2026-04-17 05:00:00+00:00,74810.0,74823.109375,74575.0,74656.5625,0.0,2026-04-17 05:59:59.999000+00:00,-0.0020511334911845758,1,0.0023697161208213746,-0.0012765996595595075,0.0036652353046848773,74758.02473958333,74703.42415364583,117.2052729977769,379.27358356008136,74781.17934185147,74726.044522369,55.13481948246772,49.04988707242578,-0.12355633420592566,0.0,-0.5984718391302668,5,4
2026-04-17 06:00:00+00:00,74645.0234375,74960.90625,74614.46875,74921.2421875,0.0,2026-04-17 06:59:59.999000+00:00,0.003545297005872694,1,-0.0020511334911845758,0.0023697161208213746,-0.0027553624015110856,74752.23307291667,74698.115234375,105.76667201491114,375.0998384104061,74802.72747195125,74740.503608675,62.22386327624554,61.979088434993145,0.594846838832469,0.0,-0.5862805004339722,6,4
2026-04-17 07:00:00+00:00,74960.0,75113.0,74960.0,75095.0,1791721.9088363,2026-04-17 07:59:59.999000+00:00,0.0023192062414707504,1,0.003545297005872694,-0.0020511334911845758,-0.0025628579769775284,74807.41796875,74713.67610677083,176.07610624853166,383.7602798682542,74847.69247626644,74766.762600625,80.9298756414355,62.14916793811873,0.9936512798043635,0.0,-0.5824010035587479,7,4
2026-04-17 08:00:00+00:00,75095.40625,75890.671875,75015.359375,75787.4921875,619696128.0,2026-04-17 08:59:59.999000+00:00,0.009221548538517865,1,0.0023192062414707504,0.003545297005872694,-0.0004727382390689039,74983.90885416667,74759.08365885417,429.52173518370097,441.86347955780167,74992.27704722545,74842.37219965279,149.9048475726595,61.952354141561855,2.3274350024922095,344.86624461297373,0.8704854280496291,8,4
2026-04-17 09:00:00+00:00,75803.578125,76386.671875,75550.1015625,75811.4375,2566205440.0,2026-04-17 09:59:59.999000+00:00,0.0003159533560070926,0,0.009221548538517865,0.0023192062414707504,-0.0012765996595595075,75180.29036458333,74809.0322265625,500.56392377980035,489.7529219823729,75118.30173226769,74914.15481449332,204.1469177743711,57.9239930016538,2.046757106379405,3.141070637769097,3.489827383052992,9,4
2026-04-17 10:00:00+00:00,75811.453125,75909.7890625,75124.2265625,75303.2421875,1024786432.0,2026-04-17 10:59:59.999000+00:00,-0.006703412166534917,1,0.0003159533560070926,0.009221548538517865,0.0023697161208213746,75262.49609375,74849.83430989583,466.965202104666,488.3760343561324,75146.75410999573,74942.97610138271,203.7780086130224,50.907236099280944,0.9283991140186427,-0.6006607982251024,0.9753016194921036,10,4
2026-04-17 11:00:00+00:00,75292.5078125,75631.84375,75273.75,75622.578125,0.0,2026-04-17 11:59:59.999000+00:00,0.004240666513466662,1,-0.006703412166534917,0.0003159533560070926,-0.0020511334911845758,75423.49869791667,74892.7197265625,373.43139069624146,509.6014741829496,75219.95780461177,74993.31699202102,226.64081259074737,60.447338410035684,1.4322140641521712,-1.0,-0.5876519563029501,11,4
2026-04-17 12:00:00+00:00,75661.359375,76297.9609375,75567.9921875,76296.0234375,779100160.0,2026-04-17 12:59:59.999000+00:00,0.00890534717537439,1,0.004240666513466662,-0.006703412166534917,0.003545297005872694,75652.62890625,74961.81901041667,422.2058555941776,580.9496397254923,75385.50636351765,75089.8137657602,295.69259775744285,68.56459773905337,2.2965922273637362,0.0,0.5644116101272021,12,4
2026-04-17 13:00:00+00:00,76270.21875,77456.0625,76101.84375,77385.9921875,5033406464.0,2026-04-17 13:59:59.999000+00:00,0.014286049270875623,1,0.00890534717537439,0.004240666513466662,0.0023192062414707504,76034.4609375,75111.56119791667,736.2218401621428,714.2332839942419,75693.2734133611,75259.90105625945,433.3723571016453,74.13009666252245,3.1844371307703785,5.460538352347405,3.89416622478211,13,4
2026-04-17 14:00:00+00:00,77434.4609375,78146.25,77065.0703125,77979.0,3173928960.0,2026-04-17 14:59:59.999000+00:00,0.0076629864880868315,0,0.014286049270875623,0.00890534717537439,0.009221548538517865,76399.71223958333,75278.46940104167,1061.1220956825325,884.4235915636592,76044.92365745938,75461.31579283283,583.6078646265523,80.27866592172126,3.0534357345486405,-0.3694272491799303,1.96694046449017,14,4
2026-04-17 15:00:00+00:00,77977.5078125,78060.09375,77497.0,77838.4375,1281085440.0,2026-04-17 15:59:59.999000+00:00,-0.0018025686402749486,1,0.0076629864880868315,0.014286049270875623,0.0003159533560070926,76737.54557291667,75408.40462239583,1154.9004761268702,1017.8207974566265,76320.84886400409,75637.39888225262,683.4499817514734,81.11613976494996,2.387485973637442,-0.5963723649315704,0.47912520433976924,15,4
2026-04-17 16:00:00+00:00,77836.21875,78340.0390625,77785.25,77907.2734375,778620928.0,2026-04-17 16:59:59.999000+00:00,0.0008843437729593173,0,-0.0018025686402749486,0.0076629864880868315,-0.006703412166534917,77171.55078125,75563.45638020833,984.8704990395239,1103.3589938289138,76564.91418300346,75805.53773819687,759.3764448065922,81.95387512702953,2.1242560856445083,-0.3922177993061884,0.06793794188711028,16,4
2026-04-17 17:00:00+00:00,77898.7578125,77974.0625,77156.0,77568.0078125,973885440.0,2026-04-17 17:59:59.999000+00:00,-0.004354736214355781,0,0.0008843437729593173,-0.0018025686402749486,0.004240666513466662,77495.7890625,75697.70670572917,628.797043415585,1144.0525870094261,76719.23627984908,75936.09107703414,783.145202814936,78.12354951053936,1.6348034417367379,0.2507825117179485,0.19719133901764432,17,4
2026-04-17 18:00:00+00:00,77557.5,77613.7421875,77124.0,77199.953125,126701568.0,2026-04-17 18:59:59.999000+00:00,-0.00474492897109946,1,-0.004354736214355781,0.0008843437729593173,0.00890534717537439,77646.44401041667,75787.10319010417,312.6750632957055,1175.0086564253793,76793.1927175646,76029.71048799458,763.4822295700142,72.09233466839797,1.2024166180988078,-0.8699009526212858,-0.4907449703947532,18,4
2026-04-17 19:00:00+00:00,77223.7421875,77518.8515625,77061.59375,77515.21875,0.0,2026-04-17 19:59:59.999000+00:00,0.004083754098782144,0,-0.00474492897109946,-0.004354736214355781,0.014286049270875623,77667.98177083333,75876.40494791667,295.1034199066634,1222.5685871782018,76904.27364563158,76139.74813703202,764.5255085995595,75.65744449306094,1.3404677817429107,-1.0,-0.5570742570307707,19,4
2026-04-17 20:00:00+00:00,77481.9921875,77650.40625,77188.671875,77380.0,0.0,2026-04-17 20:59:59.999000+00:00,-0.0017444155119539229,1,0.004083754098782144,-0.00474492897109946,0.0076629864880868315,77568.1484375,75965.32194010417,269.0097161795076,1251.9745992409642,76977.46231553442,76231.61864540001,745.8436701344035,72.59326367960625,1.1299574773749457,0.0,-0.5515345323219571,20,4
2026-04-17 21:00:00+00:00,77373.2578125,77531.2421875,77310.0,77475.0,0.0,2026-04-17 21:59:59.999000+00:00,0.0012277074179374292,0,-0.0017444155119539229,0.004083754098782144,-0.0018025686402749486,77507.57552083333,76070.23958333333,234.70710329921053,1269.188571552422,77054.00657468296,76323.72096796297,730.28560671999,72.19075424089323,1.1068177323314716,0.0,-0.5463309683687573,21,4
2026-04-17 22:00:00+00:00,77473.1328125,77551.5234375,77297.9765625,77339.9375,221704192.0,2026-04-17 22:59:59.999000+00:00,-0.001743304291706993,0,0.0012277074179374292,-0.0017444155119539229,0.0008843437729593173,77413.01953125,76172.37825520833,134.2655519040186,1268.5976328725994,77097.99594780867,76398.99626663238,698.999681176283,66.15392619593828,0.9203542672138386,0.0,-0.37791889250000515,22,4
2026-04-17 23:00:00+00:00,77328.0234375,77337.8515625,76935.0234375,77098.0078125,370642944.0,2026-04-17 23:59:59.999000+00:00,-0.003128133992867488,1,-0.001743304291706993,0.0012277074179374292,-0.004354736214355781,77334.68619791667,76252.99967447917,160.33124530105783,1263.1389178306465,77097.99777314579,76450.77489965962,647.222873486171,62.80641343281029,0.668974826198904,0.6717904188297892,-0.27233529334348044,23,4
2026-04-18 00:00:00+00:00,77090.53125,77287.4609375,77010.0,77195.9921875,0.0,2026-04-18 00:59:59.999000+00:00,0.0012709067040783673,1,-0.003128133992867488,-0.001743304291706993,-0.00474492897109946,77334.02604166667,76346.3330078125,161.00369800050268,1245.7736915642029,77113.0738368926,76505.9761802404,607.0976566522004,70.51566924546452,0.6820333303239543,-1.0,-0.5711315162143168,0,5
2026-04-18 01:00:00+00:00,77216.2421875,77364.7421875,77148.7578125,77250.6015625,0.0,2026-04-18 01:59:59.999000+00:00,0.0007074120488970159,1,0.0012709067040783673,-0.003128133992867488,0.004083754098782144,77289.92317708333,76449.94596354167,135.69777008749827,1211.374001369281,77134.23194852451,76561.13361596334,573.0983325611742,68.72061246453733,0.6609483099796633,0.0,-0.5688359207599708,1,5
2026-04-18 02:00:00+00:00,77251.9765625,77447.4296875,77154.296875,77321.25,0.0,2026-04-18 02:59:59.999000+00:00,0.0009145357585707004,0,0.0007074120488970159,0.0012709067040783673,-0.0017444155119539229,77280.13151041667,76557.97526041667,129.89357137613933,1165.9422079750368,77163.00395644382,76617.43853329938,545.565423144435,63.686424857064786,0.6546420005747579,0.0,-0.5688359207599708,2,5
2026-04-18 03:00:00+00:00,77325.609375,77328.75,77002.0625,77034.828125,0.0,2026-04-18 03:59:59.999000+00:00,-0.0037043099406696145,1,0.0009145357585707004,0.0007074120488970159,0.0012277074179374292,77206.76953125,76658.04524739583,121.87685765990103,1094.4282335887829,77143.28459776015,76648.35628083277,494.928316927384,44.03161257598411,0.34427371849559096,0.0,-0.5688359207599708,3,5
2026-04-18 04:00:00+00:00,77045.9609375,77197.5,76934.9921875,77148.75,402907136.0,2026-04-18 04:59:59.999000+00:00,0.0014788359729334122,1,-0.0037043099406696145,0.0009145357585707004,-0.001743304291706993,77174.90494791667,76755.49283854167,103.74033954517618,1024.6192643022646,77144.12542887397,76685.42248225256,458.7029466214153,33.144057150833035,0.38380808868172606,0.0,-0.25938891648691986,4,5
2026-04-18 05:00:00+00:00,77144.0234375,77287.5,77144.0234375,77168.296875,52015104.0,2026-04-18 05:59:59.999000+00:00,0.00025336606231474157,0,0.0014788359729334122,-0.0037043099406696145,-0.003128133992867488,77186.61979166667,76860.1484375,97.07457138981619,924.2731147972513,77147.84411289336,76721.19095578941,426.65315710395225,35.69155218084644,0.3333954353606785,-0.870900514405384,-0.5459667022138154,5,5
2026-04-18 06:00:00+00:00,77164.4609375,77253.1875,77091.0,77160.0,0.0,2026-04-18 06:59:59.999000+00:00,-0.00010751662711228072,0,0.00025336606231474157,0.0014788359729334122,0.0012709067040783673,77180.62109375,76953.43001302083,97.49074550657691,828.045809598076,77149.7142493713,76753.69532943465,396.01891993665777,33.62123583461474,0.24946685869884208,-1.0,-0.5881476330591948,6,5
2026-04-18 07:00:00+00:00,77136.328125,77162.0234375,76923.078125,77020.0078125,0.0,2026-04-18 07:59:59.999000+00:00,-0.001814310361586302,0,-0.00010751662711228072,0.00025336606231474157,0.0007074120488970159,77142.18880208333,77033.638671875,109.14150553123098,727.3072743196642,77129.75941292956,76773.42218003208,356.33723289748013,36.83928102367819,-0.0187415413763743,0.0,-0.5880652715787555,7,5
2026-04-18 08:00:00+00:00,77020.0234375,77070.390625,76534.0234375,76760.0234375,0.0,2026-04-18 08:59:59.999000+00:00,-0.0033755433475534113,0,-0.001814310361586302,-0.00010751662711228072,0.0009145357585707004,77048.65104166667,77074.16080729167,155.59622019409136,680.441679842996,77072.87695517116,76772.42968058526,300.4472745858948,38.85623592459342,-0.46166685418823117,0.0,-0.5631262503900821,8,5
2026-04-18 09:00:00+00:00,76732.5,76743.7421875,76447.5078125,76631.2578125,0.0,2026-04-18 09:59:59.999000+00:00,-0.001677508932821592,0,-0.0033755433475534113,-0.001814310361586302,-0.0037043099406696145,76981.38932291667,77108.31998697917,231.48741674973684,633.2356095278993,77004.93554860637,76761.97250517154,242.96304343483644,25.272198789256294,-0.7533723108762616,0.0,-0.5006661277175771,9,5
2026-04-18 10:00:00+00:00,76631.2578125,76631.2578125,76170.71875,76222.4921875,0.0,2026-04-18 10:59:59.999000+00:00,-0.005334189163385017,0,-0.001677508932821592,-0.0033755433475534113,0.0014788359729334122,76827.01302083333,77146.6220703125,366.8392374345662,540.2851337814196,76884.5596468977,76722.01100015883,162.54864673886914,21.917823797664127,-1.7104484743908768,0.0,-0.4637163291795942,10,5
2026-04-18 11:00:00+00:00,76222.5,76222.5,75797.9921875,76069.4609375,0.0,2026-04-18 11:59:59.999000+00:00,-0.0020076915042813726,1,-0.005334189163385017,-0.001677508932821592,0.00025336606231474157,76643.87369791667,77165.2421875,431.0511688571884,490.9232536106506,76759.1598454519,76673.6739584804,85.48588697149535,16.834238479207457,-2.2320825952747803,0.0,-0.4637163291795942,11,5
2026-04-18 12:00:00+00:00,76074.796875,76323.7421875,76070.9921875,76239.7578125,0.0,2026-04-18 12:59:59.999000+00:00,0.0022387022715977256,0,-0.0020076915042813726,-0.005334189163385017,-0.00010751662711228072,76490.5,77162.89778645833,370.0832048969719,495.3688974697031,76679.25184038238,76641.5320217411,37.71981864127156,24.4642539811487,-1.8635404416257038,0.0,-0.43482790277493655,12,5
2026-04-18 13:00:00+00:00,76230.828125,76248.7421875,75839.9921875,76148.640625,0.0,2026-04-18 13:59:59.999000+00:00,-0.001195140043913634,1,0.0022387022715977256,-0.0020076915042813726,-0.001814310361586302,76345.27213541667,77111.34147135417,280.9805707171033,534.0221097885743,76597.61934570817,76605.02154790843,-7.402202200260945,26.305896666965637,-1.8027359330408927,0.0,-0.43749458586896245,13,5
2026-04-18 14:00:00+00:00,76150.0078125,76314.09375,76008.7578125,76280.609375,0.0,2026-04-18 14:59:59.999000+00:00,0.0017330414425897889,0,-0.001195140043913634,0.0022387022715977256,-0.0033755433475534113,76265.36979166667,77040.5751953125,194.21983852691352,526.5237444530139,76548.84858098383,76580.99101658187,-32.14243559804163,27.53515374851888,-1.4433647643032708,0.0,-0.5001592105041153,14,5
2026-04-18 15:00:00+00:00,76267.5,76387.4921875,76060.03125,76191.71875,0.0,2026-04-18 15:59:59.999000+00:00,-0.001165310892615068,0,0.0017330414425897889,-0.001195140043913634,-0.001677508932821592,76192.11328125,76971.9619140625,74.7770855622325,525.3244571172838,76493.90553006325,76552.1560338721,-58.25050380885659,24.44347232540511,-1.4852595448231778,0.0,-0.4673841336806249,15,5
2026-04-18 16:00:00+00:00,76191.7109375,76249.9765625,75752.6328125,75968.1171875,0.0,2026-04-18 16:59:59.999000+00:00,-0.002934722646613097,0,-0.001165310892615068,0.0017330414425897889,-0.005334189163385017,76149.71744791667,76891.16373697917,115.26056966032775,524.3393093150979,76413.01501582275,76508.8938971038,-95.8788812810526,19.587074932659988,-1.7603992931311456,0.0,-0.40485813274827925,16,5
2026-04-18 17:00:00+00:00,75955.4765625,75988.96875,75822.0,75852.1328125,0.0,2026-04-18 17:59:59.999000+00:00,-0.001526750685603151,0,-0.002934722646613097,-0.001165310892615068,-0.0020076915042813726,76113.49609375,76819.6689453125,167.73108440475505,544.6267406911254,76326.72544608079,76460.2449278739,-133.5194817931042,21.2122479871298,-1.7765123533683036,0.0,-0.42120302655758896,17,5
2026-04-18 18:00:00+00:00,75852.0,75872.703125,75498.0078125,75672.453125,0.0,2026-04-18 18:59:59.999000+00:00,-0.002368815230867072,1,-0.001526750685603151,-0.002934722646613097,0.0022387022715977256,76018.9453125,76756.02311197917,230.4805243964464,585.939960723888,76226.06816591452,76401.88997951287,-175.82181359834794,15.180394324672932,-1.8492850114549215,0.0,-0.3783927331477886,18,5
2026-04-18 19:00:00+00:00,75654.0078125,75834.453125,75606.21875,75682.1328125,0.0,2026-04-18 19:59:59.999000+00:00,0.00012791560337044316,1,-0.002368815230867072,-0.001526750685603151,-0.001195140043913634,75941.19401041667,76679.64453125,255.32589247793257,601.9296333439872,76142.38580385075,76348.57463380821,-206.1888299574639,14.783754864173389,-1.6571899163833788,0.0,-0.3783927331477886,19,5
2026-04-18 20:00:00+00:00,75688.59375,75875.828125,75633.6796875,75784.9375,0.0,2026-04-18 20:59:59.999000+00:00,0.0013583746081085035,1,0.00012791560337044316,-0.002368815230867072,0.0017330414425897889,75858.58203125,76613.18359375,197.08953780945404,609.2524664267823,76087.39375710448,76306.82373500761,-219.42997790312802,18.813256598531453,-1.3594464354122322,0.0,-0.3783927331477886,20,5
2026-04-18 21:00:00+00:00,75779.03125,75875.828125,75632.6796875,75854.5703125,0.0,2026-04-18 21:59:59.999000+00:00,0.0009188212697279763,0,0.0013583746081085035,0.00012791560337044316,-0.001165310892615068,75802.390625,76545.66569010417,113.41305503290866,599.3001584233805,76051.57476562686,76273.32348148852,-221.74871586165682,22.696190762067218,-1.1531706906640622,0.0,-0.3783927331477886,21,5
2026-04-18 22:00:00+00:00,75856.1875,75904.8984375,75643.3828125,75847.9765625,0.0,2026-04-18 22:59:59.999000+00:00,-8.692620593375722e-05,0,0.0009188212697279763,0.0013583746081085035,-0.002934722646613097,75782.3671875,76483.50065104167,85.46316299236892,590.646301804267,76020.25196514581,76241.81630230419,-221.56433715837193,25.75391287010268,-1.0759808138988,0.0,-0.315148144475981,22,5
2026-04-18 23:00:00+00:00,75862.2890625,75901.703125,75730.59375,75736.8203125,0.0,2026-04-18 23:59:59.999000+00:00,-0.0014655137162216114,0,-8.692620593375722e-05,0.0009188212697279763,-0.001526750685603151,75763.1484375,76426.78450520833,79.3862386368998,594.4146337192367,75976.647095508,76204.40919194832,-227.7620964403177,25.997316449327002,-1.160745637083732,0.0,-0.2298520450050314,23,5
2026-04-19 00:00:00+00:00,75734.0,75877.0,75598.0,75718.0,1408247.88466964,2026-04-19 00:59:59.999000+00:00,-0.00024849620597144906,0,-0.0014655137162216114,-8.692620593375722e-05,-0.002368815230867072,75770.73958333333,76365.20149739583,70.67936495669097,587.7827614758004,75936.85523466062,76168.37888143363,-231.52364677301375,32.87834677611798,-1.1010896198637061,0.0,-0.21352210904868799,0,6
2026-04-19 01:00:00+00:00,75723.5,75827.2890625,75484.078125,75652.1015625,129032192.0,2026-04-19 01:59:59.999000+00:00,-0.0008703140270477361,0,-0.00024849620597144906,-0.0014655137162216114,0.00012791560337044316,75765.734375,76298.59733072917,78.80529251311899,573.4847217278482,75893.04697740513,76130.13611706818,-237.0891396630468,34.9451032554784,-1.127311232078422,90.6260506439671,1.2265194753437023,1,6
2026-04-19 02:00:00+00:00,75639.3828125,75730.09375,75446.4375,75530.3203125,53024768.0,2026-04-19 02:59:59.999000+00:00,-0.0016097536946728663,1,-0.0008703140270477361,-0.00024849620597144906,0.0013583746081085035,75723.29817708333,76223.97526041667,122.71707794084296,550.6966699584759,75837.24287511203,76085.7053167298,-248.4624416177685,23.48114056093543,-1.2595953194504972,-0.5890578375976129,0.3096334945316635,2,6
2026-04-19 03:00:00+00:00,75523.859375,75668.0,75398.8671875,75549.65625,71456768.0,2026-04-19 03:59:59.999000+00:00,0.0002560023235702591,1,-0.0016097536946728663,-0.0008703140270477361,0.0009188212697279763,75672.47916666667,76162.09309895833,120.5994365473891,538.9383697531633,75792.99877894095,76045.99797845352,-252.9991995125747,26.340217002209513,-1.1363764083801045,0.34761113900583207,0.4891288796272226,3,6
2026-04-19 04:00:00+00:00,75551.9921875,75806.7421875,75462.4609375,75700.0078125,0.0,2026-04-19 04:59:59.999000+00:00,0.001990102536038929,0,0.0002560023235702591,-0.0016097536946728663,-8.692620593375722e-05,75647.81770833333,76101.72884114583,88.35212019203726,503.5972231032413,75778.69247641157,76020.36907727178,-241.6766008602135,27.394618533997644,-0.7977030257839063,-1.0,-0.4013901715455136,4,6
2026-04-19 05:00:00+00:00,75695.0625,75723.8828125,75549.6796875,75580.0234375,0.0,2026-04-19 05:59:59.999000+00:00,-0.0015849981851677741,0,0.001990102536038929,0.0002560023235702591,-0.0014655137162216114,75621.68489583333,76035.55078125,79.50791405462064,459.7983515663874,75748.1280088867,75987.75088173313,-239.62287284641934,26.747010851810714,-0.9907111284722152,0.0,-0.34452621746202483,5,6
2026-04-19 06:00:00+00:00,75572.3125,75584.7890625,75336.96875,75429.7421875,337053696.0,2026-04-19 06:59:59.999000+00:00,-0.001988372630292612,0,-0.0015849981851677741,0.001990102536038929,-0.00024849620597144906,75573.64192708333,75963.45670572917,95.20943745286912,408.62498613089514,75699.14557482721,75946.41690438252,-247.27132955531124,28.326015574873878,-1.3061230623283677,0.0,4.261838906487148,6,6
2026-04-19 07:00:00+00:00,75426.9609375,75434.921875,74955.546875,75291.1171875,855674880.0,2026-04-19 07:59:59.999000+00:00,-0.0018378029140735386,1,-0.001988372630292612,-0.0015849981851677741,-0.0008703140270477361,75513.47786458333,75891.41959635417,139.47774911319638,364.25066782090187,75636.37197677688,75897.87618461344,-261.5042078365659,27.81889394089157,-1.6480475175115774,1.5386900964290273,4.310577493210134,7,6
2026-04-19 08:00:00+00:00,75265.0,75336.5234375,75113.953125,75293.171875,0.0,2026-04-19 08:59:59.999000+00:00,2.7289905858207675e-05,0,-0.0018378029140735386,-0.001988372630292612,-0.0016097536946728663,75473.953125,75830.30078125,165.01396501396485,333.9735801189016,75583.5719611189,75853.08327279023,-269.5113116713328,32.55376034958603,-1.608297596650522,-1.0,-0.3269085922660377,8,6
2026-04-19 09:00:00+00:00,75292.5390625,75301.4921875,74963.3828125,75055.421875,0.0,2026-04-19 09:59:59.999000+00:00,-0.003157656850938717,1,2.7289905858207675e-05,-0.0018378029140735386,0.0002560023235702591,75391.58072916667,75764.64095052083,230.16264586943785,324.42712945646696,75502.318101716,75793.9972433243,-291.6791416082997,26.17196086235883,-2.1860658715842525,0.0,-0.3269085922660377,9,6
2026-04-19 10:00:00+00:00,75026.0,75272.609375,74971.5390625,75246.078125,0.0,2026-04-19 10:59:59.999000+00:00,0.0025402062267736447,1,-0.003157656850938717,2.7289905858207675e-05,0.001990102536038929,75315.92578125,75723.95703125,176.9609747872785,325.7348502562722,75462.89656683661,75753.41064196694,-290.5140751303261,30.795103968280486,-1.4670794539608776,0.0,-0.3269085922660377,10,6
2026-04-19 11:00:00+00:00,75249.0,75653.0703125,75242.0234375,75634.8671875,0.0,2026-04-19 11:59:59.999000+00:00,0.0051669013480561965,0,0.0025402062267736447,-0.003157656850938717,-0.0015849981851677741,75325.06640625,75705.84895833333,193.93332638819476,317.67277580082106,75489.35358540021,75744.62964533977,-255.27605993955513,43.620988449638425,-0.2234430402617618,0.0,-0.3269085922660377,11,6
2026-04-19 12:00:00+00:00,75652.3125,75730.4921875,75480.0,75611.90625,0.0,2026-04-19 12:59:59.999000+00:00,-0.00030357609332587465,1,0.0051669013480561965,0.0025402062267736447,-0.001988372630292612,75355.42708333333,75679.6884765625,225.31761046327074,296.9709029584111,75508.20784149249,75734.79828272201,-226.59044122952037,43.210303746612674,-0.2282453462182875,0.0,-0.3269085922660377,12,6
2026-04-19 13:00:00+00:00,75588.3515625,76260.296875,75588.3515625,75958.0,536588288.0,2026-04-19 13:59:59.999000+00:00,0.004577238786384941,1,-0.00030357609332587465,0.0051669013480561965,-0.0018378029140735386,75466.57421875,75671.7451171875,328.23051986503424,286.23769046997626,75577.40663510903,75751.33174326112,-173.92510815209243,55.604074538882706,1.0000600631681156,0.0,2.18319095008489,13,6
2026-04-19 14:00:00+00:00,75963.1328125,76180.578125,75707.9765625,76064.9609375,266915840.0,2026-04-19 14:59:59.999000+00:00,0.001408158949682825,0,0.004577238786384941,-0.00030357609332587465,2.7289905858207675e-05,75595.20572916667,75662.759765625,391.764794329493,269.16955018093637,75652.41498932302,75774.56353542696,-122.14854610394104,58.41515869256277,1.4942298324778545,-0.5025686434661802,0.8227208800579218,14,6
2026-04-19 15:00:00+00:00,76071.6328125,76189.0,75458.109375,75884.7734375,1075015680.0,2026-04-19 15:59:59.999000+00:00,-0.002368863373873986,0,0.001408158949682825,0.004577238786384941,-0.003157656850938717,75733.43098958333,75649.97037760417,298.41038291816983,249.51853601716627,75688.16244288872,75782.72723187682,-94.56478898810747,55.34678137477379,0.9410245172313555,3.027545461520755,3.2375092493113447,15,6
2026-04-19 16:00:00+00:00,75885.6171875,75895.296875,75360.1015625,75416.0234375,0.0,2026-04-19 16:59:59.999000+00:00,-0.006177128543265242,0,-0.002368863373873986,0.001408158949682825,0.0025402062267736447,75761.75520833333,75626.96647135417,246.44064375097562,244.30753614905595,75646.29490359814,75755.56398784892,-109.26908425077272,47.734705000681295,-0.863432365530762,-1.0,-0.4791496226395089,16,6
2026-04-19 17:00:00+00:00,75381.75,75414.03125,74693.8828125,74801.0078125,425570304.0,2026-04-19 17:59:59.999000+00:00,-0.008154972868725796,1,-0.006177128543265242,-0.002368863373873986,0.0051669013480561965,75622.77864583333,75583.16959635417,467.9130333055003,291.79011186261,75516.25073573689,75684.85612300826,-168.60538727136736,37.996507692346235,-2.6805630213489007,0.0,0.917707059994743,17,6
2026-04-19 18:00:00+00:00,74821.5390625,74915.046875,74645.8125,74806.7109375,642525184.0,2026-04-19 18:59:59.999000+00:00,7.624395936334238e-05,1,-0.008154972868725796,-0.006177128543265242,-0.00030357609332587465,75488.57942708333,75547.09700520833,574.8921198625925,331.13380536079075,75407.09076677737,75619.80833148913,-212.71756471175468,34.98061200899518,-2.2359120564619857,0.5097979768813945,1.4941618387159712,18,6
2026-04-19 19:00:00+00:00,74813.2578125,75110.421875,74813.2578125,74985.0390625,272711680.0,2026-04-19 19:59:59.999000+00:00,0.002383851966824002,0,7.624395936334238e-05,-0.008154972868725796,0.004577238786384941,75326.41927083333,75518.05143229167,552.7976979398293,348.8719527511569,75342.15973535008,75572.78838563808,-230.6286502879957,40.18875800018551,-1.527816626095644,-0.575562659968827,0.25618851402248755,19,6
2026-04-19 20:00:00+00:00,74985.046875,74985.046875,74476.359375,74661.453125,0.0,2026-04-19 20:59:59.999000+00:00,-0.004315339987091216,0,0.002383851966824002,7.624395936334238e-05,0.001408158949682825,75092.50130208333,75471.23958333333,468.2642329529451,385.0074992282177,75237.43564145007,75505.28207003526,-267.8464285851951,38.015934720776805,-2.103300481046781,-1.0,-0.6366137374719878,20,6
2026-04-19 21:00:00+00:00,74662.546875,74842.15625,74408.65625,74461.203125,505593856.0,2026-04-19 21:59:59.999000+00:00,-0.0026821069188773805,0,-0.004315339987091216,0.002383851966824002,-0.002368863373873986,74855.23958333333,75413.1826171875,325.4045088935176,427.4110301637682,75118.0152543039,75427.94288892153,-309.9276346176339,37.298863905382035,-2.2273161547158398,0.0,0.9391114895635738,21,6
2026-04-19 22:00:00+00:00,74427.9765625,74440.8984375,73799.046875,74073.59375,2095738880.0,2026-04-19 22:59:59.999000+00:00,-0.005205521247747091,0,-0.0026821069188773805,-0.004315339987091216,-0.006177128543265242,74631.50130208333,75339.25,324.215742595738,496.7683448055978,74957.33502287253,75327.6207304829,-370.28570761036826,33.30552810680629,-2.547779590294333,3.145103535435367,3.6663514734110176,22,6
2026-04-19 23:00:00+00:00,74060.8828125,74080.046875,73820.1875,73820.1875,628639744.0,2026-04-19 23:59:59.999000+00:00,-0.0034210065580894122,1,-0.005205521247747091,-0.0026821069188773805,-0.008154972868725796,74468.03125,75259.39029947917,446.03634819221634,577.5638167762177,74782.38925012291,75215.95900970639,-433.569759583479,33.163380485664746,-2.4918506971443533,-0.7000390888391592,0.6127769756385901,23,6
2026-04-20 00:00:00+00:00,73814.6875,74387.828125,73768.0,74317.921875,972533760.0,2026-04-20 00:59:59.999000+00:00,0.006742523852299787,1,-0.0034210065580894122,-0.005205521247747091,7.624395936334238e-05,74386.56640625,75201.0537109375,415.3918363853246,599.5180416367747,74710.93273087323,75149.43774046889,-438.505009595654,38.32617992013332,-1.473069656963812,0.5470446615605646,1.2044414043863645,0,0
2026-04-20 01:00:00+00:00,74296.8125,74770.8828125,74239.8125,74621.421875,524847104.0,2026-04-20 01:59:59.999000+00:00,0.004083806332885409,0,0.006742523852299787,-0.0034210065580894122,0.002383851966824002,74325.96354166667,75158.10872395833,327.933900786897,602.7101714169357,74697.16182996966,75110.32545413786,-413.163624168199,36.973998405401545,-0.8904559345607354,-0.4603301956324889,0.27830284306903297,1,0
2026-04-20 02:00:00+00:00,74648.0625,74648.5390625,74338.453125,74444.046875,387602432.0,2026-04-20 02:59:59.999000+00:00,-0.0023769983946048123,1,0.004083806332885409,0.006742523852299787,-0.004315339987091216,74289.72916666667,75112.84733072917,293.67194279423126,614.2208310945215,74658.22106766663,75060.97148531282,-402.7504176461953,35.56237637532452,-1.0888599374550534,-0.2614945780476289,-0.024973991303185835,2,0
2026-04-20 03:00:00+00:00,74440.296875,74674.0078125,74390.1328125,74667.90625,237033472.0,2026-04-20 03:59:59.999000+00:00,0.00300708229062141,0,-0.0023769983946048123,0.004083806332885409,-0.0026821069188773805,74324.1796875,75076.10774739583,327.93584969640835,613.3274067427595,74659.71109571791,75031.85554195632,-372.1444462384097,33.55422766656707,-0.6655523508458435,-0.38846237167056785,-0.34637989951082454,3,0
2026-04-20 04:00:00+00:00,74667.90625,74669.1875,74469.0390625,74590.390625,0.0,2026-04-20 04:59:59.999000+00:00,-0.0010381384572437646,0,0.00300708229062141,-0.0023769983946048123,-0.005205521247747091,74410.3125,75029.87369791667,316.6295597120831,606.0309009420422,74649.04640791516,74999.1544369966,-350.1080290814425,31.06038560571244,-0.7251826140111319,-1.0,-0.8299063699367429,4,0
2026-04-20 05:00:00+00:00,74584.359375,74590.3984375,74136.9375,74297.921875,346931200.0,2026-04-20 05:59:59.999000+00:00,-0.003920997698890871,1,-0.0010381384572437646,0.00300708229062141,-0.0034210065580894122,74489.93489583333,74976.45279947917,159.76055324809624,611.9067538501923,74595.02724900513,74947.2112842561,-352.1840352509753,30.18962143984332,-1.108879613126954,0.0,-0.15403043416048276,5,0
2026-04-20 06:00:00+00:00,74317.9375,74916.9921875,74283.5390625,74820.1796875,234817536.0,2026-04-20 06:59:59.999000+00:00,0.007029238494431267,1,-0.003920997698890871,-0.0010381384572437646,0.006742523852299787,74573.64453125,74951.05436197917,181.68461497209972,604.8842942015185,74629.66608569665,74937.80153634824,-308.1354506515927,42.65950852932231,-0.2163631552906056,-0.32315820543093265,-0.3764866493531865,6,0
2026-04-20 07:00:00+00:00,74826.0,75590.0,74710.0,74846.0,3596955.32811944,2026-04-20 07:59:59.999000+00:00,0.00034509824231698794,0,0.007029238494431267,-0.003920997698890871,0.004083806332885409,74611.07421875,74932.5078125,213.7921581030988,600.8144299081886,74662.9482263587,74931.00142254466,-268.05319618596695,50.64841190312665,-0.14398424570664756,-0.9846819135001934,-0.7846514878612464,7,0
2026-04-20 08:00:00+00:00,74861.0,75026.953125,74649.6796875,74761.7578125,597123072.0,2026-04-20 08:59:59.999000+00:00,-0.0011255402760335098,1,0.00034509824231698794,0.007029238494431267,-0.0023769983946048123,74664.02604166667,74910.36555989583,203.2335960887826,596.7230736857796,74678.14970114967,74918.46485883766,-240.31515768799,49.36649212353954,-0.24903972034787086,165.0079199015763,0.400255679705123,8,0
2026-04-20 09:00:00+00:00,74737.9765625,75269.640625,74726.109375,75100.453125,463020032.0,2026-04-20 09:59:59.999000+00:00,0.004530328371216585,0,-0.0011255402760335098,0.00034509824231698794,0.00300708229062141,74736.1171875,74912.24186197917,270.47743569494247,597.2695578545453,74743.1194586651,74931.94547114598,-188.82601248088758,51.55615012693162,0.315119464144302,-0.22458190997516836,0.079637358969069,9,0
2026-04-20 10:00:00+00:00,75130.3828125,75439.8515625,75042.1796875,75068.6796875,41537536.0,2026-04-20 10:59:59.999000+00:00,-0.00042307917166772846,1,0.004530328371216585,-0.0011255402760335098,-0.0010381384572437646,74815.83203125,74904.85026041667,288.79926024978704,594.0475077324685,74793.20564771662,74942.07393161666,-148.8682839000394,55.95969019901079,0.2757850591927905,-0.9102899807151325,-0.8262258823443784,10,0
2026-04-20 11:00:00+00:00,75068.7265625,75319.1796875,74997.6484375,75223.96875,0.0,2026-04-20 11:59:59.999000+00:00,0.002068626531683382,1,-0.00042307917166772846,0.004530328371216585,-0.003920997698890871,74970.17317708333,74887.7294921875,185.71083924541296,577.7920173739342,74859.47689422175,74962.95502927469,-103.47813505293743,61.311805133956504,0.5819382194664233,-1.0,-0.9151607721185597,11,0
2026-04-20 12:00:00+00:00,75218.03125,75672.8125,75108.0,75328.90625,466120704.0,2026-04-20 12:59:59.999000+00:00,0.0013950008453920137,0,0.002068626531683382,-0.00042307917166772846,0.007029238494431267,75054.9609375,74875.93782552083,217.0254196420697,565.1191127331595,74931.6967951107,74990.06252710619,-58.36573199548002,70.3198980211242,0.8015450447046838,0.0,0.04205948924492793,12,0
2026-04-20 13:00:00+00:00,75331.546875,75470.8203125,74912.3671875,75309.2890625,71524352.0,2026-04-20 13:59:59.999000+00:00,-0.0002604204478277028,0,0.0013950008453920137,0.002068626531683382,0.00034509824231698794,75132.17578125,74848.908203125,210.11686893112807,525.2192668294083,74989.7879131706,75013.70893713536,-23.92102396476548,76.07805150348474,0.8765498306149003,-0.8465540118981714,-0.7672134565683622,13,0
2026-04-20 14:00:00+00:00,75299.2734375,75762.15625,74958.859375,75038.6875,1182838784.0,2026-04-20 14:59:59.999000+00:00,-0.0035932029882186356,1,-0.0002604204478277028,0.0013950008453920137,-0.0011255402760335098,75178.33072916667,74806.14680989583,126.09076484985714,459.5848053662857,74997.31092652897,75015.55920105126,-18.248274522295105,63.713441426014775,0.5059799353436811,15.537567288970337,1.471915343628531,14,0
2026-04-20 15:00:00+00:00,75095.1171875,75763.09375,74733.75,75747.078125,651075584.0,2026-04-20 15:59:59.999000+00:00,0.00944033869195815,0,-0.0035932029882186356,-0.0002604204478277028,0.004530328371216585,75286.1015625,74800.40950520833,255.81859542818876,446.1986681935478,75112.65972629374,75069.74578801043,42.91393828330911,68.55776859589288,2.1216303123993967,-0.4495652384695563,0.4306289482726904,15,0
2026-04-20 16:00:00+00:00,75743.78125,75743.78125,75328.0,75367.1328125,407003136.0,2026-04-20 16:59:59.999000+00:00,-0.0050159731821338704,1,0.00944033869195815,-0.0035932029882186356,-0.00042307917166772846,75335.84375,74798.37239583333,233.09390780478222,443.3685277554312,75151.80943186393,75091.77445649114,60.03497537279327,64.26534470810103,1.2828163955300147,-0.3748757502170439,-0.12537496694766895,16,0
2026-04-20 17:00:00+00:00,75391.21875,75998.1484375,75322.359375,75937.3125,0.0,2026-04-20 17:59:59.999000+00:00,0.0075653625953704395,1,-0.0050159731821338704,0.00944033869195815,0.002068626531683382,75454.734375,74845.71842447917,327.4454478543169,500.63516541127495,75272.65605773102,75154.40690415846,118.24915357255668,67.72055263031615,2.180418298471057,-1.0,-0.9480768345335155,17,0
2026-04-20 18:00:00+00:00,75954.421875,76489.0625,75953.3671875,76455.671875,623157248.0,2026-04-20 18:59:59.999000+00:00,0.006826148541930532,0,0.0075653625953704395,-0.0050159731821338704,0.0013950008453920137,75642.52864583333,74914.42513020833,511.9659440862463,598.6125965924127,75454.65849115701,75250.79690199858,203.86158915843407,73.18514634193711,2.5746981496299615,0.0,0.3750075716328531,18,0
2026-04-20 19:00:00+00:00,76483.3828125,76523.3203125,76187.53125,76322.0078125,1873649664.0,2026-04-20 19:59:59.999000+00:00,-0.0017482556783822156,0,0.006826148541930532,0.0075653625953704395,-0.0002604204478277028,75811.31510416667,74970.13216145833,545.9406096736134,664.0971660996881,75588.0968482867,75330.14585833202,257.9509899546829,76.19312403070994,2.0356594186079398,2.0067044393905533,2.464402965121699,19,0
2026-04-20 20:00:00+00:00,76304.0,76591.65625,76166.0078125,76317.28125,1115488256.0,2026-04-20 20:59:59.999000+00:00,-6.192922114434118e-05,0,-0.0017482556783822156,0.006826148541930532,-0.0035932029882186356,76024.4140625,75039.125,418.7689282184905,714.7168394980442,75700.2790639349,75403.26699845557,297.01206547932816,72.36989253336881,1.7883393525436833,-0.4046441672459852,1.0035234875245753,20,0
2026-04-20 21:00:00+00:00,76330.0,76405.7265625,75815.9921875,75988.0,287932416.0,2026-04-20 21:59:59.999000+00:00,-0.00431463548762101,1,-6.192922114434118e-05,-0.0017482556783822156,0.00944033869195815,76064.56770833333,75102.74153645833,397.8879104176864,728.8497262120962,75744.54382332953,75446.58055412552,297.96326920400315,65.64510812095162,1.2145966880476815,-0.7418776805123084,-0.4717034045137334,21,0
2026-04-20 22:00:00+00:00,76054.0,76180.578125,75933.0234375,76004.671875,0.0,2026-04-20 22:59:59.999000+00:00,0.00021940141864496,0,-0.00431463548762101,-6.192922114434118e-05,-0.0050159731821338704,76170.82421875,75183.203125,219.54650859064924,716.78811962031,75784.56352358652,75487.92065196807,296.6428716184455,67.34879927068589,1.146041246379949,-1.0,-1.0077110962143967,22,0
2026-04-20 23:00:00+00:00,75912.7734375,75937.7265625,75655.9921875,75875.0390625,0.0,2026-04-20 23:59:59.999000+00:00,-0.0017055900552166436,1,0.00021940141864496,-0.00431463548762101,0.0075653625953704395,76160.4453125,75268.82194010417,233.8025461222836,667.9609207616887,75798.48283726552,75516.59608978525,281.88674748026824,61.48191211178614,0.9075637564313603,0.0,-0.9344531330949598,23,0
2026-04-21 00:00:00+00:00,75876.890625,76129.828125,75724.8203125,76128.1015625,0.0,2026-04-21 00:59:59.999000+00:00,0.003335253637122282,0,-0.0017055900552166436,0.00021940141864496,0.006826148541930532,76105.85026041667,75344.24609375,184.02273204850803,658.0462013998184,75849.19341037852,75561.89279146782,287.30061891069636,64.73728367798503,1.1911860703436261,0.0,-0.8594350078623527,0,1
2026-04-21 01:00:00+00:00,76095.8203125,76278.0078125,75902.890625,75955.0703125,0.0,2026-04-21 01:59:59.999000+00:00,-0.002272895901100913,0,0.003335253637122282,-0.0017055900552166436,-0.0017482556783822156,76044.69401041667,75399.81477864583,156.77487900794634,650.621534223087,75865.48216455105,75591.01705228502,274.4651122660289,60.120168963272334,0.8534232340114705,0.0,-0.8015180514214917,1,1
2026-04-21 02:00:00+00:00,75955.0703125,75958.9375,75612.0,75613.75,0.0,2026-04-21 02:59:59.999000+00:00,-0.004493713337315297,1,-0.002272895901100913,0.003335253637122282,-6.192922114434118e-05,75927.43880208333,75448.55240885417,174.24583041353455,618.9528391537012,75826.7541392355,75592.70097433799,234.05316489751567,53.70072634113268,0.266898510994318,0.0,-0.756941734942982,2,1
2026-04-21 03:00:00+00:00,75613.75,75747.390625,75520.0,75740.578125,0.0,2026-04-21 03:59:59.999000+00:00,0.001677315633730636,1,-0.004493713337315297,-0.002272895901100913,-0.00431463548762101,75886.20182291667,75493.2470703125,185.93244489585652,598.5231127884819,75813.49629089158,75603.65483735,209.84145354157954,55.451494976586375,0.4132355950887177,0.0,-0.7282628730076744,3,1
2026-04-21 04:00:00+00:00,75754.4765625,75850.71875,75633.28125,75840.546875,0.0,2026-04-21 04:59:59.999000+00:00,0.0013198836406425052,0,0.001677315633730636,-0.004493713337315297,0.00021940141864496,75858.84765625,75545.3369140625,176.86949355344944,570.264432569406,75817.65791921596,75621.20239569445,196.45552352150844,60.592419213685375,0.5176720554136444,0.0,-0.7282628730076744,4,1
2026-04-21 05:00:00+00:00,75840.0,76010.640625,75817.5703125,75835.7734375,0.0,2026-04-21 05:59:59.999000+00:00,-6.294044144838917e-05,1,0.0013198836406425052,0.001677315633730636,-0.0017055900552166436,75852.30338541667,75609.4140625,176.87700913313074,506.88318617668074,75820.44492202888,75637.0965469393,183.348375089583,51.43918362172783,0.4465710861458709,0.0,-0.6904712887563657,5,1
2026-04-21 06:00:00+00:00,75835.7734375,76152.671875,75731.171875,76001.828125,0.0,2026-04-21 06:59:59.999000+00:00,0.002189661685680022,1,-6.294044144838917e-05,0.0013198836406425052,0.003335253637122282,75831.2578125,75658.6494140625,141.46582500948386,483.74993555248176,75848.35003017828,75664.11370086973,184.23632930855092,61.06683885170019,0.7094134504546487,0.0,-0.6641465998394303,6,1
2026-04-21 07:00:00+00:00,76001.828125,76321.0,75873.203125,76118.09375,52444172288.0,2026-04-21 07:59:59.999000+00:00,0.0015297740576551977,1,0.002189661685680022,-6.294044144838917e-05,-0.002272895901100913,75858.42838541667,75711.6533203125,180.32125660474415,459.94262842442595,75889.84906399701,75697.74185265716,192.10721133985498,53.744991034031834,0.8836763643322159,0.0,4.690010979193786,7,1
2026-04-21 08:00:00+00:00,76124.1328125,76867.6875,76094.0,76545.6484375,467214336.0,2026-04-21 08:59:59.999000+00:00,0.005616991525093207,0,0.0015297740576551977,0.002189661685680022,-0.004493713337315297,76013.74479166667,75785.98209635417,293.3406038414025,443.6135248138324,75990.74127530516,75760.5497478307,230.19152747446788,51.93678255634445,1.7124508128209828,-0.9910912058362887,-0.19127658176078524,8,1
2026-04-21 09:00:00+00:00,76545.6015625,76578.03125,76187.1484375,76388.0234375,0.0,2026-04-21 09:59:59.999000+00:00,-0.0020592287506545626,1,0.005616991525093207,0.0015297740576551977,0.001677315633730636,76121.65234375,75839.630859375,291.8368679517381,434.8745604976222,76051.86160795052,75807.02928039878,244.8323275517323,51.40650487699324,1.2610362342131036,-1.0,-0.2332487667420878,9,1
2026-04-21 10:00:00+00:00,76391.359375,76902.2109375,76388.0078125,76775.1328125,326430720.0,2026-04-21 10:59:59.999000+00:00,0.005067671050773104,0,-0.0020592287506545626,0.005616991525093207,0.0013198836406425052,76277.41666666667,75910.73307291667,354.4813338368125,442.774401181512,76163.13410095812,75878.74065314702,284.3934478111041,58.38808020954098,1.9522351275880883,0.0,-0.2037705160623443,10,1
2026-04-21 11:00:00+00:00,76786.953125,76789.328125,76370.0078125,76478.6171875,612114432.0,2026-04-21 11:59:59.999000+00:00,-0.0038621310590780666,0,0.005067671050773104,-0.0020592287506545626,-6.294044144838917e-05,76384.55729166667,75963.01009114583,284.54992769494356,432.10248235832927,76211.66996042611,75923.17595198799,288.4940084381233,59.097586203899276,1.1932518728892523,0.8751741012610579,-0.1794326671699372,11,1
2026-04-21 12:00:00+00:00,76485.3125,76549.9921875,75770.0,76039.8984375,274640896.0,2026-04-21 12:59:59.999000+00:00,-0.005736489049277815,0,-0.0038621310590780666,0.005067671050773104,0.002189661685680022,76390.90234375,75992.634765625,274.55777511425725,410.5748883298755,76185.24357228362,75931.82206202591,253.42151025771454,50.5648068583511,0.11511583688729182,-0.5513242595789671,-0.21035487447055176,12,1
2026-04-21 13:00:00+00:00,76049.828125,76194.6171875,75761.78125,75919.1328125,29853859840.0,2026-04-21 13:59:59.999000+00:00,-0.0015881876157325392,0,-0.005736489049277815,-0.0038621310590780666,0.0015297740576551977,76357.7421875,76018.044921875,322.01063504031697,384.4869510694517,76144.30345539383,75930.88211761658,213.42133777725394,50.708995347061006,-0.2572573896197924,107.7014362201906,2.175157198593234,13,1
2026-04-21 14:00:00+00:00,75936.9609375,76595.0,75658.9765625,75687.4765625,0.0,2026-04-21 14:59:59.999000+00:00,-0.003051355322671201,1,-0.0015881876157325392,-0.005736489049277815,0.005616991525093207,76214.71354166667,76045.07779947917,402.4073392694518,331.83880336319726,76074.02239494862,75912.85207649683,161.17031845179736,42.865961020825324,-1.0776353860816492,-1.0,-0.30849800321461973,14,1
2026-04-21 15:00:00+00:00,75743.328125,75987.8515625,75533.546875,75850.8203125,0.0,2026-04-21 15:59:59.999000+00:00,0.0021581344420316118,0,-0.003051355322671201,-0.0015881876157325392,-0.0020592287506545626,76125.1796875,76049.400390625,415.6783442705831,328.4465764777954,76039.68361303346,75908.25713101558,131.4264820178796,48.30680526230307,-0.6046038910027274,0.0,-0.3060375295732556,15,1
2026-04-21 16:00:00+00:00,75869.71875,76191.2578125,75772.890625,75794.9921875,0.0,2026-04-21 16:59:59.999000+00:00,-0.0007360253293239305,0,0.0021581344420316118,-0.003051355322671201,0.005067671050773104,75961.82291666667,76067.22786458333,279.43319146954946,300.20148064628114,76002.038778336,75899.8671351996,102.17164313640387,53.24457000601391,-0.9068432190849053,0.0,-0.3044974176508149,16,1
2026-04-21 17:00:00+00:00,75775.8671875,75909.1484375,75098.9921875,75567.2578125,0.0,2026-04-21 17:59:59.999000+00:00,-0.00300460978261774,1,-0.0007360253293239305,0.0021581344420316118,-0.0038621310590780666,75809.9296875,76051.80891927083,167.6845414069657,316.23928506522464,75935.14939897662,75875.22940759223,59.919991384391324,47.005434357123384,-1.5322293265078986,0.0,-0.3044974176508149,17,1
2026-04-21 18:00:00+00:00,75544.078125,75665.8984375,75319.890625,75622.7890625,0.0,2026-04-21 18:59:59.999000+00:00,0.0007348586095023979,0,-0.00300460978261774,-0.0007360253293239305,-0.005736489049277815,75740.41145833333,76017.10546875,136.9158935729745,315.6922281925116,75887.0939625956,75856.53012277058,30.563839825015748,46.178985723803436,-1.2490532583195009,0.0,-0.3021493323921937,18,1
2026-04-21 19:00:00+00:00,75628.078125,75909.5,74825.9921875,75019.9921875,0.0,2026-04-21 19:59:59.999000+00:00,-0.007971100808009113,1,0.0007348586095023979,-0.00300460978261774,-0.0015881876157325392,75590.5546875,75962.85481770833,298.680465491111,368.4781079417608,75753.69368950397,75794.56434978757,-40.870660283602774,38.16850978970268,-2.558802300291205,0.0,-0.29521976013234014,19,1
2026-04-21 20:00:00+00:00,75004.3671875,75868.90625,74989.5390625,75743.71875,0.0,2026-04-21 20:59:59.999000+00:00,0.009647115940657036,0,-0.007971100808009113,0.0007348586095023979,-0.003051355322671201,75599.92838541667,75938.95638020833,303.17924903994117,363.05143613594083,75752.15908342644,75790.79800906256,-38.63892563612899,46.777799017676365,-0.5377685109479192,0.0,-0.2910735842266225,20,1
2026-04-21 21:00:00+00:00,75740.6796875,75796.6796875,75469.859375,75565.0078125,0.0,2026-04-21 21:59:59.999000+00:00,-0.0023594159416684413,1,0.009647115940657036,-0.007971100808009113,0.0021581344420316118,75552.29296875,75921.33170572917,277.21694574948793,370.75264791250714,75723.36658020699,75774.0728093172,-50.70622911020473,43.201352142973754,-0.9610825309958659,0.0,-0.28999515701906875,21,1
2026-04-21 22:00:00+00:00,75566.1484375,75662.140625,75325.1484375,75662.0078125,115748864.0,2026-04-21 22:59:59.999000+00:00,0.0012836629388126575,1,-0.0023594159416684413,0.009647115940657036,-0.0007360253293239305,75530.12890625,75907.05403645833,258.6244911881341,373.9875579257393,75713.92676979053,75765.77169844185,-51.844928651320515,38.1773368120014,-0.655225605144292,0.0,-0.2808353703536968,22,1
2026-04-21 23:00:00+00:00,75645.0,76437.2578125,75645.0,76356.0,343629824.0,2026-04-21 23:59:59.999000+00:00,0.009172267661992306,1,0.0012836629388126575,-0.0023594159416684413,-0.00300460978261774,75661.5859375,75927.09407552083,426.950099808757,384.9236510272294,75812.70726674583,75809.49231337209,3.214953373739263,49.62531924189989,1.1142623305545618,1.9687533175271597,-0.26322402730043265,23,1
2026-04-22 00:00:00+00:00,76362.9296875,76519.9921875,76234.046875,76380.46875,11161600.0,2026-04-22 00:59:59.999000+00:00,0.00032045615275810846,0,0.009172267661992306,0.0012836629388126575,0.0007348586095023979,75787.86588541667,75937.609375,515.9533869946948,393.9937023798925,75900.05518724647,75851.78686423342,48.26832301304967,44.95416326228923,1.124026532213428,-0.9675185352945384,-0.29083270959338037,0,2
2026-04-22 01:00:00+00:00,76359.6484375,76432.9375,76156.7421875,76315.6484375,16044032.0,2026-04-22 01:59:59.999000+00:00,-0.0008486503625967368,1,0.00032045615275810846,0.009172267661992306,-0.007971100808009113,76003.80859375,75952.63346354167,384.75352484247384,401.49206249162484,75963.9926103624,75886.1469807717,77.845629590709,47.78520525604981,0.9041647590876122,0.4374311926605505,-0.2904881974208721,1,2
2026-04-22 02:00:00+00:00,76330.0,77668.0,76242.8828125,77626.0078125,1683529728.0,2026-04-22 02:59:59.999000+00:00,0.01717025802477634,0,-0.0008486503625967368,0.00032045615275810846,0.009647115940657036,76317.5234375,76036.4775390625,736.6896135754591,520.206019702537,76219.6872568451,76015.02556089971,204.6616959453968,67.42696062105361,3.0555783924730853,103.93183558846056,-0.1582567507798576,2,2
2026-04-22 03:00:00+00:00,77627.359375,77746.8828125,77430.0,77549.65625,1451786240.0,2026-04-22 03:59:59.999000+00:00,-0.0009835822381130122,0,0.01717025802477634,-0.0008486503625967368,-0.0023594159416684413,76648.29817708333,76111.85579427083,775.7522627025766,600.3592099696775,76424.29787117663,76128.70190824047,295.5959629361605,68.09151729602,2.394900306104725,-0.13765333878321628,-0.18275160550308284,3,2
2026-04-22 04:00:00+00:00,77547.9921875,77715.9765625,77384.0703125,77536.0,753033216.0,2026-04-22 04:59:59.999000+00:00,-0.0001760968476246516,1,-0.0009835822381130122,0.01717025802477634,0.0012836629388126575,76960.63020833333,76182.49967447917,669.163047711326,663.4796928339737,76595.32896791869,76232.94621133376,362.38275658492057,71.55300097466775,2.040002640833685,-0.4813057217018395,-0.2436329672090356,4,2
2026-04-22 05:00:00+00:00,77552.03125,78433.8984375,77463.9921875,77991.9296875,2779820032.0,2026-04-22 05:59:59.999000+00:00,0.0058802322469562185,1,-0.0001760968476246516,-0.0009835822381130122,0.009172267661992306,77233.28515625,76272.33951822917,705.8119473727774,754.2583778405826,76810.19061708504,76363.24128364238,446.9493334426661,73.36993225958291,2.2798423190126966,2.6914972313784364,-0.08481201004646456,5,2
2026-04-22 06:00:00+00:00,77989.0,78042.0,77907.0,78007.0,4800119.91847641,2026-04-22 06:59:59.999000+00:00,0.00019322912717223417,1,0.0058802322469562185,-0.0001760968476246516,0.00032045615275810846,77504.37369791667,76355.88834635417,619.8802105895198,830.2218646709912,76994.3151375335,76485.00118855776,509.313948975745,74.3605230418196,1.9887595399576088,-0.9982732263732114,-0.31616119709529894,6,2
2026-04-22 07:00:00+00:00,78027.609375,78124.6015625,77834.953125,78025.796875,0.0,2026-04-22 07:59:59.999000+00:00,0.00024096395195294384,1,0.00019322912717223417,0.0058802322469562185,-0.0008486503625967368,77789.3984375,76435.3759765625,241.9244300197298,895.2430165270852,77153.00463560526,76599.1342023683,553.8704332369671,78.38165928624898,1.7765242164158033,-1.0,-0.26630371969902294,7,2
2026-04-22 08:00:00+00:00,78055.2109375,78218.0,77960.3515625,78029.703125,230256640.0,2026-04-22 08:59:59.999000+00:00,5.0063570722125306e-05,0,0.00024096395195294384,0.00019322912717223417,0.01717025802477634,77856.68098958333,76497.21158854167,243.52632088103616,952.6058758804355,77287.88132628138,76705.10227071139,582.7790555699903,78.12087544976424,1.6087361785816616,0.0,-0.22655989319840758,8,2
2026-04-22 09:00:00+00:00,78008.7578125,78194.03125,77971.3125,78015.5625,18178048.0,2026-04-22 09:59:59.999000+00:00,-0.00018122105344098305,1,5.0063570722125306e-05,0.00024096395195294384,-0.0009835822381130122,77934.33203125,76565.02571614583,195.6151235532268,1001.1869098802703,77399.83227608424,76802.17339880684,597.6588772773976,90.58015955499016,1.4488171684422422,-0.9210530997064841,-0.2617118506137317,9,2
2026-04-22 10:00:00+00:00,78033.3515625,78192.5078125,77964.1171875,78175.703125,60895232.0,2026-04-22 10:59:59.999000+00:00,0.002052675387683056,1,-0.00018122105344098305,5.0063570722125306e-05,-0.0001760968476246516,78040.94921875,76623.3828125,67.40123525490151,1053.4216250460527,77519.19702207128,76903.91634148781,615.2806805834698,88.88258805895578,1.473598296818842,2.3499324019828753,-0.2527196687702778,10,2
2026-04-22 11:00:00+00:00,78197.59375,78394.703125,78120.9609375,78322.546875,0.0,2026-04-22 11:59:59.999000+00:00,0.001878380930775858,0,0.002052675387683056,-0.00018122105344098305,0.0058802322469562185,78096.05208333333,76700.21321614583,127.58605254427088,1108.2215546337868,77642.78930713724,77009.00008471093,633.7892224263051,94.54143016145031,1.4639073315897322,-1.0,-0.2583225273643162,11,2
2026-04-22 12:00:00+00:00,78313.0,78533.0,78150.0,78269.0,6335143.77476719,2026-04-22 12:59:59.999000+00:00,-0.000683671268829622,1,0.001878380930775858,0.002052675387683056,0.00019322912717223417,78139.71875,76793.09244791667,135.59575633902023,1143.328558871138,77739.12941373151,77102.33341176939,636.7960019621241,92.70924258752518,1.290886631521355,0.0,-0.2553193945883783,12,2
2026-04-22 13:00:00+00:00,78252.359375,78887.4375,78204.1015625,78887.4375,1212329984.0,2026-04-22 13:59:59.999000+00:00,0.007901436073030288,1,-0.000683671268829622,0.001878380930775858,0.00024096395195294384,78283.32552083333,76916.77180989583,320.7175559299938,1203.6351132432617,77915.79219623435,77234.56334423092,681.2288520034344,92.52417398973196,1.6372617153001654,190.3658201142486,1.189691900335388,13,2
2026-04-22 14:00:00+00:00,78897.4609375,79178.8515625,78612.3125,79080.8984375,1833050112.0,2026-04-22 14:59:59.999000+00:00,0.0024523668613269933,1,0.007901436073030288,-0.000683671268829622,5.0063570722125306e-05,78458.52473958333,77058.16438802083,424.71835223747524,1251.3199076871226,78095.03931027523,77371.3289066953,723.7104035799275,92.9258182053008,1.6164803557052747,0.512005919338872,1.8108419402539797,14,2
2026-04-22 15:00:00+00:00,79088.203125,79450.0,78867.390625,79323.609375,864710656.0,2026-04-22 15:59:59.999000+00:00,0.0030691474464192847,0,0.0024523668613269933,0.007901436073030288,-0.00018122105344098305,78676.53255208333,77202.86393229167,483.5121170161893,1305.2650078956692,78284.05008946365,77515.94227471788,768.1078147457738,95.25493136870018,1.6247623508480977,-0.5282667667734771,0.507561029917285,15,2
2026-04-22 16:00:00+00:00,79368.0078125,79502.78125,78674.0,78779.2890625,912244736.0,2026-04-22 16:59:59.999000+00:00,-0.0068620214938373,1,0.0030691474464192847,0.0024523668613269933,0.002052675387683056,78777.13020833333,77327.20963541667,416.6363621312193,1307.4604306484757,78360.24070070001,77609.5235182573,750.7171824427205,72.5486961409683,1.110610610497118,0.05497108156372721,0.5212501032524145,16,2
2026-04-22 17:00:00+00:00,78782.46875,79073.4765625,78729.9296875,78922.9921875,0.0,2026-04-22 17:59:59.999000+00:00,0.0018241231510225386,1,-0.0068620214938373,0.0030691474464192847,0.001878380930775858,78877.20442708333,77467.03190104167,352.8370461618183,1290.3875224935935,78446.81785251539,77706.81749375675,740.0003587586398,76.16212789136705,1.1283124341165172,-1.0,-0.6679749907970718,17,2
2026-04-22 18:00:00+00:00,78961.2734375,79193.6171875,78854.6015625,79062.453125,0.0,2026-04-22 18:59:59.999000+00:00,0.0017670508128819762,0,0.0018241231510225386,-0.0068620214938373,-0.000683671268829622,79009.44661458333,77610.35123697917,190.7597356614589,1267.4600740444566,78541.53097135919,77807.23494792292,734.296023436269,77.74896324490143,1.1456786038136737,0.0,-0.6679749907970718,18,2
2026-04-22 19:00:00+00:00,79013.9375,79106.3984375,78734.1484375,78885.7421875,0.0,2026-04-22 19:59:59.999000+00:00,-0.0022350803765298632,0,0.0017670508128819762,0.0018241231510225386,0.007901436073030288,79009.1640625,77771.42415364583,190.97772957739093,1165.490386576963,78594.48654307316,77887.12437307677,707.3621699963842,68.08421851289833,0.9560937153046073,0.0,-0.6679749907970718,19,2
2026-04-22 20:00:00+00:00,78915.8828125,78952.0,78445.796875,78459.828125,0.0,2026-04-22 20:59:59.999000+00:00,-0.005399126010472988,1,-0.0022350803765298632,0.0017670508128819762,0.0024523668613269933,78905.65234375,77884.59537760417,287.9925562002232,1089.4231770330591,78573.7698633696,77929.54687321924,644.2229901503597,57.85588818892516,0.5280158890711508,0.0,-0.6679749907970718,20,2
2026-04-22 21:00:00+00:00,78447.0234375,78858.2421875,78447.0234375,78794.7578125,539648000.0,2026-04-22 21:59:59.999000+00:00,0.004268804756574207,0,-0.005399126010472988,-0.0022350803765298632,0.0030691474464192847,78817.51041666667,78019.16829427083,202.8270609972265,984.9003052000895,78607.76800938966,77993.63657242522,614.1314369644388,62.02167705246804,0.7874802293533709,0.0,0.006275051191293081,21,2
2026-04-22 22:00:00+00:00,78785.2421875,78865.078125,78487.28125,78642.8984375,55644160.0,2026-04-22 22:59:59.999000+00:00,-0.0019272776415071302,0,0.004268804756574207,-0.005399126010472988,-0.0068620214938373,78794.77864583333,78143.3720703125,215.23111033804636,853.9741860566257,78613.17269063741,78041.73004391225,571.4426467251615,59.162617817427055,0.5849431696456188,-0.8968880455407969,-0.6265995479949982,22,2
2026-04-22 23:00:00+00:00,78623.9765625,78635.6015625,78195.796875,78208.5078125,77496320.0,2026-04-22 23:59:59.999000+00:00,-0.005523583611878546,1,-0.0019272776415071302,0.004268804756574207,0.0018241231510225386,78675.69791666667,78220.55989583333,307.8361940007536,764.4209697754451,78550.91655553934,78054.08395269653,496.8326028428128,52.561382111291564,-0.015766290839547326,0.3927125506072875,-0.579650194044072,23,2
2026-04-23 00:00:00+00:00,78208.5390625,78605.0,77628.0703125,78449.546875,433913856.0,2026-04-23 00:59:59.999000+00:00,0.003082005644166941,0,-0.005523583611878546,-0.0019272776415071302,0.0017670508128819762,78573.546875,78306.771484375,250.10849736741505,657.0000244003675,78535.32122007175,78083.37750249679,451.94371757496265,53.558882178784785,0.21731413291089088,4.599154334038055,-0.1384732820040066,0,3
2026-04-23 01:00:00+00:00,78442.1484375,78482.296875,78093.3125,78379.2109375,1216458752.0,2026-04-23 01:59:59.999000+00:00,-0.0008965754462810782,0,0.003082005644166941,-0.005523583611878546,-0.0022350803765298632,78489.125,78392.75325520833,205.08999383830772,501.7870441266074,78511.30425352225,78105.29109027481,406.01316324743675,50.75134927952099,-0.026988177289231845,1.8034568041081407,0.8237570715268776,1,3
2026-04-23 02:00:00+00:00,78387.390625,78387.390625,77789.59375,77967.453125,0.0,2026-04-23 02:59:59.999000+00:00,-0.005253405942403977,0,-0.0008965754462810782,0.003082005644166941,-0.005399126010472988,78407.0625,78406.98014322917,297.0478893063718,483.61408386734547,78427.6348491342,78095.08087062482,332.55397850938607,46.34845491905638,-0.9088383338929663,-1.0,-0.7071513486254438,2,3
2026-04-23 03:00:00+00:00,77969.609375,78050.4375,77501.59375,77742.5703125,122421248.0,2026-04-23 03:59:59.999000+00:00,-0.002884316512679508,1,-0.005253405942403977,-0.0008965754462810782,0.004268804756574207,78231.69791666667,78415.01822916667,331.0326364862312,470.16116081046187,78322.24030503664,78068.96897743038,253.27132760625682,34.675754641413306,-1.4302498222258695,0.0,-0.48029339188769204,3,3
2026-04-23 04:00:00+00:00,77766.8984375,77968.640625,77699.2734375,77937.7265625,0.0,2026-04-23 04:59:59.999000+00:00,0.0025102881113336917,1,-0.002884316512679508,-0.005253405942403977,-0.0019272776415071302,78114.16927083333,78431.7568359375,276.538758688099,443.92492701592056,78263.08434464638,78059.24731706516,203.83702758121944,34.70538801483407,-1.112868963584427,-1.0,-0.6057477254606354,4,3
2026-04-23 05:00:00+00:00,77948.09375,78116.3984375,77800.03125,78032.90625,0.0,2026-04-23 05:59:59.999000+00:00,0.0012212274042107119,1,0.0025102881113336917,-0.002884316512679508,-0.005523583611878546,78084.90234375,78433.46419270833,273.8368219467854,442.23536654771925,78227.6723300854,78057.29612691219,170.37620317321853,32.02183366196999,-0.9057573704139884,0.0,-0.6164416506293229,5,3
2026-04-23 06:00:00+00:00,78066.203125,78370.4921875,78066.203125,78240.0,0.0,2026-04-23 06:59:59.999000+00:00,0.0026539284508577676,0,0.0012212274042107119,0.0025102881113336917,0.003082005644166941,78049.97786458333,78443.17252604167,227.46619907272662,434.96393610225886,78229.56889468765,78070.82974714092,158.73914754673024,41.70940335183722,-0.4671020035875025,0.0,-0.6158984713419641,6,3
2026-04-23 07:00:00+00:00,78259.9921875,78281.7734375,78008.0703125,78086.140625,0.0,2026-04-23 07:59:59.999000+00:00,-0.0019665053041921787,0,0.0026539284508577676,0.0012212274042107119,-0.0008965754462810782,78001.1328125,78445.68684895833,165.71219198580457,432.61444888962086,78207.5030070434,78071.96388624159,135.5391208018118,37.174965098932255,-0.8311008217158846,0.0,-0.6158984713419641,7,3
2026-04-23 08:00:00+00:00,78086.140625,78204.3125,77748.0234375,77877.34375,0.0,2026-04-23 08:59:59.999000+00:00,-0.0026739300127883725,0,-0.0019665053041921787,0.0026539284508577676,-0.005253405942403977,77986.11458333333,78439.33854166667,173.28518705558164,440.0382990905485,78156.70927519057,78057.54757985333,99.16169533724315,32.21574549103835,-1.2771497227131758,0.0,-0.5927941893704858,8,3
2026-04-23 09:00:00+00:00,77877.34375,77885.96875,77467.7578125,77672.03125,660836352.0,2026-04-23 09:59:59.999000+00:00,-0.00263635725249034,0,-0.0026739300127883725,-0.0019665053041921787,-0.002884316512679508,77974.35807291667,78425.02473958333,194.2390359651891,459.5760009703449,78082.14342516125,78028.99081467901,53.15261048224056,31.941554592056164,-1.6384525910697345,0.0,0.6326653756711185,9,3
2026-04-23 10:00:00+00:00,77653.6796875,77737.90625,77216.890625,77425.90625,1202446336.0,2026-04-23 10:59:59.999000+00:00,-0.003168772543205467,1,-0.00263635725249034,-0.0026739300127883725,0.0025102881113336917,77889.0546875,78393.783203125,298.1414243567949,500.8898168209503,77981.18385975182,77984.31788396205,-3.1340242102305638,33.74704027195111,-1.9323150933032054,0.819582612791858,1.511590042794781,10,3
2026-04-23 11:00:00+00:00,77459.4609375,77771.34375,77407.6328125,77722.296875,0.0,2026-04-23 11:59:59.999000+00:00,0.0038280549670672848,1,-0.003168772543205467,-0.00263635725249034,0.0012212274042107119,77837.28645833333,78368.77278645833,295.1192109224139,519.2507465608828,77941.35509286693,77964.90892033523,-23.553827468305826,32.9344429001564,-1.2450168165189692,-1.0,-0.7003744415161093,11,3
2026-04-23 12:00:00+00:00,77722.296875,77904.09375,77588.0390625,77904.09375,0.0,2026-04-23 12:59:59.999000+00:00,0.0023390569027106345,0,0.0038280549670672848,-0.003168772543205467,0.0026539284508577676,77781.30208333333,78353.568359375,227.57691420295643,527.5750338980582,77935.62257857971,77960.40409290299,-24.78151432327286,38.354706906615505,-0.8519633805527095,0.0,-0.6996427765638696,12,3
2026-04-23 13:00:00+00:00,77894.0078125,77943.671875,77422.5,77558.5,0.0,2026-04-23 13:59:59.999000+00:00,-0.004436143639755752,1,0.0023390569027106345,0.0038280549670672848,-0.0019665053041921787,77693.36197916667,78298.19596354167,183.9944128053706,538.7281947774268,77877.60372033669,77930.63341935462,-53.029699017934036,39.45928825712946,-1.3730411192740222,0.0,-0.635861719059122,13,3
2026-04-23 14:00:00+00:00,77545.0,78231.0,77452.0,78223.0,6712496.62315963,2026-04-23 14:59:59.999000+00:00,0.00856772629692415,1,-0.004436143639755752,0.0023390569027106345,-0.0026739300127883725,77750.97135416667,78262.4501953125,281.4334096385245,512.3522307429862,77930.74160951565,77952.29020310612,-21.548593590472592,46.769874439701645,-0.07699819176212311,0.0,-0.6002332575426721,14,3
2026-04-23 15:00:00+00:00,78210.59375,78716.328125,78012.0390625,78413.1796875,0.0,2026-04-23 15:59:59.999000+00:00,0.0024312502396992564,0,0.00856772629692415,-0.004436143639755752,-0.00263635725249034,77874.49609375,78224.515625,383.86507766640074,461.5538222029108,78004.96285228248,77986.43016491308,18.532687369399355,50.46832454416986,0.40875853134427836,-1.0,-0.5537115940651537,15,3
2026-04-23 16:00:00+00:00,78420.71875,78540.8203125,78066.3671875,78143.3984375,0.0,2026-04-23 16:59:59.999000+00:00,-0.0034405089944721245,0,0.0024312502396992564,0.00856772629692415,-0.003168772543205467,77994.078125,78198.02018229167,323.12178466651017,446.32278413630337,78026.26063462364,77998.05744436396,28.203190259679104,52.52457766767182,-0.12238170833553162,0.0,-0.49058441687799503,16,3
2026-04-23 17:00:00+00:00,78142.15625,78218.53125,76986.296875,77796.421875,1466310656.0,2026-04-23 17:59:59.999000+00:00,-0.004440254320107639,0,-0.0034405089944721245,0.0024312502396992564,0.0038280549670672848,78006.43229166667,78151.07975260417,311.8735741734692,425.5179827213289,77990.90082545078,77983.12147626292,7.779349187854677,50.746540225229225,-0.8334733007898198,0.0,2.7332117639722884,17,3
2026-04-23 18:00:00+00:00,77766.953125,78172.6875,77713.9765625,77739.09375,388833280.0,2026-04-23 18:59:59.999000+00:00,-0.0007368992508692829,1,-0.004440254320107639,-0.0034405089944721245,0.0023390569027106345,77978.93229166667,78095.93977864583,329.4798476655915,386.2117449295995,77952.16127538143,77965.04534839159,-12.884073010165594,47.13695973839076,-0.9239647248710059,-0.7348220321465085,0.29515535263679116,18,3
2026-04-23 19:00:00+00:00,77698.0625,77922.2109375,77629.25,77743.15625,236609536.0,2026-04-23 19:59:59.999000+00:00,5.225813428011428e-05,1,-0.0007368992508692829,-0.004440254320107639,-0.004436143639755752,78009.70833333333,78048.33203125,288.41944857882737,353.6727303569187,77920.00665609198,77948.6091188811,-28.602462789116544,45.710961749291094,-0.8628761989707925,-0.391488465184873,-0.06854673421395094,19,3
2026-04-23 20:00:00+00:00,77740.9296875,78067.15625,77669.8984375,77906.1015625,0.0,2026-04-23 20:59:59.999000+00:00,0.002095944136561778,0,5.225813428011428e-05,-0.0007368992508692829,0.00856772629692415,77956.89192708333,78025.26009114583,269.9749924977205,343.57874418876776,77917.86741092398,77945.46041100101,-27.59300007703132,44.99199685029774,-0.3468157756009517,-1.0,-0.6027176226340883,20,3
2026-04-23 21:00:00+00:00,77906.6015625,78091.9609375,77811.6875,77901.0390625,0.0,2026-04-23 21:59:59.999000+00:00,-6.498207327110261e-05,1,0.002095944136561778,5.225813428011428e-05,0.0024312502396992564,77871.53515625,77988.02180989583,152.07816088076515,302.5320464634052,77915.27843424337,77942.16994074167,-26.89150649830117,47.09403156053682,-0.2875158133250854,0.0,-0.5528873002043183,21,3
2026-04-23 22:00:00+00:00,77909.203125,78357.15625,77909.203125,78257.140625,0.0,2026-04-23 22:59:59.999000+00:00,0.004571204271284435,1,-6.498207327110261e-05,0.002095944136561778,-0.0034405089944721245,77890.4921875,77971.94856770833,194.04358001199782,275.24304364098464,77967.8726174367,77965.50110253859,2.3715148981136736,55.69896557221769,1.0361462855485057,0.0,-0.5461898019752368,22,3
2026-04-23 23:00:00+00:00,78216.09375,78327.6015625,78051.8125,78281.1484375,0.0,2026-04-23 23:59:59.999000+00:00,0.00030678111042981016,1,0.004571204271284435,-6.498207327110261e-05,-0.004440254320107639,77971.27994791667,77974.97526041667,242.01969477322245,278.3394301775632,78016.06889744644,77988.88238660981,27.186510836632806,59.665913728679506,1.099999295421454,0.0,-0.5370526246949555,23,3
2026-04-24 00:00:00+00:00,78312.109375,78516.328125,78192.2734375,78446.0234375,0.0,2026-04-24 00:59:59.999000+00:00,0.0021061903573327267,1,0.00030678111042981016,0.004571204271284435,-0.0007368992508692829,78089.1015625,77974.82845052083,276.06050659631177,278.0790420550561,78082.21574976237,78022.74468667575,59.471063086617505,66.61644299316126,1.6944642195864617,0.0,-0.495804414319791,0,4
2026-04-24 01:00:00+00:00,78447.171875,78483.0703125,77992.28125,78464.1015625,0.0,2026-04-24 01:59:59.999000+00:00,0.00023045304539115463,0,0.0021061903573327267,0.00030678111042981016,5.225813428011428e-05,78209.25911458333,77978.36555989583,251.14411533388534,283.9247947272353,78140.96741326047,78055.43778858866,85.52962467180623,63.287851435128815,1.7107910672994058,0.0,-0.4325550392707582,1,4
2026-04-24 02:00:00+00:00,78451.703125,78601.7109375,78100.359375,78154.1015625,0.0,2026-04-24 02:59:59.999000+00:00,-0.003950851329802996,0,0.00023045304539115463,0.0021061903573327267,0.002095944136561778,78250.59244791667,77986.142578125,207.96827682804778,286.160348898239,78142.98805160502,78062.7462162858,80.24183531921881,54.28170031710352,0.5869401020150685,0.0,-0.4325550392707582,2,4
2026-04-24 03:00:00+00:00,78166.4921875,78198.96875,77590.5234375,77755.390625,39755776.0,2026-04-24 03:59:59.999000+00:00,-0.005101599654128819,0,-0.003950851329802996,0.00023045304539115463,-6.498207327110261e-05,78226.31770833333,77986.6767578125,259.13537740219147,285.69749191688084,78083.35767828117,78039.97913544982,43.378542831356754,53.31174736001093,-0.8095490487532493,0.0,-0.32209418718668587,3,4
2026-04-24 04:00:00+00:00,77744.90625,77871.9296875,77532.0078125,77682.90625,117673984.0,2026-04-24 04:59:59.999000+00:00,-0.0009322102868671855,1,-0.005101599654128819,-0.003950851329802996,0.004571204271284435,78130.61197916667,77976.05924479167,339.15900707226206,292.2554830983507,78021.74976623792,78013.52929208316,8.220474154761177,38.65632260859292,-1.0030709832500175,1.959921697918813,-0.1373765050497125,4,4
2026-04-24 05:00:00+00:00,77673.6015625,78039.390625,77465.8984375,77974.2890625,0.0,2026-04-24 05:59:59.999000+00:00,0.0037509257385694994,0,-0.0009322102868671855,-0.005101599654128819,0.00030678111042981016,78079.46875,77973.61686197917,335.0301508943217,292.0045812741453,78014.448119509,78010.62260841033,3.8255110986792715,41.15780526961941,0.0023020204611015832,-1.0,-0.4369707419007864,5,4
2026-04-24 06:00:00+00:00,77992.1328125,77999.1015625,77786.2890625,77813.1171875,0.0,2026-04-24 06:59:59.999000+00:00,-0.0020669874254424236,0,0.0037509257385694994,-0.0009322102868671855,0.0021061903573327267,77973.984375,77955.830078125,293.61372779372874,288.0474623576666,77983.47412996915,77995.99257723178,-12.518447262627888,43.041400015801536,-0.49544922026702104,0.0,-0.4369707419007864,6,4
2026-04-24 07:00:00+00:00,77805.0,77878.203125,77568.4375,77676.9609375,466751488.0,2026-04-24 07:59:59.999000+00:00,-0.001749785317967878,1,-0.0020669874254424236,0.0037509257385694994,0.00023045304539115463,77842.79427083333,77938.78092447917,187.5036586836094,292.08038089084164,77936.31825420467,77972.36060391832,-36.042349713650765,47.237727750620515,-0.8963970335173617,0.0,0.6970960069011715,7,4
2026-04-24 08:00:00+00:00,77676.9609375,78029.9765625,77593.203125,77808.7265625,0.0,2026-04-24 08:59:59.999000+00:00,0.0016963282730129148,0,-0.001749785317967878,-0.0020669874254424236,-0.003950851329802996,77785.23177083333,77935.921875,109.68668156848888,293.04215867185576,77916.68876317318,77960.23956381326,-43.550800640077796,51.55652419920995,-0.4340512405330436,-1.0,-0.4831895857646444,8,4
2026-04-24 09:00:00+00:00,77811.4296875,77826.078125,77436.0,77551.890625,0.0,2026-04-24 09:59:59.999000+00:00,-0.003300862883210076,1,0.0016963282730129148,-0.001749785317967878,-0.005101599654128819,77751.31510416667,77930.916015625,146.15840396986417,298.71722759289315,77860.565972685,77929.99149427154,-69.42552158654144,46.158673972121285,-1.268843426538341,0.0,-0.4257098095550078,9,4
2026-04-24 10:00:00+00:00,77528.6171875,77800.71875,77457.2109375,77765.3515625,0.0,2026-04-24 10:59:59.999000+00:00,0.0027524917288244133,1,-0.003300862883210076,0.0016963282730129148,-0.0009322102868671855,77765.05598958333,77945.0595703125,142.26438380495057,281.2944727211202,77845.91760188731,77917.79594376995,-71.87834188263514,47.229432968763454,-0.6388607855464881,0.0,-0.3601756078453174,10,4
2026-04-24 11:00:00+00:00,77776.0234375,78395.2734375,77762.4375,78256.09375,1137606656.0,2026-04-24 11:59:59.999000+00:00,0.006310550619778255,1,0.0027524917288244133,-0.003300862883210076,0.0037509257385694994,77812.0234375,77967.30110677083,238.87223818056944,284.0053527261968,77909.02162467389,77942.85504052773,-33.83341585384915,55.867172391356554,1.0168563389986176,0.0,2.592923667047551,11,4
2026-04-24 12:00:00+00:00,78272.96875,78377.046875,78056.8828125,78290.6484375,0.0,2026-04-24 12:59:59.999000+00:00,0.00044155906389087285,0,0.006310550619778255,0.0027524917288244133,-0.0020669874254424236,77891.61197916667,77983.40755208333,308.66629534661604,291.13647129223943,77967.73344203175,77968.61751437753,-0.8840723457833519,50.61954521423351,1.055315687701204,-1.0,-0.42697777607952836,12,4
2026-04-24 13:00:00+00:00,78292.6796875,78466.890625,77932.796875,78107.84375,300425216.0,2026-04-24 13:59:59.999000+00:00,-0.002334949207196013,0,0.00044155906389087285,0.006310550619778255,-0.001749785317967878,77963.42578125,78006.296875,298.70125055849866,277.5556400254232,77989.28887402687,77978.93056886809,10.358305158777512,46.97339733181978,0.36586132780691694,0.0,0.3378298361313858,13,4
2026-04-24 14:00:00+00:00,78073.8125,78095.1171875,77709.546875,78074.15625,260997120.0,2026-04-24 14:59:59.999000+00:00,-0.00043129471231884153,0,-0.002334949207196013,0.00044155906389087285,0.0016963282730129148,78007.6640625,78000.09505208333,290.7574317832638,274.14496434479514,78002.34539340735,77985.98432302602,16.361070381331956,43.193822835490096,0.2701534135185643,-0.1312409674692553,0.2055516298334256,14,4
2026-04-24 15:00:00+00:00,78060.7421875,78217.75,77602.75,78070.7578125,0.0,2026-04-24 15:59:59.999000+00:00,-4.352832823606434e-05,0,-0.00043129471231884153,-0.002334949207196013,-0.003300862883210076,78094.14192708333,77985.82747395833,186.59061566273854,260.27112893204725,78012.87038096007,77992.26384076483,20.606540195236448,42.761848899929845,0.32631486592523873,-1.0,-0.490816171516265,15,4
2026-04-24 16:00:00+00:00,78077.078125,78081.2421875,77606.46875,77804.0390625,34394112.0,2026-04-24 16:59:59.999000+00:00,-0.0034163719870706766,0,-4.352832823606434e-05,-0.00043129471231884153,0.0027524917288244133,78100.58984375,77971.6875,173.1400610416687,260.55661806833876,77980.74248581237,77978.32126459706,2.421221215307014,43.45402271983544,-0.6434242152161692,0.0,-0.4035928778277059,16,4
2026-04-24 17:00:00+00:00,77764.6328125,77839.6015625,77502.59375,77705.53125,0.0,2026-04-24 17:59:59.999000+00:00,-0.0012661015248947027,0,-0.0034163719870706766,-4.352832823606434e-05,0.006310550619778255,78008.82942708333,77967.900390625,215.06156649823947,263.8544703802005,77938.4022956874,77958.11459684913,-19.712301161736832,48.9497416318336,-0.9943706477549529,-1.0,-0.4829551803368911,17,4
2026-04-24 18:00:00+00:00,77695.5,77741.890625,77385.046875,77637.609375,0.0,2026-04-24 18:59:59.999000+00:00,-0.0008740931811079822,1,-0.0012661015248947027,-0.0034163719870706766,0.00044155906389087285,77899.98958333333,77963.671875,209.07562738632552,268.45384376609826,77892.12646173549,77934.37346930476,-42.247007569269044,49.044010473345075,-1.2145942685182625,0.0,-0.42864865550116993,18,4
2026-04-24 19:00:00+00:00,77655.0,77769.1484375,77555.6015625,77661.8203125,0.0,2026-04-24 19:59:59.999000+00:00,0.0003118454792065961,1,-0.0008740931811079822,-0.0012661015248947027,-0.002334949207196013,77825.65234375,77960.28287760417,199.46337291363128,271.8506064309688,77856.69474646849,77914.18434657848,-57.48960010998417,42.56712556867176,-1.097891849580848,0.0,-0.39051082798731745,19,4
2026-04-24 20:00:00+00:00,77648.390625,77784.3125,77478.3203125,77748.6875,0.0,2026-04-24 20:59:59.999000+00:00,0.0011185314373325372,0,0.0003118454792065961,-0.0008740931811079822,-0.00043129471231884153,77771.40755208333,77953.72395833333,158.39355850834838,275.09427820905387,77840.0782470118,77901.925320906,-61.84707389419782,48.411209191753,-0.7453315992908949,0.0,-0.39051082798731745,20,4
2026-04-24 21:00:00+00:00,77736.0,77785.0,77565.4375,77565.4375,263231488.0,2026-04-24 21:59:59.999000+00:00,-0.00235695297107108,0,0.0011185314373325372,0.0003118454792065961,-4.352832823606434e-05,77687.1875,77939.74055989583,84.49565407875683,286.194343280204,77797.8258243946,77877.00029713518,-79.17447274057486,47.3123340801687,-1.307863235889886,0.0,0.6092538754008732,21,4
2026-04-24 22:00:00+00:00,77572.0390625,77650.71875,77309.6015625,77360.78125,392822784.0,2026-04-24 22:59:59.999000+00:00,-0.0026384979779170425,1,-0.00235695297107108,0.0011185314373325372,-0.0034163719870706766,77613.31119791667,77902.39225260417,138.44716112252053,301.0733858751641,77730.58819756466,77838.76184919925,-108.17365163458453,39.571108968879024,-1.7989335092831586,0.49230924835253753,1.0354620978111528,22,4
2026-04-24 23:00:00+00:00,77375.6171875,77484.96875,77358.8203125,77461.7890625,217126912.0,2026-04-24 23:59:59.999000+00:00,0.0013056720843289682,1,-0.0026384979779170425,-0.00235695297107108,-0.0012661015248947027,77572.6875,77868.25227864583,141.69741891433114,302.708156229539,77689.2344844778,77810.83793907338,-121.6034545955772,47.73817508599759,-1.3427560763761304,-0.44726497330663995,0.3206643178967805,23,4
2026-04-25 00:00:00+00:00,77466.03125,77518.6015625,77340.046875,77483.4296875,0.0,2026-04-25 00:59:59.999000+00:00,0.0002793716135647273,1,0.0013056720843289682,-0.0026384979779170425,-0.0008740931811079822,77546.99088541667,77828.14420572917,141.54928743548066,286.1439569927126,77657.57220801967,77786.58547599387,-129.0132679741946,42.168700845500794,-1.2046891426679702,-1.0,-0.523162340308384,0,5
2026-04-25 01:00:00+00:00,77498.0078125,77645.4609375,77461.0078125,77559.96875,0.0,2026-04-25 01:59:59.999000+00:00,0.0009878120110156097,1,0.0002793716135647273,0.0013056720843289682,0.0003118454792065961,77530.015625,77790.47200520833,130.71700326664796,256.78768235844126,77642.55629140126,77769.79905184617,-127.24276044491853,24.883018187148352,-0.8976414019990911,0.0,-0.523162340308384,1,5
2026-04-25 02:00:00+00:00,77571.2265625,77669.53125,77522.8125,77634.9609375,0.0,2026-04-25 02:59:59.999000+00:00,0.0009668929566195583,1,0.0009878120110156097,0.0002793716135647273,0.0011185314373325372,77511.06119791667,77768.84114583333,96.41076970801478,246.48360004017565,77641.38777541644,77759.81104337609,-118.42326795964618,27.01282908071036,-0.5431607145932088,0.0,-0.523162340308384,2,5
2026-04-25 03:00:00+00:00,77650.7109375,77736.1171875,77574.671875,77699.90625,0.0,2026-04-25 03:59:59.999000+00:00,0.0008365472425790887,0,0.0009668929566195583,0.0009878120110156097,-0.00235695297107108,77533.47265625,77766.529296875,123.42383340243356,246.87513380512735,77650.39061766007,77755.37365127416,-104.98303361408762,34.41015597009577,-0.26986536006331596,0.0,-0.5151948521928374,3,5
2026-04-25 04:00:00+00:00,77699.90625,77726.15625,77621.8984375,77641.15625,0.0,2026-04-25 04:59:59.999000+00:00,-0.0007561141684131467,0,0.0008365472425790887,0.0009668929566195583,-0.0026384979779170425,77580.20182291667,77764.78971354167,94.69842419472624,247.63591684864295,77648.96994571236,77746.91310303163,-97.94315731927054,33.76338793972204,-0.4992549752677326,0.0,-0.4934867987757431,4,5
2026-04-25 05:00:00+00:00,77634.3203125,77634.3203125,77509.6796875,77542.1875,0.0,2026-04-25 05:59:59.999000+00:00,-0.001274694437590873,0,-0.0007561141684131467,0.0008365472425790887,0.0013056720843289682,77593.6015625,77746.78548177083,78.97486500996085,247.4499246478699,77632.54187714124,77731.74824354782,-99.20636640657904,31.50528404835191,-0.8268257994500453,0.0,-0.4934867987757431,5,5
2026-04-25 06:00:00+00:00,77545.75,77609.2734375,77506.7109375,77526.421875,0.0,2026-04-25 06:59:59.999000+00:00,-0.00020331674290208213,0,-0.001274694437590873,-0.0007561141684131467,0.0002793716135647273,77600.76692708333,77734.83984375,68.19436954852716,251.00313226592374,77616.21572296566,77716.53888291464,-100.3231599489809,38.2168224051145,-0.830340111171174,0.0,-0.4934867987757431,6,5
2026-04-25 07:00:00+00:00,77510.0078125,77598.0390625,77470.0,77521.96875,0.0,2026-04-25 07:59:59.999000+00:00,-5.744009451613685e-05,1,-0.00020331674290208213,-0.001274694437590873,0.0009878120110156097,77594.43359375,77728.3818359375,74.23793502284978,254.52618891270578,77601.71618866325,77702.12628047651,-100.4100918132608,41.53285092397728,-0.8109699313035839,0.0,-0.4338531634972673,7,5
2026-04-25 08:00:00+00:00,77513.71875,77686.796875,77510.9375,77672.640625,0.0,2026-04-25 08:59:59.999000+00:00,0.00194360227725765,1,-5.744009451613685e-05,-0.00020331674290208213,0.0009668929566195583,77600.71354166667,77722.71158854167,79.74158595458643,254.17406958647,77612.62764040737,77699.94215784862,-87.31451744124934,51.50127226463104,-0.19699477457765366,0.0,-0.4338531634972673,8,5
2026-04-25 09:00:00+00:00,77693.3515625,77806.0703125,77612.0,77738.1875,0.0,2026-04-25 09:59:59.999000+00:00,0.0008438862702822014,1,0.00194360227725765,-5.744009451613685e-05,0.0008365472425790887,77607.09375,77730.47395833333,90.12131394495096,251.56174131671662,77631.94454188316,77702.77514615613,-70.83060427296732,53.160750431672824,0.03066261835483225,0.0,-0.4338531634972673,9,5
2026-04-25 10:00:00+00:00,77749.9375,77910.359375,77749.9375,77809.4765625,0.0,2026-04-25 10:59:59.999000+00:00,0.0009170404506793073,0,0.0008438862702822014,0.00194360227725765,-0.0007561141684131467,77635.14713541667,77732.3125,123.03320724496294,251.98860925865532,77659.25716043959,77710.6789547742,-51.421794334601145,52.54885774746621,0.3062204388008446,0.0,-0.4338531634972673,10,5
2026-04-25 11:00:00+00:00,77809.46875,77809.46875,77636.171875,77706.171875,0.0,2026-04-25 11:59:59.999000+00:00,-0.0013276620286351015,0,0.0009170404506793073,0.0008438862702822014,-0.001274694437590873,77662.47786458333,77709.39908854167,116.28160447830592,225.94688773194383,77666.4748088335,77710.34509701314,-43.87028817963437,56.32496278194433,-0.014283062599650323,0.0,-0.5031377080183981,11,5
2026-04-25 12:00:00+00:00,77704.5078125,77736.953125,77565.4375,77575.28125,0.0,2026-04-25 12:59:59.999000+00:00,-0.0016844302304654946,1,-0.0013276620286351015,0.0009170404506793073,-0.00020331674290208213,77670.62109375,77679.59212239583,106.11427981752274,190.30979014238346,77652.44503055143,77700.34036760476,-47.89533705332724,60.324754441118515,-0.5481109107302706,0.0,-0.5031377080183981,12,5
2026-04-25 13:00:00+00:00,77579.9921875,77731.6875,77579.9921875,77701.359375,0.0,2026-04-25 13:59:59.999000+00:00,0.0016252358092481156,0,-0.0016844302304654946,-0.0013276620286351015,-5.744009451613685e-05,77700.51953125,77662.6552734375,77.18163660883083,167.22798359408307,77659.97031431276,77700.41584963404,-40.44553532128339,61.25973959213048,0.23144512497649614,0.0,-0.43883475414219303,13,5
2026-04-25 14:00:00+00:00,77701.359375,77768.796875,77652.09375,77679.9609375,0.0,2026-04-25 14:59:59.999000+00:00,-0.00027539334796866655,0,0.0016252358092481156,-0.0016844302304654946,0.00194360227725765,77701.73958333333,77646.23046875,76.70921241787185,142.5987707596421,77663.0457948031,77698.90067095745,-35.85487615434977,59.23901865726459,0.2365410905740171,0.0,-0.3720537310920836,14,5
2026-04-25 15:00:00+00:00,77679.9609375,77744.0234375,77345.6796875,77354.0625,0.0,2026-04-25 15:59:59.999000+00:00,-0.004195399090921481,1,-0.00027539334796866655,0.0016252358092481156,0.0008438862702822014,77637.71875,77616.3681640625,157.72153777506023,123.61016900820277,77615.50990329492,77673.35710273837,-57.847199443451245,42.15865951040712,-2.1220395228574875,0.0,-0.3720537310920836,15,5
2026-04-25 16:00:00+00:00,77326.0,77483.4375,77201.3515625,77427.6875,0.0,2026-04-25 16:59:59.999000+00:00,0.0009517922862809503,0,-0.004195399090921481,-0.00027539334796866655,0.0009170404506793073,77574.08723958333,77600.68684895833,151.45889376667094,122.63523834322116,77586.61414894185,77655.15935438739,-68.54520544553816,42.09836612402685,-1.4106822092533673,0.0,-0.3569273399991749,16,5
2026-04-25 17:00:00+00:00,77427.6796875,77433.75,77236.1328125,77274.53125,0.0,2026-04-25 17:59:59.999000+00:00,-0.001978055330659312,1,0.0009517922862809503,-0.004195399090921481,-0.0013276620286351015,77502.14713541667,77582.728515625,176.59793371514917,137.29551171543503,77538.60139525849,77626.96467998832,-88.36328472982859,34.805831203187964,-2.2447730575765927,0.0,-0.3569273399991749,17,5
2026-04-25 18:00:00+00:00,77242.171875,77414.5625,77242.171875,77311.0,0.0,2026-04-25 18:59:59.999000+00:00,0.0004719375117530067,1,-0.001978055330659312,0.0009517922862809503,-0.0016844302304654946,77458.10026041667,77569.11979166667,187.34034079231927,147.43179174687512,77503.58579598795,77603.55988887808,-99.97409289013012,38.016243009947715,-1.7507742977839953,0.0,-0.3569273399991749,18,5
2026-04-25 19:00:00+00:00,77309.6015625,77372.359375,77210.0,77339.78125,31266816.0,2026-04-25 19:59:59.999000+00:00,0.00037227884777069065,1,0.0004719375117530067,-0.001978055330659312,0.0016252358092481156,77397.83723958333,77555.70149739583,147.32047906479454,153.17120702728513,77478.38509660518,77584.02073044267,-105.63563383748988,42.25878162760401,-1.4096660304920465,0.0,-0.06314527182603168,19,5
2026-04-25 20:00:00+00:00,77368.6328125,77506.6015625,77324.5703125,77497.0703125,0.0,2026-04-25 20:59:59.999000+00:00,0.002033740721240962,1,0.00037227884777069065,0.0004719375117530067,-0.00027539334796866655,77367.35546875,77545.21744791667,81.48031599713485,147.90841479250992,77481.25974520438,77577.57995874321,-96.32021353882737,48.98707489229077,-0.32551992044680944,-1.0,-0.37074771222158864,20,5
2026-04-25 21:00:00+00:00,77498.2109375,77551.4765625,77434.25,77548.9296875,0.0,2026-04-25 21:59:59.999000+00:00,0.0006691785223735813,1,0.002033740721240962,0.00037227884777069065,-0.004195399090921481,77399.83333333333,77544.52962239583,109.23262630186707,147.84866771682093,77491.67050555756,77575.4577164289,-83.78721087133454,50.90094558821226,0.02976060029569625,0.0,-0.29765957071676014,21,5
2026-04-25 22:00:00+00:00,77548.8984375,77662.2578125,77519.5234375,77575.2734375,0.0,2026-04-25 22:59:59.999000+00:00,0.0003397048818876147,1,0.0006691785223735813,0.002033740721240962,0.0009517922862809503,77424.43098958333,77553.466796875,131.1731227312367,142.6499242223452,77504.53249508716,77575.44406613786,-70.91157105070306,46.451451251943254,0.15286822438833186,0.0,-0.23256525014409274,22,5
2026-04-25 23:00:00+00:00,77577.96875,77666.4765625,77545.7734375,77650.71875,386048.0,2026-04-25 23:59:59.999000+00:00,0.000972543300937101,0,0.0003397048818876147,0.0006691785223735813,-0.001978055330659312,77487.12890625,77561.3388671875,135.04220577018387,142.58374928398598,77527.02268815067,77581.01996864617,-53.99728049550322,46.83503510973913,0.6268588339227977,0.0,-0.14622463975399744,23,5
2026-04-26 00:00:00+00:00,77651.1171875,77663.84375,77468.3984375,77520.34375,0.0,2026-04-26 00:59:59.999000+00:00,-0.0016789928296703227,0,0.000972543300937101,0.0003397048818876147,0.0004719375117530067,77522.01953125,77562.876953125,103.88424966998865,141.90426506910055,77525.99515920441,77576.52543393165,-50.53027472723625,39.96703481405575,-0.29973167546647295,-1.0,-0.20673968986121824,0,6
2026-04-26 01:00:00+00:00,77544.75,77591.6796875,77471.8515625,77477.4609375,0.0,2026-04-26 01:59:59.999000+00:00,-0.0005531814027850412,1,-0.0016789928296703227,0.000972543300937101,0.00037227884777069065,77544.96614583333,77559.43912760417,62.57009037302305,142.9731900752495,77518.52835586527,77569.18732308486,-50.658967219584156,41.71632626497569,-0.5733815553882853,0.0,-0.20673968986121824,1,6
2026-04-26 02:00:00+00:00,77471.84375,77620.546875,77471.84375,77545.7109375,0.0,2026-04-26 02:59:59.999000+00:00,0.000880901350846397,0,-0.0005531814027850412,-0.0016789928296703227,0.002033740721240962,77553.07291666667,77555.72037760417,58.11592984766204,142.08137316995783,77522.71029150138,77567.44833156005,-44.73804005866987,48.87808637401073,-0.07044864418785014,0.0,-0.20673968986121824,2,6
2026-04-26 03:00:00+00:00,77536.6328125,77564.5234375,77346.4375,77408.0,0.0,2026-04-26 03:59:59.999000+00:00,-0.0017758678827639596,1,0.000880901350846397,-0.0005531814027850412,0.0006691785223735813,77529.58463541667,77543.5576171875,83.19386416811595,141.69548491176602,77505.06255434733,77555.63734403708,-50.574789689751924,38.96717477405479,-0.9566826866213269,0.0,-0.20673968986121824,3,6
2026-04-26 04:00:00+00:00,77400.0234375,77838.0,77394.8828125,77790.6171875,0.0,2026-04-26 04:59:59.999000+00:00,0.004942863625206684,1,-0.0017758678827639596,0.000880901350846397,0.0003397048818876147,77565.47526041667,77549.78515625,136.32886708985902,149.25426285520297,77548.99403637082,77573.04325836767,-24.04922199685825,53.27249202901899,1.6135688632467402,0.0,-0.20673968986121824,4,6
2026-04-26 05:00:00+00:00,77790.0625,78212.609375,77736.0,78004.96875,938505216.0,2026-04-26 05:59:59.999000+00:00,0.0027554937889662234,1,0.004942863625206684,-0.0017758678827639596,0.000972543300937101,77624.51692708333,77569.06770833333,227.11246749706095,175.76886757935065,77619.14399231377,77605.03773922933,14.106253084435593,70.60930481071775,2.479967286982062,0.0,4.692251848686354,5,6
2026-04-26 06:00:00+00:00,78025.0078125,78073.90625,77921.8828125,78019.1875,0.0,2026-04-26 06:59:59.999000+00:00,0.00018228005507658906,1,0.0027554937889662234,0.004942863625206684,-0.0016789928296703227,77707.65755208333,77589.599609375,268.82670760667577,197.9514351215067,77680.68914734242,77635.71549928642,44.973648055995,69.46043757196907,2.1701681039155387,-1.0,-0.21120130797421505,6,6
2026-04-26 07:00:00+00:00,78024.640625,78148.8203125,77985.6171875,78126.3125,107668480.0,2026-04-26 07:59:59.999000+00:00,0.0013730596720198385,0,0.00018228005507658906,0.0027554937889662234,-0.0005531814027850412,77815.79947916667,77614.78059895833,287.5595309853864,225.49641330255628,77749.24658621282,77672.0560178578,77.19056835501397,78.89904366080705,2.2684702321864942,0.0,0.32743320659118536,7,6
2026-04-26 08:00:00+00:00,78123.0,78226.0,78047.0,78060.0,1555864.829277,2026-04-26 08:59:59.999000+00:00,-0.0008487857403995935,0,0.0013730596720198385,0.00018228005507658906,0.000880901350846397,77901.51432291667,77630.92057291667,266.8543747828024,243.00108317067807,77797.05480371854,77700.79260912759,96.26219459094864,74.90751132726442,1.7657510883684147,-0.985549486448801,-0.2265455802636712,8,6
2026-04-26 09:00:00+00:00,78039.9375,78081.28125,77940.6875,78026.921875,110282752.0,2026-04-26 09:59:59.999000+00:00,-0.000423752562131674,0,-0.0008487857403995935,0.0013730596720198385,-0.0017758678827639596,78004.66796875,77642.951171875,113.47502457082241,255.37494155811547,77832.41896853107,77724.95033252555,107.46863600552024,72.78530201133643,1.5035566950394,69.88196218899535,0.31646114719646234,9,6
2026-04-26 10:00:00+00:00,78024.6328125,78070.7421875,77975.4375,78024.640625,0.0,2026-04-26 10:59:59.999000+00:00,-2.923670375787335e-05,1,-0.000423752562131674,-0.0008487857403995935,0.004942863625206684,78043.671875,77651.91634114583,44.35368718391188,265.06795260891613,77861.99153106475,77747.14961344958,114.84191761516558,69.49845523056045,1.4061461605812928,-1.0,-0.25837445203608284,10,6
2026-04-26 11:00:00+00:00,78031.1875,78172.203125,78031.1875,78118.0,0.0,2026-04-26 11:59:59.999000+00:00,0.001196537071522119,0,-2.923670375787335e-05,-0.000423752562131674,0.0027554937889662234,78062.51041666667,77669.07584635417,48.443043262136754,281.5505974874887,77901.37744936248,77774.62001245332,126.75743690915988,70.40627083601808,1.5944706125717862,0.0,-0.25837445203608284,11,6
2026-04-26 12:00:00+00:00,78121.3515625,78135.21875,77791.9765625,77850.8125,137375744.0,2026-04-26 12:59:59.999000+00:00,-0.0034203064594587884,1,0.001196537071522119,-2.923670375787335e-05,0.00018228005507658906,78034.44791666667,77680.55631510417,99.94773792092747,283.1725969928046,77893.59822638363,77780.26390041974,113.3343259638932,58.42526456606388,0.6012452712723283,0.0,0.4267202831171156,12,6
2026-04-26 13:00:00+00:00,77851.7421875,78003.8828125,77820.84375,77993.75,367250432.0,2026-04-26 13:59:59.999000+00:00,0.0018360437792477313,1,-0.0034203064594587884,0.001196537071522119,0.0013730596720198385,78012.35416666667,77692.7392578125,89.70637390200112,290.3064266793653,77909.00619155538,77796.07768557384,112.92850598154473,60.07322982050435,1.0368724717209148,1.6733280658338052,1.4676737940196494,13,6
2026-04-26 14:00:00+00:00,77975.71875,78189.640625,77893.4375,78108.3828125,190869504.0,2026-04-26 14:59:59.999000+00:00,0.0014697692122767059,0,0.0018360437792477313,-0.0034203064594587884,-0.0008487857403995935,78020.41796875,77710.59016927083,96.74439886167153,302.4061801809018,77939.67951785456,77819.21139867947,120.46811917508603,67.42910864219257,1.315424979050391,-0.4802742560150345,0.5533586767418018,14,6
2026-04-26 15:00:00+00:00,78123.0390625,78146.71875,78014.8125,78073.1328125,0.0,2026-04-26 15:59:59.999000+00:00,-0.0004512959906571856,0,0.0014697692122767059,0.0018360437792477313,-0.000423752562131674,78028.11979166667,77740.55143229167,99.17463289889503,301.1658061389086,77960.21079395385,77838.0203922958,122.190401658052,67.73558747999553,1.1043132169358227,-1.0,-0.38697455792766255,15,6
2026-04-26 16:00:00+00:00,78084.390625,78112.296875,77954.359375,77954.359375,0.0,2026-04-26 16:59:59.999000+00:00,-0.0015213099977074984,1,-0.0004512959906571856,0.0014697692122767059,-2.923670375787335e-05,78016.40625,77762.49609375,103.71431065100566,296.5300589168137,77959.31057565326,77846.63809471834,112.67248093492526,61.81176863774111,0.6470281021453677,0.0,-0.38697455792766255,16,6
2026-04-26 17:00:00+00:00,77935.9921875,78077.109375,77872.9375,78037.4609375,348411904.0,2026-04-26 17:59:59.999000+00:00,0.0010660284192733904,1,-0.0015213099977074984,-0.0004512959906571856,0.001196537071522119,78002.98307291667,77794.28483072917,92.54643255976598,282.50703336694113,77971.33370824507,77860.77312010957,110.56058813550044,68.78733753363585,0.8607789472447338,0.0,1.218988280334142,17,6
2026-04-26 18:00:00+00:00,78054.1484375,78330.0625,78010.0078125,78301.9921875,414023680.0,2026-04-26 18:59:59.999000+00:00,0.0033897982689603534,0,0.0010660284192733904,-0.0015213099977074984,-0.0034203064594587884,78078.1796875,77835.576171875,122.59493722896872,281.2177158870726,78022.20424351507,77893.45601399035,128.74822952471732,66.42032170344281,1.658558438090354,0.18831668851360495,1.3910005728291217,18,6
2026-04-26 19:00:00+00:00,78316.5703125,78520.90625,78063.9765625,78258.0,637310976.0,2026-04-26 19:59:59.999000+00:00,-0.0005618271805225561,0,0.0033897982689603534,0.0010660284192733904,0.0018360437792477313,78122.22135416667,77873.83528645833,133.20402051766118,273.1791365930352,78058.48051374352,77920.45927221328,138.0212415302376,59.12296910561777,1.4062739868527205,0.5393104471705579,2.068993676850372,19,6
2026-04-26 20:00:00+00:00,78274.03125,78402.203125,78180.0625,78228.578125,237776896.0,2026-04-26 20:59:59.999000+00:00,-0.00037595996575434665,1,-0.0005618271805225561,0.0033897982689603534,0.0014697692122767059,78142.25390625,77904.31477864583,139.59154273744795,270.10561417812164,78084.64937701375,77943.28289093822,141.36648607552343,57.46765187736133,1.200505762684131,-0.6269060082844078,0.38207031916937595,20,6
2026-04-26 21:00:00+00:00,78224.9765625,78917.609375,77891.671875,78437.9609375,554913792.0,2026-04-26 21:59:59.999000+00:00,0.0026765514281166247,0,-0.00037595996575434665,-0.0005618271805225561,-0.0004512959906571856,78203.05859375,77941.35774739583,177.71362165946115,280.0278936170177,78139.00500170395,77979.92570920206,159.07929250189045,60.358984746264476,1.773406154971671,1.3337582470586207,1.5249983794896567,21,6
2026-04-26 22:00:00+00:00,78383.5625,78882.546875,78024.7578125,78339.53125,2106273792.0,2026-04-26 22:59:59.999000+00:00,-0.0012548731038333205,1,0.0026765514281166247,-0.00037595996575434665,-0.0015213099977074984,78267.25390625,77973.20182291667,134.1327046112833,280.042436256918,78169.85519374949,78006.56315666858,163.29203708091518,59.097196090595666,1.308121126139785,2.7956774950729644,3.9607875099200536,22,6
2026-04-26 23:00:00+00:00,78300.078125,78886.0078125,78059.046875,78664.640625,751665152.0,2026-04-26 23:59:59.999000+00:00,0.004150004088772308,1,-0.0012548731038333205,0.0026765514281166247,0.0010660284192733904,78371.78385416667,78015.44856770833,160.94113701265138,304.6740244079606,78245.9760293265,78055.30963580424,190.66639352226048,67.43934641975098,2.1307758630003817,-0.6431303684948476,0.978340045465655,23,6
2026-04-27 00:00:00+00:00,78673.84375,79346.4765625,78419.9609375,79263.96875,1547227136.0,2026-04-27 00:59:59.999000+00:00,0.0076187740799202874,1,0.004150004088772308,-0.0012548731038333205,0.0033897982689603534,78532.11328125,78088.099609375,391.5099253909309,380.045861018179,78402.5902940455,78144.83994055948,257.75035348601523,75.54854794238153,3.094019067790226,1.0583994507171193,2.2347771102008673,0,0
2026-04-27 01:00:00+00:00,79352.71875,79488.7265625,78765.890625,79298.0,2230464512.0,2026-04-27 01:59:59.999000+00:00,0.00042934072740341556,0,0.0076187740799202874,0.004150004088772308,-0.0005618271805225561,78705.44661458333,78163.95540364583,468.52488017841847,431.12000901752816,78540.34563342312,78230.25920422174,310.0864292013721,74.93544914845705,2.6304615249441237,0.4415882840358871,2.738755939316598,1,0
2026-04-27 02:00:00+00:00,79307.8515625,79321.859375,79048.0,79150.0,805343232.0,2026-04-27 02:59:59.999000+00:00,-0.0018663774622310614,0,0.00042934072740341556,0.0076187740799202874,-0.00037595996575434665,78859.01692708333,78230.80078125,430.4181519337941,454.8148714607323,78634.13861289648,78298.38815205717,335.75046083930647,78.9103843452501,2.0210403758298425,-0.6389347475975444,0.5036439970836326,2,0
2026-04-27 03:00:00+00:00,79103.7578125,79332.0,79091.8671875,79120.0234375,592953344.0,2026-04-27 03:59:59.999000+00:00,-0.0003787310486418338,0,-0.0018663774622310614,0.00042934072740341556,0.0026765514281166247,78972.69401041667,78302.13509114583,384.60377118148506,454.41270478767643,78708.89012437394,78359.25002505294,349.64009932099725,76.38927024642408,1.7998800159787092,-0.26372592400453676,0.13983436151566736,3,0
2026-04-27 04:00:00+00:00,79124.3828125,79175.90625,78897.1171875,78942.0234375,243953664.0,2026-04-27 04:59:59.999000+00:00,-0.002249746552977272,0,-0.0003787310486418338,-0.0018663774622310614,-0.0012548731038333205,79073.109375,78350.1103515625,236.2822186424642,458.81976946658364,78744.7567879318,78402.41842597495,342.33836195684853,68.96941598105654,1.2900775540375002,-0.5885786521510873,-0.4247974363547662,4,0
2026-04-27 05:00:00+00:00,78954.2421875,78954.2421875,77602.0078125,77798.7109375,1913896960.0,2026-04-27 05:59:59.999000+00:00,-0.01448293887355423,0,-0.002249746552977272,-0.0003787310486418338,0.004150004088772308,78928.78776041667,78341.51627604167,567.7004001044212,467.41678418215656,78599.21127248075,78357.69935275459,241.51191972616652,45.84887376208372,-1.161287649290179,6.845329840998002,1.9661439620227954,5,0
2026-04-27 06:00:00+00:00,77779.5078125,77879.1328125,77493.0078125,77707.9765625,967970816.0,2026-04-27 06:59:59.999000+00:00,-0.0011662709305414465,0,-0.01448293887355423,-0.002249746552977272,0.0076187740799202874,78669.45572916667,78328.54915364583,719.1569775760163,480.8708391875521,78462.09824017603,78309.57173866166,152.52650151436683,46.24112934176558,-1.2905182443466676,-0.4942408937208407,0.5444112924233694,6,0
2026-04-27 07:00:00+00:00,77695.0,77749.109375,77572.0078125,77621.2109375,736251904.0,2026-04-27 07:59:59.999000+00:00,-0.0011165600860835179,1,-0.0011662709305414465,-0.01448293887355423,0.00042934072740341556,78389.99088541667,78307.50325520833,751.1430544826486,500.7491319890406,78332.73096284125,78258.58204968672,74.14891315452405,43.656689763554546,-1.3705312178620983,-0.23938625852124862,0.17033369049397623,7,0
2026-04-27 08:00:00+00:00,77606.4609375,77821.8203125,77563.0234375,77811.5625,512008192.0,2026-04-27 08:59:59.999000+00:00,0.00245231374518573,1,-0.0011165600860835179,-0.0011662709305414465,-0.0018663774622310614,78166.91796875,78297.15169270833,675.2000929195844,508.5944227817468,78252.55119932721,78225.46949045068,27.081708876532502,42.35337109446373,-0.9547670421795196,-0.30457471251578594,-0.1949907862934217,8,0
2026-04-27 09:00:00+00:00,77815.953125,77989.3984375,77706.421875,77902.453125,716265472.0,2026-04-27 09:59:59.999000+00:00,0.0011680863624863314,0,0.00245231374518573,-0.0011165600860835179,-0.0003787310486418338,77963.98958333333,78291.96549479167,488.6569080173139,512.0923780347001,78198.68995712302,78201.54235226914,-2.8523951461247634,44.53632604843474,-0.7606291100963771,0.39893361706212693,0.07475663823676587,9,0
2026-04-27 10:00:00+00:00,77890.6875,77948.453125,77792.4765625,77857.4375,402022400.0,2026-04-27 10:59:59.999000+00:00,-0.000577846052264519,0,0.0011680863624863314,0.00245231374518573,-0.002249746552977272,77783.22526041667,78284.99869791667,102.64166083523577,517.0011776030694,78146.18957910409,78176.05310395292,-29.863524848828092,44.32390064854687,-0.8270023675747487,-0.4387243058394975,-0.4377992264845568,10,0
2026-04-27 11:00:00+00:00,77850.4375,77896.9609375,77745.0078125,77847.890625,229912576.0,2026-04-27 11:59:59.999000+00:00,-0.00012261994880069516,0,-0.000577846052264519,0.0011680863624863314,-0.01448293887355423,77791.421875,78273.744140625,106.03324849617489,523.6913273831321,78100.29743231884,78151.74477217863,-51.4473398597911,40.38814441517454,-0.8131765667248598,-0.4281100356597045,-0.7301354294412441,11,0
2026-04-27 12:00:00+00:00,77843.140625,77878.0,77624.9921875,77671.0390625,146503680.0,2026-04-27 12:59:59.999000+00:00,-0.002271757925361273,1,-0.00012261994880069516,-0.000577846052264519,-0.0011662709305414465,77785.265625,78266.25358072917,112.70914232313662,531.235049160858,78034.25768311594,78116.13694183207,-81.8792587161297,39.381981619773015,-1.1204353311577913,-0.3627852701715629,-0.862567744064726,12,0
2026-04-27 13:00:00+00:00,77654.0,77961.3828125,77576.9765625,77750.0,685049856.0,2026-04-27 13:59:59.999000+00:00,0.001016607199453956,1,-0.002271757925361273,-0.00012261994880069516,-0.0011165600860835179,77806.73046875,78256.09733072917,83.76400244577614,538.9454095803351,77990.52573186734,78089.01568688154,-98.48995501419995,34.239929353357056,-0.9390511946715686,3.6759907737471167,-0.03500067857945794,13,0
2026-04-27 14:00:00+00:00,77743.9609375,78277.2109375,77675.296875,77807.8125,832782336.0,2026-04-27 14:59:59.999000+00:00,0.0007435691318327109,0,0.001016607199453956,-0.002271757925361273,0.00245231374518573,77806.10546875,78243.57356770833,83.73472283862469,545.9736015627672,77962.41600388775,78068.1858211866,-105.76981729886029,19.152499735197537,-0.7981357825012566,0.21565215831532125,0.15914734631867464,14,0
2026-04-27 15:00:00+00:00,77833.5,77840.6328125,76566.671875,76772.921875,3475200000.0,2026-04-27 15:59:59.999000+00:00,-0.013300600437777366,0,0.0007435691318327109,0.001016607199453956,0.0011680863624863314,77617.85026041667,78189.39811197917,419.6672123924648,622.7335190783324,77779.41690713579,77972.2403436913,-192.82343655551085,12.436834936381686,-2.2746105574590016,3.1729991737000534,3.1776551908758615,15,0
2026-04-27 16:00:00+00:00,76748.9296875,76857.9765625,76536.640625,76610.0078125,1258008576.0,2026-04-27 16:59:59.999000+00:00,-0.0021220250385318717,1,-0.013300600437777366,0.0007435691318327109,-0.000577846052264519,77409.9453125,78133.38346354167,562.0676820506463,700.4116476908199,77599.50781565336,77871.33423026973,-271.82641461637104,12.381893453605514,-2.174971898402994,-0.6380039779005524,0.40944509083941744,16,0
2026-04-27 17:00:00+00:00,76631.0078125,76916.28125,76616.0078125,76721.2265625,862670848.0,2026-04-27 17:59:59.999000+00:00,0.001451752234149506,1,-0.0021220250385318717,-0.013300600437777366,-0.00012261994880069516,77222.16796875,78078.54036458333,574.5564952092001,757.4573761335113,77464.38762286054,77786.14106969419,-321.75344683365256,15.307888730707532,-1.7919342326717076,-0.31425678293627146,-0.11388039929538005,17,0
2026-04-27 18:00:00+00:00,76704.0,76883.453125,76647.0234375,76814.0078125,94588928.0,2026-04-27 18:59:59.999000+00:00,0.0012093295969977103,1,0.001451752234149506,-0.0021220250385318717,-0.002271757925361273,77079.32942708333,78016.541015625,546.4921209621776,798.1749933104479,77364.32919049737,77714.13119879091,-349.80200829354,18.446233046508283,-1.506603455637551,-0.8903533969887899,-1.0543932877216682,18,0
2026-04-27 19:00:00+00:00,76802.0234375,76886.40625,76464.78125,76884.4296875,182620160.0,2026-04-27 19:59:59.999000+00:00,0.0009167842820010375,1,0.0012093295969977103,0.001451752234149506,0.001016607199453956,76935.06770833333,77959.30891927083,437.3983130973706,828.7674889864184,77290.49849772855,77652.67182758418,-362.17332985563553,30.117026626615754,-1.2969611453815648,0.9306716320963062,-0.9064465763218355,19,0
2026-04-27 20:00:00+00:00,76867.9375,77051.28125,76836.3984375,76955.3671875,305152000.0,2026-04-27 20:59:59.999000+00:00,0.00092265105286371,0,0.0009167842820010375,0.0012093295969977103,0.0007435691318327109,76792.99348958333,77906.25846354167,121.82324669380162,851.2274090364323,77238.93983461647,77601.01963202239,-362.0797974059242,33.49076974753049,-1.1170825398092576,0.6709655713805092,-0.7615175174215066,20,0
2026-04-27 21:00:00+00:00,76938.2421875,76980.5390625,76777.0,76777.0,0.0,2026-04-27 21:59:59.999000+00:00,-0.0023178004864223833,1,0.00092265105286371,0.0009167842820010375,-0.013300600437777366,76793.67317708333,77837.0517578125,121.7001785714194,873.3517112480876,77167.8721677524,77539.98114076148,-372.10897300907527,32.19686110918899,-1.2137741807336744,-1.0,-1.0841857137083404,21,0
2026-04-27 22:00:00+00:00,76805.296875,77076.46875,76735.0,77051.109375,0.0,2026-04-27 22:59:59.999000+00:00,0.003570201688005481,1,-0.0023178004864223833,0.00092265105286371,-0.0021220250385318717,76867.19010416667,77783.36751302083,121.79217196929186,880.6900875997377,77149.90866117511,77503.76841737174,-353.85975619663077,34.510381790174534,-0.8314594978768858,0.0,-1.0051390081501972,22,0
2026-04-27 23:00:00+00:00,77029.140625,77444.3984375,77007.7578125,77364.40625,0.0,2026-04-27 23:59:59.999000+00:00,0.004066091683057049,1,0.003570201688005481,-0.0023178004864223833,0.001451752234149506,76974.38671875,77729.19108072917,215.00628868822315,863.9542530549846,77182.9082902251,77493.44529386272,-310.5370036376262,39.95103189055424,-0.42222702121006345,0.0,-0.9466507121783985,23,0
2026-04-28 00:00:00+00:00,77380.9375,77478.9765625,77213.9296875,77381.796875,0.0,2026-04-28 00:59:59.999000+00:00,0.0002247884504380515,0,0.004066091683057049,0.003570201688005481,0.0012093295969977103,77069.01822916667,77650.76725260417,252.0592891128757,801.7676937217437,77213.50653403661,77485.17504061363,-271.66850657701434,41.02395499150783,-0.3354717079652234,0.0,-0.8706488914338776,0,1
2026-04-28 01:00:00+00:00,77368.3203125,77399.6875,77043.609375,77078.359375,0.0,2026-04-28 01:59:59.999000+00:00,-0.003921303358852768,0,0.0002247884504380515,0.004066091683057049,0.0009167842820010375,77101.33984375,77558.2822265625,235.5485651900989,728.1338425474744,77192.7146634156,77455.04054686447,-262.32588344888063,36.92780965829162,-0.6591135084223324,0.0,-0.8112071962570732,1,1
2026-04-28 02:00:00+00:00,77103.5625,77226.2265625,76688.03125,76888.0234375,0.0,2026-04-28 02:59:59.999000+00:00,-0.0024693823148723704,0,-0.003921303358852768,0.0002247884504380515,0.00092265105286371,77090.11588541667,77464.033203125,245.29804001431577,655.9628443623618,77145.83909019781,77413.03927950414,-267.20018930632796,36.75940604523356,-0.8781134031835578,0.0,-0.7584292679487836,2,1
2026-04-28 03:00:00+00:00,76876.0390625,76894.71875,76677.6171875,76809.3125,0.0,2026-04-28 03:59:59.999000+00:00,-0.0010237086867499468,1,-0.0024693823148723704,-0.003921303358852768,-0.0023178004864223833,77095.50130208333,77367.75358072917,237.2722526801075,565.7041779348009,77094.06576862892,77368.31877731865,-274.25300868973136,34.091869953071495,-0.9871609624094618,0.0,-0.7181143444929591,3,1
2026-04-28 04:00:00+00:00,76808.0,76952.84375,76697.53125,76885.6015625,0.0,2026-04-28 04:59:59.999000+00:00,0.0009932267327610322,0,-0.0010237086867499468,-0.0024693823148723704,0.003570201688005481,77067.91666666667,77282.0693359375,252.5915257011166,463.372796712746,77061.9943523014,77332.56194659135,-270.5675942899543,34.501185621289196,-0.8556129670324135,0.0,-0.6999680220128355,4,1
2026-04-28 05:00:00+00:00,76900.5625,77147.0390625,76808.0,76881.7890625,0.0,2026-04-28 05:59:59.999000+00:00,-4.958665761234382e-05,0,0.0009932267327610322,-0.0010237086867499468,0.004066091683057049,76987.48046875,77243.8642578125,213.03986231511178,456.6753533318029,77034.27046156272,77299.17136258459,-264.9009010218724,52.800048224727234,-0.792850309680343,0.0,-0.6378516704611356,5,1
2026-04-28 06:00:00+00:00,76891.0078125,77029.3984375,76586.203125,76702.9921875,0.0,2026-04-28 06:59:59.999000+00:00,-0.002325607626724846,1,-4.958665761234382e-05,0.0009932267327610322,0.0002247884504380515,76874.34635416667,77201.98990885417,122.94885222062184,458.34124369729,76983.30457324538,77255.00994220795,-271.70536896257545,52.372163847122785,-1.0887035112287058,0.0,-0.58500621949635,6,1
2026-04-28 07:00:00+00:00,76702.9921875,76914.2421875,76442.0,76872.953125,326801408.0,2026-04-28 07:59:59.999000+00:00,0.0022158319076330812,0,-0.002325607626724846,-4.958665761234382e-05,-0.003921303358852768,76840.11197916667,77170.8125,73.39042872208773,454.0137038260574,76966.32742736147,77226.70943722958,-260.38200986811717,53.75812250616323,-0.6560581156248897,0.0,-0.12294053544414489,7,1
2026-04-28 08:00:00+00:00,76879.921875,77000.3671875,76743.71875,76857.03125,719095808.0,2026-04-28 08:59:59.999000+00:00,-0.00020711933590100706,0,0.0022158319076330812,-0.002325607626724846,-0.0024693823148723704,76834.94661458333,77131.04036458333,70.37249900110884,436.930427216728,76949.51263084431,77199.32586780516,-249.8132369608502,51.10782984441698,-0.6271229868992698,1.2004060888256638,0.3935863194538425,8,1
2026-04-28 09:00:00+00:00,76852.2421875,76867.4375,76485.046875,76587.2421875,0.0,2026-04-28 09:59:59.999000+00:00,-0.003510271709850854,1,-0.00020711933590100706,0.0022158319076330812,-0.0010237086867499468,76797.93489583333,77076.23990885417,124.2920870334423,418.04166689296693,76893.77871648365,77153.9863359307,-260.20761944705737,43.060116467446036,-1.1697344070713693,-1.0,-0.5320506726192207,9,1
2026-04-28 10:00:00+00:00,76580.6796875,76684.6796875,76476.8203125,76610.0078125,0.0,2026-04-28 10:59:59.999000+00:00,0.0002972508782110861,0,-0.003510271709850854,-0.00020711933590100706,0.0009932267327610322,76752.00260416667,77024.263671875,135.80508546810123,393.51919466773137,76850.12165433232,77113.69163049139,-263.56997615906585,41.74959500115714,-1.0526954338905314,0.0,-0.5066086559449272,10,1
2026-04-28 11:00:00+00:00,76636.5625,76636.5625,76122.4765625,76219.9765625,1286920192.0,2026-04-28 11:59:59.999000+00:00,-0.005091126618268826,1,0.0002972508782110861,-0.003510271709850854,-4.958665761234382e-05,76641.70052083333,76956.43391927083,238.9238342711153,385.60029933160075,76753.17625558889,77047.49051434388,-294.31425875499554,37.91521890201528,-1.9098983015506033,0.0,1.1185470149523842,11,1
2026-04-28 12:00:00+00:00,76250.0,76420.5390625,76162.3125,76383.4921875,713492480.0,2026-04-28 12:59:59.999000+00:00,0.0021453119296870327,0,-0.005091126618268826,0.0002972508782110861,-0.002325607626724846,76588.45052083333,76902.7861328125,257.4196934634998,371.1522754936951,76696.30178357521,76998.30545309618,-302.003669520971,34.785766934079675,-1.3991398668423938,-0.4455814086721549,0.3447325507778263,12,1
2026-04-28 13:00:00+00:00,76369.3125,76412.8125,75968.5078125,76191.3203125,818823168.0,2026-04-28 13:59:59.999000+00:00,-0.0025158822868202035,0,0.0021453119296870327,-0.005091126618268826,0.0022158319076330812,76474.84505208333,76837.84114583333,257.16063008491864,352.3539544267115,76618.61232648672,76938.52877601498,-319.9164495282603,21.704637533683837,-1.8348618632228315,0.1476269070137921,0.47267651678160943,13,1
2026-04-28 14:00:00+00:00,76190.390625,76198.0078125,75660.703125,75940.0078125,288567296.0,2026-04-28 14:59:59.999000+00:00,-0.0032984400187480167,1,-0.0025158822868202035,0.0021453119296870327,-0.00020711933590100706,76322.0078125,76760.01595052083,257.09422415729244,334.62660004537776,76514.21163202722,76864.56426019905,-350.35262817183684,18.749851834040584,-2.4505168982669923,-0.6475828881285391,-0.18434177070787128,14,1
2026-04-28 15:00:00+00:00,75943.8984375,76071.3828125,75841.859375,76050.296875,0.0,2026-04-28 15:59:59.999000+00:00,0.0014523182927805856,1,-0.0032984400187480167,-0.0025158822868202035,-0.003510271709850854,76232.51692708333,76729.90657552083,239.12885602326745,364.584392907754,76442.8401309461,76804.24815759172,-361.4080266456149,25.681010075622623,-1.864066903963114,-1.0,-0.6811627190161933,15,1
2026-04-28 16:00:00+00:00,76043.0078125,76178.0,75861.96875,76109.2734375,0.0,2026-04-28 16:59:59.999000+00:00,0.0007754941785031999,1,0.0014523182927805856,-0.0032984400187480167,0.0002972508782110861,76149.06119791667,76709.04264322917,152.84860855290253,385.47336344186976,76391.52217810824,76752.76854869604,-361.24637058780354,30.357846614644913,-1.555929054017809,0.0,-0.6337451440094147,16,1
2026-04-28 17:00:00+00:00,76077.9921875,76249.9921875,75939.1015625,76166.7890625,0.0,2026-04-28 17:59:59.999000+00:00,0.0007556979905638528,1,0.0007754941785031999,0.0014523182927805856,-0.005091126618268826,76140.19661458333,76685.94108072917,149.4170598730103,401.0120645262659,76356.94785263005,76709.36266082966,-352.41480819961,33.61869440339086,-1.2946044873798743,0.0,-0.5713497567996383,17,1
2026-04-28 18:00:00+00:00,76177.921875,76264.0,76111.0078125,76220.65625,831488.0,2026-04-28 18:59:59.999000+00:00,0.0007072267081627004,1,0.0007556979905638528,0.0007754941785031999,0.0021453119296870327,76113.05729166667,76661.21809895833,104.39257535460175,410.9408616955941,76335.97991376389,76673.16218595339,-337.1822721895005,32.85097740543286,-1.0720809002553662,0.0,-0.5548387820260557,18,1
2026-04-28 19:00:00+00:00,76222.53125,76377.59375,76044.75,76325.9765625,0.0,2026-04-28 19:59:59.999000+00:00,0.0013817817594556914,1,0.0007072267081627004,0.0007556979905638528,-0.0025158822868202035,76135.5,76637.94921875,134.66737798294076,413.55478619737727,76334.44093664637,76647.44473236425,-313.00379571788653,36.37870955389623,-0.7543683851868295,-1.0,-0.5318788719315124,19,1
2026-04-28 20:00:00+00:00,76338.2109375,76478.328125,76321.453125,76461.9921875,12216320.0,2026-04-28 20:59:59.999000+00:00,0.0017820358300770778,0,0.0013817817594556914,0.0007072267081627004,-0.0032984400187480167,76222.49739583333,76617.39192708333,150.76152380371184,409.33127667495756,76354.06420600846,76633.70750681876,-279.6433008102904,43.96731775620517,-0.37964296509579587,0.0,-0.46096448838338366,20,1
2026-04-28 21:00:00+00:00,76466.0625,76483.2734375,76265.671875,76349.5234375,54958080.0,2026-04-28 21:59:59.999000+00:00,-0.001470910537148984,0,0.0017820358300770778,0.0013817817594556914,0.0014523182927805856,76272.36848958333,76599.58040364583,130.5412005715126,411.3795954357019,76353.36562623794,76612.65683501736,-259.2912087794248,36.50927249662727,-0.6078497060141916,3.4987426655490363,-0.34642712602158365,21,1
2026-04-28 22:00:00+00:00,76384.8515625,76439.7421875,76206.0078125,76229.796875,0.0,2026-04-28 22:59:59.999000+00:00,-0.0015681376531185842,1,-0.001470910537148984,0.0017820358300770778,0.0007754941785031999,76292.45572916667,76565.35904947917,107.69994282533808,406.31525378703344,76334.35504912441,76584.29683797904,-249.94178885463043,34.654933830781104,-0.8258665441466627,-1.0,-0.50384378415791,22,1
2026-04-28 23:00:00+00:00,76219.1796875,76352.6328125,76176.5,76315.90625,0.0,2026-04-28 23:59:59.999000+00:00,0.001129602577076172,1,-0.0015681376531185842,-0.001470910537148984,0.0007556979905638528,76317.30859375,76521.67154947917,88.37218450519566,371.5456489209292,76331.51677233604,76564.4160536843,-232.89928134826187,42.70636017321109,-0.5538089332408295,0.0,-0.50384378415791,23,1
2026-04-29 00:00:00+00:00,76309.3203125,76536.71875,76255.9765625,76502.3515625,0.0,2026-04-29 00:59:59.999000+00:00,0.0024430727702982047,1,0.001129602577076172,-0.0015681376531185842,0.0007072267081627004,76364.2578125,76485.02799479167,100.71947662197367,323.2574405632456,76357.79904774588,76559.81868396694,-202.0196362210554,47.3401996587426,0.053590623244878136,0.0,-0.50384378415791,0,2
2026-04-29 01:00:00+00:00,76486.8125,76630.3203125,76166.578125,76544.703125,427264000.0,2026-04-29 01:59:59.999000+00:00,0.0005535981788140631,0,0.0024430727702982047,0.001129602577076172,0.0013817817594556914,76400.71223958333,76462.79231770833,121.52659793867838,298.0404380649768,76386.5535211696,76558.69901293235,-172.14549176275614,59.687049907009914,0.2748311867459203,0.0,0.6660582036964501,1,2
2026-04-29 02:00:00+00:00,76555.4375,76642.6328125,76387.0625,76509.2734375,0.0,2026-04-29 02:59:59.999000+00:00,-0.0004628626940017533,1,0.0005535981788140631,0.0024430727702982047,0.0017820358300770778,76408.59244791667,76447.01106770833,127.67246031067032,284.254035451853,76405.43350829736,76555.03785919663,-149.6043508992734,54.062701873385016,0.21903776913034373,-1.0,-0.5524144007139071,2,2
2026-04-29 03:00:00+00:00,76517.9921875,77117.03125,76496.203125,76987.2734375,30533632.0,2026-04-29 03:59:59.999000+00:00,0.006247608669169624,1,-0.0004628626940017533,0.0005535981788140631,-0.001470910537148984,76514.88411458333,76454.42610677083,262.71517463043745,296.1866124807208,76494.9473435593,76587.05530944132,-92.10796588202356,71.701955438163,1.7990257097249975,0.0,-0.46987602165339415,3,2
2026-04-29 04:00:00+00:00,76996.4375,77441.1015625,76879.8125,77260.5625,1264224256.0,2026-04-29 04:59:59.999000+00:00,0.0035497953141809813,1,0.006247608669169624,-0.0004628626940017533,-0.0015681376531185842,76686.67838541667,76470.04947916667,358.5465677600321,328.0903357175956,76612.73429070401,76636.94473096418,-24.21044026016898,85.57903200683666,2.409437081114648,40.40431953853377,2.482810174146364,4,2
2026-04-29 05:00:00+00:00,77266.0,77321.3515625,77186.75,77280.359375,174544896.0,2026-04-29 05:59:59.999000+00:00,0.0002562351911430394,0,0.0035497953141809813,0.006247608669169624,0.001129602577076172,76847.42057291667,76486.65657552083,374.8959968310141,358.51436938142547,76715.44584213417,76684.60507496684,30.84076716733398,84.83979465392105,2.213866074178875,-0.8619351786903224,-0.19779733891812792,5,2
2026-04-29 06:00:00+00:00,77276.1484375,77317.1484375,76922.296875,77001.609375,148881408.0,2026-04-29 06:59:59.999000+00:00,-0.0036069966839488155,1,0.0002562351911430394,0.0035497953141809813,0.0024430727702982047,76930.63020833333,76499.09895833333,336.420435283085,371.302554443727,76759.47100103661,76708.08687496929,51.38412606732163,72.47600269194895,1.35337182751009,-0.1470308704987856,-0.27822082350766536,6,2
2026-04-29 07:00:00+00:00,77011.0,77175.0,77004.359375,77034.0390625,0.0,2026-04-29 07:59:59.999000+00:00,0.0004211559701572387,0,-0.0036069966839488155,0.0002562351911430394,0.0005535981788140631,77012.18619791667,76505.81087239583,278.4740372919879,379.71506947462717,76801.71224126175,76732.23148145304,69.48075980870635,72.12372448979592,1.3911172681005963,-1.0,-0.6086735795077389,7,2
2026-04-29 08:00:00+00:00,77048.3984375,77143.65625,76947.703125,77029.453125,0.0,2026-04-29 08:59:59.999000+00:00,-5.95313131157571e-05,1,0.0004211559701572387,-0.0036069966839488155,-0.0004628626940017533,77098.8828125,76512.9951171875,134.17751788434475,388.18574754829143,76836.7493002984,76754.24789949355,82.50140080484562,71.16472858708273,1.3304404169250215,0.0,-0.5483218504396814,8,2
2026-04-29 09:00:00+00:00,77020.15625,77788.03125,76948.9921875,77646.2421875,679464960.0,2026-04-29 09:59:59.999000+00:00,0.008007184751774199,0,-5.95313131157571e-05,0.0004211559701572387,0.006247608669169624,77208.7109375,76557.1201171875,246.89688620724147,451.94439518085255,76961.28666756018,76820.321550457,140.96511710318737,77.25358018320216,2.4098585620841053,0.0,1.0713518538601203,9,2
2026-04-29 10:00:00+00:00,77682.6328125,77896.1875,77560.7578125,77618.0,1459795968.0,2026-04-29 10:59:59.999000+00:00,-0.00036372896748559924,0,0.008007184751774199,-5.95313131157571e-05,0.0035497953141809813,77268.28385416667,76599.11979166667,299.44138653212445,501.22326923857526,77062.31948793554,76879.40884301574,182.9106449198007,74.97409238974498,2.0327871247500995,1.1484492268740394,2.4507397829380384,10,2
2026-04-29 11:00:00+00:00,77622.5625,77679.4921875,77474.8828125,77581.921875,0.0,2026-04-29 11:59:59.999000+00:00,-0.00046481647298302065,0,-0.00036372896748559924,0.008007184751774199,0.0002562351911430394,77318.54427083333,76655.86751302083,326.00369717200743,532.5505758015748,77142.2583167147,76931.44684538494,210.81147132975457,77.53318881406933,1.738904066689459,-1.0,-0.5953330733689071,11,2
2026-04-29 12:00:00+00:00,77580.7421875,77593.9921875,76980.0,77122.0234375,778452992.0,2026-04-29 12:59:59.999000+00:00,-0.0059279072544888844,0,-0.00046481647298302065,-0.00036372896748559924,-0.0036069966839488155,77338.61328125,76686.6396484375,305.66261515322924,537.4423935735676,77139.14525837397,76945.56362998605,193.58162838792487,67.3033159701705,0.8101031743468198,0.0,1.220251835101853,12,2
2026-04-29 13:00:00+00:00,77117.40625,77220.9921875,76420.0390625,76758.2109375,0.0,2026-04-29 13:59:59.999000+00:00,-0.004717361964638234,0,-0.0059279072544888844,-0.00046481647298302065,0.0004211559701572387,77292.64192708333,76710.26009114583,373.78320052979643,527.0842893061329,77080.53997823951,76931.68565276486,148.85432547464734,57.743704777666835,0.09097377274760975,-1.0,-0.5355202296768528,13,2
2026-04-29 14:00:00+00:00,76737.921875,76848.03125,76465.78125,76545.2109375,0.0,2026-04-29 14:59:59.999000+00:00,-0.00277494742775386,0,-0.004717361964638234,-0.0059279072544888844,-5.95313131157571e-05,77211.93489583333,76735.47688802083,479.3479726211483,502.53712261130227,76998.18166427959,76903.05789607858,95.12376820101053,50.74345311339625,-0.37861073731660144,0.0,-0.5038448621031312,14,2
2026-04-29 15:00:00+00:00,76542.96875,76613.5625,75675.8515625,75897.671875,859480064.0,2026-04-29 15:59:59.999000+00:00,-0.008459563368748424,0,-0.00277494742775386,-0.004717361964638234,0.008007184751774199,76920.50651041667,76729.11751302083,659.9930053654342,512.4526218120254,76828.87246592889,76828.58485748016,0.28760844872158486,40.723940342907326,-1.622482943068665,0.0,1.4153346951230021,15,2
2026-04-29 16:00:00+00:00,75842.609375,76094.890625,75665.0390625,75766.9375,1276588032.0,2026-04-29 16:59:59.999000+00:00,-0.001722508369101372,1,-0.008459563368748424,-0.00277494742775386,-0.00036372896748559924,76611.99609375,76714.853515625,700.1579916402817,534.7359153753715,76665.49785578599,76749.94431248163,-84.44645669564488,39.64070237256796,-1.7726806604332648,0.48530266782313647,2.0441615195241583,16,2
2026-04-29 17:00:00+00:00,75779.46875,76132.0390625,75770.890625,76132.0390625,226410496.0,2026-04-29 17:59:59.999000+00:00,0.004818745148568171,0,-0.001722508369101372,-0.008459563368748424,-0.00046481647298302065,76370.34895833333,76713.40559895833,527.3231966587038,536.3291173342267,76583.42727220352,76704.17355322374,-120.74628102021234,37.67690458071982,-1.0839734738773015,-0.8226440399528985,-0.17209867807028048,17,2
2026-04-29 18:00:00+00:00,76181.28125,76190.8671875,74927.65625,75483.90625,2440900608.0,2026-04-29 18:59:59.999000+00:00,-0.008513272736172528,1,0.004818745148568171,-0.001722508369101372,-0.0059279072544888844,76097.32942708333,76682.70768229167,482.46801646026285,584.6654653433014,76414.27019186452,76613.78338261457,-199.51319075004722,26.89588049074868,-2.0504057505564557,9.780863304146465,3.1798050015066384,18,2
2026-04-29 19:00:00+00:00,75494.9921875,75567.8984375,75268.1875,75529.6328125,657338368.0,2026-04-29 19:59:59.999000+00:00,0.0006057789636448874,1,-0.008513272736172528,0.004818745148568171,-0.004717361964638234,75892.56640625,76649.52669270833,399.45579022716447,626.8650897171682,76278.17213350075,76533.47593297645,-255.30379947570327,27.385587276598756,-1.7864990387542672,-0.7306984291594719,0.34705400552228266,19,2
2026-04-29 20:00:00+00:00,75523.8125,75838.6015625,75462.4765625,75646.8828125,626049024.0,2026-04-29 20:59:59.999000+00:00,0.0015523708461693264,1,0.0006057789636448874,-0.008513272736172528,-0.00277494742775386,75742.84505208333,76615.56380208333,244.02511446030306,658.7378717822612,76181.05069950063,76467.8023684967,-286.75166899607575,31.738884103177597,-1.4705105491543922,-0.04760005732694428,0.25969455601179087,20,2
2026-04-29 21:00:00+00:00,75625.7421875,76016.09375,75579.2109375,75901.8828125,269602816.0,2026-04-29 21:59:59.999000+00:00,0.0033709254171390146,0,0.0015523708461693264,0.0006057789636448874,-0.008459563368748424,75743.546875,76596.912109375,244.5649162280883,672.7856512935319,76138.10179380822,76425.88240138584,-287.78060757761705,35.60290254767705,-1.0330620094805847,-0.5693582999659783,-0.32355547015726405,21,2
2026-04-29 22:00:00+00:00,75883.59375,75980.4375,75791.7421875,75895.5078125,208089088.0,2026-04-29 22:59:59.999000+00:00,-8.399001136438766e-05,0,0.0033709254171390146,0.0015523708461693264,-0.001722508369101372,75764.97526041667,76582.9833984375,252.52720337690155,684.082070658949,76100.77964283773,76386.5953948017,-285.81575196396443,35.58671012152665,-1.0049606844326182,-0.22816426368484222,-0.4397604019549481,22,2
2026-04-29 23:00:00+00:00,75900.0390625,75959.78125,75685.171875,75752.8828125,296615936.0,2026-04-29 23:59:59.999000+00:00,-0.001879228482828732,1,-8.399001136438766e-05,0.0033709254171390146,0.004818745148568171,75701.78255208333,76559.52408854167,179.0533017873232,703.030677306686,76047.257053555,76339.65372203861,-292.396668483605,22.635484555731708,-1.1473770662923533,0.4254276322264434,-0.320385523130452,23,2
2026-04-30 00:00:00+00:00,75800.78125,76305.671875,75622.140625,76232.5625,16420864.0,2026-04-30 00:59:59.999000+00:00,0.006332164132780038,0,-0.001879228482828732,-8.399001136438766e-05,-0.008513272736172528,75826.55859375,76548.28287760417,245.41529335444565,706.1346555683399,76075.7655837773,76331.72103892463,-255.95545514732657,32.287725578403595,-0.447110724724395,-0.9446393062306673,-0.7800958869984774,0,3
2026-04-30 01:00:00+00:00,76205.90625,76430.796875,76148.3671875,76212.84375,0.0,2026-04-30 01:59:59.999000+00:00,-0.000258665711256878,0,0.006332164132780038,-0.001879228482828732,0.0006057789636448874,75940.42708333333,76534.45540364583,238.4946271550504,709.4492446872931,76096.85453242695,76322.9153138191,-226.06078139215242,32.423351280220174,-0.45332581020307744,-1.0,-0.767573206700252,1,3
2026-04-30 02:00:00+00:00,76218.140625,76327.1796875,75472.0,75673.171875,583127040.0,2026-04-30 02:59:59.999000+00:00,-0.007081114526709897,1,-0.000258665711256878,0.006332164132780038,0.0015523708461693264,75944.80859375,76499.61783854167,232.181117901587,730.9424158247442,76031.6725851305,76274.78617020287,-243.11358507238037,31.77255026841931,-1.1306581006236556,0.0,0.1361807963235383,2,3
2026-04-30 03:00:00+00:00,75673.5078125,75972.4921875,75650.8515625,75901.8203125,0.0,2026-04-30 03:59:59.999000+00:00,0.003021525751262244,0,-0.007081114526709897,-0.000258665711256878,0.0033709254171390146,75944.79817708333,76454.390625,232.18343029941545,733.0350436329493,76011.69531241812,76247.1590696323,-235.46375721418008,38.846765889731344,-0.7538115910003984,-1.0,-0.8139713021189933,3,3
2026-04-30 04:00:00+00:00,75902.859375,75937.953125,75361.0390625,75456.2734375,0.0,2026-04-30 04:59:59.999000+00:00,-0.005870042024889721,1,0.003021525751262244,-0.007081114526709897,-8.399001136438766e-05,75871.59244791667,76379.2119140625,307.77203738335095,739.2566575408435,75926.24579319994,76188.57494873361,-262.3291555336764,36.62813900656966,-1.2484682649090761,0.0,-0.7456470338152144,4,3
2026-04-30 05:00:00+00:00,75455.09375,75725.328125,75315.0390625,75567.8984375,4648960.0,2026-04-30 05:59:59.999000+00:00,0.0014793335916920558,1,-0.005870042024889721,0.003021525751262244,-0.001879228482828732,75840.76171875,76307.859375,330.4702728634121,731.0945845691416,75871.11543078456,76142.59891086446,-271.4834800798999,45.336697695691655,-1.0121275045910558,0.0,-0.7208022883598917,5,3
2026-04-30 06:00:00+00:00,75577.46875,75842.7421875,75543.0625,75726.171875,0.0,2026-04-30 06:59:59.999000+00:00,0.002094453342921909,1,0.0014793335916920558,-0.005870042024889721,0.006332164132780038,75756.36328125,76254.71614583333,269.4206409391146,724.8020456676063,75848.81642220232,76111.75246376339,-262.93604156107176,49.427991370540575,-0.7292256885761033,-1.0,-0.7136366655117607,6,3
2026-04-30 07:00:00+00:00,75724.9765625,76146.546875,75683.9375,76134.328125,0.0,2026-04-30 07:59:59.999000+00:00,0.005389896780649828,0,0.002094453342921909,0.0014793335916920558,-0.000258665711256878,75743.27734375,76217.22819010417,243.47195445039316,705.7587612114493,75892.74129955581,76113.4247349661,-220.68343541029026,50.031735853716135,-0.11746232517449995,0.0,-0.7136366655117607,7,3
2026-04-30 08:00:00+00:00,76147.90625,76176.328125,75991.0390625,76035.7421875,0.0,2026-04-30 08:59:59.999000+00:00,-0.0012948946937331174,1,0.005389896780649828,0.002094453342921909,-0.007081114526709897,75803.70572916667,76175.82356770833,266.4974043085459,684.8763285932937,75914.74143616261,76107.67047219083,-192.92903602821752,59.02612189193955,-0.2045352925192342,0.0,-0.7136366655117607,8,3
2026-04-30 09:00:00+00:00,76023.7578125,76321.9765625,75980.9765625,76071.859375,0.0,2026-04-30 09:59:59.999000+00:00,0.0004750027613453778,0,-0.0012948946937331174,0.005389896780649828,0.003021525751262244,75832.04557291667,76110.22428385417,287.25088628732567,609.1218810240764,75938.91342675299,76105.01779832484,-166.10437157185515,58.89691348054485,-0.06298396109112207,0.0,-0.6627546186240598,9,3
2026-04-30 10:00:00+00:00,76077.046875,76137.1484375,75949.9921875,75994.2890625,0.0,2026-04-30 10:59:59.999000+00:00,-0.0010196978638002951,1,0.0004750027613453778,-0.0012948946937331174,-0.005870042024889721,75921.71484375,76042.56966145833,223.35628118765734,517.6821053951841,75947.43275532946,76096.81566974522,-149.3829144157644,55.775484970335505,-0.09326302465385088,0.0,-0.600699985391866,10,3
2026-04-30 11:00:00+00:00,76013.0390625,76206.0078125,75848.0,76039.6015625,0.0,2026-04-30 11:59:59.999000+00:00,0.0005962619107171552,1,-0.0010196978638002951,0.0004750027613453778,0.0014793335916920558,76000.33203125,75978.30631510417,142.17411707704952,400.82352397286604,75961.61257181723,76092.57758772705,-130.9650159098237,52.46110372711738,0.15292327852488494,0.0,-0.600699985391866,11,3
2026-04-30 12:00:00+00:00,76039.7578125,76387.5078125,76017.4609375,76278.4375,5537792.0,2026-04-30 12:59:59.999000+00:00,0.0031409414646088596,1,0.0005962619107171552,-0.0010196978638002951,0.002094453342921909,76092.37630208333,75943.15690104167,102.384932042885,326.21057217567653,76010.35486846074,76106.34498863616,-95.99012017542555,56.318206075480745,1.0278042085581685,0.0,-0.5382812536594762,12,3
2026-04-30 13:00:00+00:00,76302.4609375,76614.0,76074.96875,76382.0,0.0,2026-04-30 13:59:59.999000+00:00,0.0013576903695753373,0,0.0031409414646088596,0.0005962619107171552,0.005389896780649828,76133.65494791667,75927.4814453125,157.6779901475857,292.65498795634016,76067.5310425437,76126.76387836682,-59.23283582311706,60.5157657481189,1.5530866494416542,-1.0,-0.5480308183315589,13,3
2026-04-30 14:00:00+00:00,76382.5703125,76558.21875,76056.0703125,76268.4921875,0.0,2026-04-30 14:59:59.999000+00:00,-0.0014860544696394529,1,0.0013576903695753373,0.0031409414646088596,-0.0012948946937331174,76172.44661458333,75915.95149739583,157.40213149394353,271.9804751172807,76098.44814176775,76137.26227163595,-38.814129868202144,50.684340375635756,1.296198522898206,0.0,-0.5480308183315589,14,3
2026-04-30 15:00:00+00:00,76281.953125,76620.90625,76124.3671875,76438.84375,0.0,2026-04-30 15:59:59.999000+00:00,0.0022335771642265634,0,-0.0014860544696394529,0.0013576903695753373,0.0004750027613453778,76233.61067708333,75938.50032552083,180.15578854769794,292.08895942986567,76150.8166968804,76159.60164040365,-8.78494352324924,54.07094889360481,1.7129830085183704,0.0,-0.4928288746183746,15,3
2026-04-30 16:00:00+00:00,76424.9921875,76452.21875,76181.9921875,76220.046875,0.0,2026-04-30 16:59:59.999000+00:00,-0.0028623781348079413,0,0.0022335771642265634,-0.0014860544696394529,-0.0010196978638002951,76271.23697916667,75957.3798828125,139.06491333582525,295.14530224792344,76161.46749351418,76164.07906518856,-2.6115716743806843,61.13847994755367,0.8899582347641721,0.0,-0.4284078262330765,16,3
2026-04-30 17:00:00+00:00,76208.703125,76296.7421875,76073.8125,76210.4296875,0.0,2026-04-30 17:59:59.999000+00:00,-0.00012617661487102083,1,-0.0028623781348079413,0.0022335771642265634,0.0005962619107171552,76299.70833333333,75960.64615885417,91.51404594096313,297.58590767537066,76169.00013874276,76167.51244461905,1.48769412371621,56.90135923687061,0.8393661198443286,0.0,-0.4086693524892802,17,3
2026-04-30 18:00:00+00:00,76222.3671875,76442.03125,76165.5234375,76316.0,0.0,2026-04-30 18:59:59.999000+00:00,0.0013852475695634858,1,-0.00012617661487102083,-0.0028623781348079413,0.0031409414646088596,76305.96875,75995.31673177083,91.05154163818328,287.943669836191,76191.61550201311,76178.51152279541,13.103979217703454,72.67351538902145,1.1137014000398267,0.0,-0.5148374984832774,18,3
2026-04-30 19:00:00+00:00,76296.75,76495.328125,76280.0,76381.3203125,0.0,2026-04-30 19:59:59.999000+00:00,0.0008559189750509955,1,0.0013852475695634858,-0.00012617661487102083,0.0013576903695753373,76305.85546875,76030.8037109375,90.93838152532594,280.4405886140653,76220.80085747264,76193.53439610686,27.26646136578347,71.98938947226141,1.2498782836491311,0.0,-0.45836659111555117,19,3
2026-04-30 20:00:00+00:00,76380.03125,76538.6875,76291.96875,76461.5,0.0,2026-04-30 20:59:59.999000+00:00,0.0010497290066728837,0,0.0008559189750509955,0.0013852475695634858,-0.0014860544696394529,76338.0234375,76064.74609375,107.67495736094277,281.2497910957728,76257.83149478454,76213.38370009894,44.44779468559136,70.75457552370452,1.410681603368356,0.0,-0.40579246392819185,20,3
2026-04-30 21:00:00+00:00,76450.3125,76507.2109375,76205.609375,76207.90625,0.0,2026-04-30 21:59:59.999000+00:00,-0.0033166201290846242,0,0.0010497290066728837,0.0008559189750509955,0.0022335771642265634,76299.53385416667,76077.4970703125,105.68494796590137,280.48107113389733,76250.15068789461,76212.97796305458,37.17272484002751,52.27525294009644,0.464948237541651,0.0,-0.34366900090701946,21,3
2026-04-30 22:00:00+00:00,76234.453125,76418.40625,76164.9296875,76205.359375,0.0,2026-04-30 22:59:59.999000+00:00,-3.342008887696757e-05,1,-0.0033166201290846242,0.0010497290066728837,-0.0028623781348079413,76297.0859375,76090.40755208333,108.038178461147,278.86648395847567,76243.25971668006,76212.41362319869,30.846093481362914,55.57627405957683,0.4122109666423316,0.0,-0.2884954779542485,22,3
2026-04-30 23:00:00+00:00,76205.359375,76344.0625,76177.0,76305.0,0.0,2026-04-30 23:59:59.999000+00:00,0.0013075277882974579,1,-3.342008887696757e-05,-0.0033166201290846242,-0.00012617661487102083,76312.84765625,76113.41243489583,99.42230743594314,272.5128990013323,76252.7582218062,76219.27187333212,33.48634847407811,57.35734995364982,0.7030403544429464,0.0,-0.21376659002245985,23,3
2026-05-01 00:00:00+00:00,76295.7265625,76559.0625,76295.7265625,76423.2421875,0.0,2026-05-01 00:59:59.999000+00:00,0.0015495994692353854,1,0.0013075277882974579,-3.342008887696757e-05,0.0013852475695634858,76330.72135416667,76121.357421875,109.2558253594533,278.8437487319737,76278.98652422063,76234.3807854927,44.60573872792884,63.19792317677035,1.0826305663935594,0.0,-0.20783263815619582,0,4
2026-05-01 01:00:00+00:00,76424.6328125,76746.0078125,76415.3515625,76650.7421875,0.0,2026-05-01 01:59:59.999000+00:00,0.002976843084487868,0,0.0015495994692353854,0.0013075277882974579,0.0008559189750509955,76375.625,76139.60319010417,171.72025599965446,298.70931931157594,76336.17970318669,76265.22237082658,70.9573323601071,66.90788051701034,1.711158522184146,0.0,-0.20783263815619582,1,4
2026-05-01 02:00:00+00:00,76666.5390625,76715.5,76506.296875,76566.4609375,0.0,2026-05-01 02:59:59.999000+00:00,-0.0010995490401624064,1,0.002976843084487868,0.0015495994692353854,0.0010497290066728837,76393.11848958333,76176.82356770833,186.894054454694,293.67445224921045,76371.60758538873,76287.53633872831,84.07124666041636,58.713666466553526,1.3267663114972885,0.0,-0.29394489470134266,2,4
2026-05-01 03:00:00+00:00,76551.9921875,77420.1171875,76523.203125,77091.84375,1196818432.0,2026-05-01 03:59:59.999000+00:00,0.0068617878646481945,0,-0.0010995490401624064,0.002976843084487868,-0.0033166201290846242,76540.44140625,76226.40787760417,315.7011571578254,341.7510142796817,76482.41314917507,76347.11466548918,135.29848368589592,67.10853355426678,2.532357875279265,0.0,4.6947735939732596,3,4
2026-05-01 04:00:00+00:00,77101.1796875,77175.53125,76944.1015625,77004.9921875,299325440.0,2026-05-01 04:59:59.999000+00:00,-0.0011265985903988751,1,0.0068617878646481945,-0.0010995490401624064,-3.342008887696757e-05,76673.71354166667,76290.93782552083,314.73633135556423,336.18085932210766,76562.80992430198,76395.84633378628,166.9635905157047,67.9820545687603,2.1240184923645784,-0.7498990389880626,0.9495620855428615,4,4
2026-05-01 05:00:00+00:00,77011.171875,77160.140625,76999.78125,77140.578125,0.0,2026-05-01 05:59:59.999000+00:00,0.0017607421759080477,0,-0.0011265985903988751,0.0068617878646481945,0.0013075277882974579,76812.9765625,76356.46614583333,303.6255986929448,342.3354404784134,76651.69733979399,76451.01165165396,200.68568814003083,67.42911695992673,2.2904785378658894,-1.0,-0.25110785846160083,5,4
2026-05-01 06:00:00+00:00,77144.8125,77161.328125,76861.6796875,76971.9921875,0.0,2026-05-01 06:59:59.999000+00:00,-0.0021854378278941544,1,0.0017607421759080477,-0.0011265985903988751,0.0015495994692353854,76904.43489583333,76408.37532552083,238.38953266819084,337.0191368091846,76700.9734702103,76489.60280245736,211.3706677529408,69.15395361610501,1.6723586301815356,0.0,-0.25110785846160083,6,4
2026-05-01 07:00:00+00:00,76953.9921875,77119.2734375,76930.0,77108.0234375,193923072.0,2026-05-01 07:59:59.999000+00:00,0.0017672824378591745,1,-0.0021854378278941544,0.0017607421759080477,0.002976843084487868,76980.6484375,76448.94596354167,212.78398758588577,360.3914441666624,76763.59654210102,76535.41173838645,228.18480371456826,71.48060067605971,1.828782243935678,0.0,0.4926954289430343,7,4
2026-05-01 08:00:00+00:00,77097.5,77489.828125,77022.546875,77358.3984375,667494400.0,2026-05-01 08:59:59.999000+00:00,0.0032470680590450662,0,0.0017672824378591745,-0.0021854378278941544,-0.0010995490401624064,77112.63802083333,76504.056640625,136.38284610393407,394.0183067930201,76855.10452600855,76596.37371609856,258.73080990999006,73.32909041952394,2.1682794483043915,2.4420576835746495,2.0497929543634785,8,4
2026-05-01 09:00:00+00:00,77366.890625,77383.203125,77185.6015625,77266.0,0.0,2026-05-01 09:59:59.999000+00:00,-0.00119442024869032,1,0.0032470680590450662,0.0017672824378591745,0.0068617878646481945,77141.6640625,76553.8125,149.01934904056833,412.0525248017313,76918.31921431494,76645.97566305423,272.3435512607102,69.56221301648395,1.72839008896423,-1.0,-0.3546860065451013,9,4
2026-05-01 10:00:00+00:00,77250.0078125,77413.578125,77140.0078125,77280.046875,35166208.0,2026-05-01 10:59:59.999000+00:00,0.00018179891543490534,1,-0.00119442024869032,0.0032470680590450662,-0.0011265985903988751,77187.50651041667,76607.3857421875,140.63801273885525,419.65696079645795,76973.9696236511,76692.94390097614,281.0257226749527,68.64518379317218,1.6028832967189937,0.0,-0.2336655564556234,10,4
2026-05-01 11:00:00+00:00,77292.0,77574.7265625,77246.3984375,77452.7265625,601319424.0,2026-05-01 11:59:59.999000+00:00,0.0022344666506131095,1,0.00018179891543490534,-0.00119442024869032,0.0017607421759080477,77239.53125,76666.26595052083,173.66359125188302,435.3705229839433,77047.62453732015,76749.22409812605,298.400439194098,79.44022970241417,1.806416765629713,16.09935356123697,1.6181377489163888,11,4
2026-05-01 12:00:00+00:00,77466.34375,78151.96875,77392.0078125,77889.2734375,576391168.0,2026-05-01 12:59:59.999000+00:00,0.005636300933159921,1,0.0022344666506131095,0.00018179891543490534,-0.0021854378278941544,77392.41145833333,76733.38411458333,268.7559585518821,493.29470766161285,77177.10898350166,76833.67219733894,343.4367861627252,83.04191462550934,2.3432023594901024,-0.04145593008483961,1.3924978827491452,12,4
2026-05-01 13:00:00+00:00,77894.96875,78940.40625,77894.96875,78759.96875,1674403840.0,2026-05-01 13:59:59.999000+00:00,0.011178629278120855,0,0.005636300933159921,0.0022344666506131095,0.0017672824378591745,77667.73567708333,76832.46614583333,582.3512124655163,637.4123261958676,77420.62587065525,76976.36083086938,444.265039785867,86.98129728050313,3.0239493730379756,1.904978308064568,3.34473318657822,13,4
2026-05-01 14:00:00+00:00,78780.0,78888.6484375,78065.1015625,78364.2734375,1997266944.0,2026-05-01 14:59:59.999000+00:00,-0.00502406639794406,1,0.011178629278120855,0.005636300933159921,0.0032470680590450662,77835.38151041667,76919.79036458333,619.1137608854881,697.5150734006919,77565.8024194006,77079.16917210128,486.63324729932356,76.98383046753494,2.0708987203304194,0.1928227207123463,3.008010560127919,14,4
2026-05-01 15:00:00+00:00,78355.6796875,78742.4375,78189.9765625,78445.1171875,1108422656.0,2026-05-01 15:59:59.999000+00:00,0.0010316403949623965,0,-0.00502406639794406,0.011178629278120855,-0.00119442024869032,78031.90104166667,77003.38509114583,588.6207572139957,755.2058681751068,77701.08161449281,77180.35050657525,520.7311079175561,76.00543478260869,1.9090583867389683,-0.445030290352615,1.3045524068045469,15,4
2026-05-01 16:00:00+00:00,78476.2890625,78691.0,78157.0234375,78202.9296875,1087266816.0,2026-05-01 16:59:59.999000+00:00,-0.003087349585075172,1,0.0010316403949623965,-0.00502406639794406,0.00018179891543490534,78185.71484375,77086.00520833333,459.21367022531524,774.0123649144913,77778.28901034007,77256.09711256968,522.1918977703899,72.67892562341386,1.4430318297176858,-0.019086437727956374,1.1628841679600646,16,4
2026-05-01 17:00:00+00:00,78190.84375,78596.296875,78125.328125,78550.0,402960384.0,2026-05-01 17:59:59.999000+00:00,0.0044380730221604825,0,-0.003087349585075172,0.0010316403949623965,0.0022344666506131095,78368.59375,77183.4873046875,299.7164203428283,805.626148129451,77897.01377798006,77351.94177089786,545.072007082199,71.25843986623781,1.696211944566779,-0.6293822472367261,-0.011966707767201563,17,4
2026-05-01 18:00:00+00:00,78575.0,78627.03125,78375.0078125,78436.171875,349507584.0,2026-05-01 18:59:59.999000+00:00,-0.0014491168045830394,0,0.0044380730221604825,-0.003087349585075172,0.005636300933159921,78459.74348958333,77271.82779947917,186.6112825967946,822.4342886152882,77979.96117752159,77432.25511194246,547.7060655791283,70.70230833037625,1.415729003080848,-0.13265026072637454,-0.12843312202315413,18,4
2026-05-01 19:00:00+00:00,78458.0078125,78552.9765625,78310.1796875,78373.9765625,117395456.0,2026-05-01 19:59:59.999000+00:00,-0.0007929417131564698,0,-0.0014491168045830394,0.0044380730221604825,0.011178629278120855,78395.41145833333,77354.85514322917,115.332520377245,829.1808691109987,78040.57892905673,77502.0122564282,538.5666726285272,68.22839091368834,1.2290701066987633,-0.6641118494298539,-0.5367792512944791,19,4
2026-05-01 20:00:00+00:00,78398.8203125,78419.25,77750.203125,77872.8125,461291520.0,2026-05-01 20:59:59.999000+00:00,-0.0063945213000687895,1,-0.0007929417131564698,-0.0014491168045830394,-0.00502406639794406,78313.50130208333,77413.65983072917,244.29179438177263,812.9561097320397,78014.76870920185,77529.47894113723,485.2897680646129,62.121623070664,0.5647939215589028,2.9293813893444054,0.021918540484808093,20,4
2026-05-01 21:00:00+00:00,77872.8125,78207.0390625,77856.9296875,78207.0390625,430862336.0,2026-05-01 21:59:59.999000+00:00,0.004291954428896405,0,-0.0063945213000687895,-0.0007929417131564698,0.0010316403949623965,78273.82161458333,77496.95703125,237.889472475744,786.0117373080863,78044.3487635554,77579.6685797567,464.68018379870045,64.03971368461394,0.9033987630793804,-0.06596519268335999,-0.06322055653879508,21,4
2026-05-01 22:00:00+00:00,78207.7109375,78417.421875,78130.578125,78146.6796875,145272832.0,2026-05-01 22:59:59.999000+00:00,-0.0007717895438000832,1,0.004291954428896405,-0.0063945213000687895,-0.003087349585075172,78264.44661458333,77577.84537760417,242.30933375371225,746.1966523608139,78060.09198262381,77621.6694025525,438.42258007130295,60.583975294966685,0.7623115275258242,-0.6628323715907254,-0.5828685179896455,22,4
2026-05-01 23:00:00+00:00,78132.1171875,78234.046875,78032.0703125,78234.046875,0.0,2026-05-01 23:59:59.999000+00:00,0.0011179897578421638,1,-0.0007717895438000832,0.004291954428896405,0.0044380730221604825,78211.78776041667,77658.22233072917,198.1488051096559,705.9385165838764,78086.85427375861,77667.03069680788,419.82357695073006,63.0152094449813,0.815686537486741,-1.0,-0.8414660318193037,23,4
2026-05-02 00:00:00+00:00,78234.390625,78391.3828125,78168.0,78346.0234375,0.0,2026-05-02 00:59:59.999000+00:00,0.00143130218840537,0,0.0011179897578421638,-0.0007717895438000832,-0.0014491168045830394,78196.76302083333,77738.33821614583,180.35036687478868,667.7633151871082,78126.72645279574,77717.32645537767,409.39999741807696,63.96413914502973,0.9100308560435029,0.0,-0.8414660318193037,0,5
2026-05-02 01:00:00+00:00,78317.109375,78438.84375,78292.8828125,78342.0,0.0,2026-05-02 01:59:59.999000+00:00,-5.135471238315592e-05,1,0.00143130218840537,0.0011179897578421638,-0.0007929417131564698,78191.43359375,77808.80729166667,174.4419663776834,636.506821944015,78159.84546005794,77763.59856979414,396.24689026380656,62.18790621178799,0.8376857717013225,0.0,-0.8414660318193037,1,5
2026-05-02 02:00:00+00:00,78348.0,78479.71875,78254.84375,78358.1015625,0.0,2026-05-02 02:59:59.999000+00:00,0.00020552912230997755,1,-5.135471238315592e-05,0.00143130218840537,-0.0063945213000687895,78272.31510416667,77883.458984375,88.49621034762089,587.6553344194706,78190.34639889518,77807.63582851308,382.71057038209983,57.26249546169672,0.807688708541865,0.0,-0.8414660318193037,2,5
2026-05-02 03:00:00+00:00,78365.171875,78508.9609375,78244.4375,78409.6328125,0.0,2026-05-02 03:59:59.999000+00:00,0.0006576378060780819,0,0.00020552912230997755,-5.135471238315592e-05,0.004291954428896405,78306.08072916667,77938.36686197917,96.86318500417251,571.8254307652272,78224.082770219,77852.2281976973,371.85457252169726,42.72730516352738,0.8241430429041461,0.0,-0.7721190870968685,3,5
2026-05-02 04:00:00+00:00,78419.40625,78443.546875,78144.859375,78179.3828125,0.0,2026-05-02 04:59:59.999000+00:00,-0.002936501444288031,0,0.0006576378060780819,0.00020552912230997755,-0.0007717895438000832,78311.53125,77987.2998046875,86.46132544077287,537.711473120437,78217.20585364685,77876.46187286788,340.74398077897786,45.87872666480914,0.35722319015773935,0.0,-0.7408130675563396,4,5
2026-05-02 05:00:00+00:00,78176.5078125,78236.71875,78034.28125,78175.7421875,73678848.0,2026-05-02 05:59:59.999000+00:00,-4.656758430454655e-05,1,-0.002936501444288031,0.0006576378060780819,0.0011179897578421638,78301.81380208333,78030.431640625,99.2432086808123,507.5087428571749,78210.8268280858,77898.63078506285,312.1960430229519,43.78151624236215,0.28632126819516457,0.0,-0.6157642183117324,5,5
2026-05-02 06:00:00+00:00,78206.0,78337.1171875,78142.90625,78324.0234375,0.0,2026-05-02 06:59:59.999000+00:00,0.0018967680491521755,0,-4.656758430454655e-05,-0.002936501444288031,0.00143130218840537,78298.14713541667,78086.76627604167,97.67720483442157,457.4852686380818,78228.2416910726,77930.14135191005,298.10033916255634,52.922124441025865,0.5186115875700983,-1.0,-0.7492946256150121,6,5
2026-05-02 07:00:00+00:00,78324.0234375,78348.2421875,78200.0,78220.2109375,0.0,2026-05-02 07:59:59.999000+00:00,-0.0013254234836753698,1,0.0018967680491521755,-4.656758430454655e-05,-5.135471238315592e-05,78277.84895833333,78133.107421875,99.38114808905333,407.64773923743746,78227.00619052297,77951.62798787968,275.3782026432891,40.98324938803235,0.2136734912057636,0.0,-0.7283754873712559,7,5
2026-05-02 08:00:00+00:00,78220.21875,78356.7109375,78157.9375,78311.359375,0.0,2026-05-02 08:59:59.999000+00:00,0.0011652798734183012,0,-0.0013254234836753698,0.0018967680491521755,0.00020552912230997755,78270.05859375,78172.81412760417,93.48945592430097,373.9230583974232,78239.98360351943,77978.27475729599,261.70884622343874,46.54465390305307,0.37051806323368275,0.0,-0.6747621322632965,8,5
2026-05-02 09:00:00+00:00,78313.640625,78392.40625,78215.0078125,78299.7890625,0.0,2026-05-02 09:59:59.999000+00:00,-0.00014774756296331848,0,0.0011652798734183012,-0.0013254234836753698,0.0006576378060780819,78251.75130208333,78215.888671875,67.9608541861739,320.6722024096667,78249.1844433626,78002.09063175555,247.09381160704652,47.886941583814725,0.2616391130710331,0.0,-0.6747621322632965,9,5
2026-05-02 10:00:00+00:00,78294.8515625,78317.09375,78221.6015625,78249.9765625,0.0,2026-05-02 10:59:59.999000+00:00,-0.0006361766819095171,0,-0.00014774756296331848,0.0011652798734183012,-0.002936501444288031,78263.51692708333,78256.30240885417,58.35882167198371,251.19443745493194,78249.30630784527,78020.45255255143,228.853755293836,64.46068593679797,-0.025183067022757896,0.0,-0.6709672935985319,10,5
2026-05-02 11:00:00+00:00,78220.5390625,78234.0625,78093.1015625,78147.0390625,0.0,2026-05-02 11:59:59.999000+00:00,-0.0013154956016859787,1,-0.0006361766819095171,-0.00014774756296331848,-4.656758430454655e-05,78258.73307291667,78285.23209635417,67.45982033709858,186.19612599898628,78233.57288548446,78029.82933106614,203.7435544183245,47.20361200116516,-0.7421907040908247,0.0,-0.6230146642131871,11,5
2026-05-02 12:00:00+00:00,78147.0703125,78265.1875,78099.0703125,78213.15625,0.0,2026-05-02 12:59:59.999000+00:00,0.0008460613260998784,1,-0.0013154956016859787,-0.0006361766819095171,0.0018967680491521755,78240.25520833333,78298.72721354167,60.860435427311174,166.99749677221644,78230.4318646407,78043.40910283902,187.02276180167974,53.0816981391744,-0.5124086599836271,0.0,-0.5780753492372301,12,5
2026-05-02 13:00:00+00:00,78224.3828125,78410.53125,78224.3828125,78364.6796875,0.0,2026-05-02 13:59:59.999000+00:00,0.0019373139349558866,1,0.0008460613260998784,-0.0013154956016859787,-0.0013254234836753698,78264.33333333333,78282.2568359375,77.61585482813514,136.17814165605753,78251.08537584983,78067.20692392503,183.87845192480017,55.715838626093024,0.6052575733532463,0.0,-0.524396632615605,13,5
2026-05-02 14:00:00+00:00,78367.8125,78479.9921875,78305.0,78415.34375,0.0,2026-05-02 14:59:59.999000+00:00,0.0006465165518705351,1,0.0019373139349558866,0.0008460613260998784,0.0011652798734183012,78281.6640625,78284.384765625,98.9056893305772,137.90354439770866,78276.35589494985,78092.99483696761,183.36105798224162,53.20507726428794,0.9496419033097452,0.0,-0.5379324065446575,14,5
2026-05-02 15:00:00+00:00,78424.09375,78486.4921875,78362.09375,78483.5234375,0.0,2026-05-02 15:59:59.999000+00:00,0.0008694687064991768,0,0.0006465165518705351,0.0019373139349558866,-0.00014774756296331848,78312.28645833333,78285.98502604167,129.38622940688586,140.0558511287396,78308.22782457295,78121.9228814515,186.30494312146038,56.176986080895844,1.4104259826799441,0.0,-0.4984214884742105,15,5
2026-05-02 16:00:00+00:00,78486.4765625,78589.3515625,78417.9921875,78446.03125,0.0,2026-05-02 16:59:59.999000+00:00,-0.0004777077513582473,0,0.0008694687064991768,0.0006465165518705351,-0.0006361766819095171,78344.96223958333,78296.1142578125,135.13170456853223,142.55646104749718,78329.42835156173,78145.93090875138,183.4974428103451,53.76746490282585,1.0516323924283617,0.0,-0.5290853978139364,16,5
2026-05-02 17:00:00+00:00,78450.0,78479.71875,78362.0,78393.078125,0.0,2026-05-02 17:59:59.999000+00:00,-0.0006750261824112203,1,-0.0004777077513582473,0.0008694687064991768,-0.0013154956016859787,78385.96875,78289.57584635417,94.18623988803805,133.73106158566813,78339.22062439838,78164.23810995498,174.98251444339985,49.29155550206281,0.7739584014258716,0.0,-0.4663734423046643,17,5
2026-05-02 18:00:00+00:00,78380.5703125,78481.75,78308.0,78456.0078125,0.0,2026-05-02 18:59:59.999000+00:00,0.0008027454592312022,1,-0.0006750261824112203,-0.0004777077513582473,0.0008460613260998784,78426.44401041667,78290.40234375,43.74258521389897,134.7339950235028,78357.18788410633,78185.85068051387,171.3372035924549,63.8165698944871,1.229129060717839,0.0,-0.40041796386499134,18,5
2026-05-02 19:00:00+00:00,78461.828125,78521.2421875,78431.28125,78484.46875,0.0,2026-05-02 19:59:59.999000+00:00,0.00036276300940540906,0,0.0008027454592312022,-0.0006750261824112203,0.0019373139349558866,78446.40885416667,78295.00618489583,36.681160582814385,139.516738603205,78376.76955578227,78207.97053751285,168.79901826941932,65.04687273918043,1.3579916431605803,0.0,-0.36328548759490686,19,5
2026-05-02 20:00:00+00:00,78469.34375,78482.609375,78415.8671875,78458.671875,0.0,2026-05-02 20:59:59.999000+00:00,-0.0003286876424196672,1,0.00036276300940540906,0.0008027454592312022,0.0006465165518705351,78453.63020833333,78319.4169921875,33.466374035923934,110.71522779469093,78389.369912585,78226.54100695635,162.82890562864486,57.45232844726943,1.2577753357535666,0.0,-0.2943686154722145,20,5
2026-05-02 21:00:00+00:00,78474.9765625,79120.75,78450.0,78724.6875,136123392.0,2026-05-02 21:59:59.999000+00:00,0.0033905190929539586,1,-0.0003286876424196672,0.00036276300940540906,0.0008694687064991768,78493.82421875,78340.98567708333,117.0342602239671,135.51531402252022,78440.95723372577,78263.44074718181,177.5164865439583,73.67097516807554,2.831427766554171,0.0,2.9163255692065984,21,5
2026-05-02 22:00:00+00:00,78746.9921875,78874.1484375,78605.2890625,78833.9765625,0.0,2026-05-02 22:59:59.999000+00:00,0.0013882438402819108,0,0.0033905190929539586,-0.0003286876424196672,-0.0004777077513582473,78558.48177083333,78369.623046875,177.0993761586438,162.5856334161559,78501.42174584488,78305.70265942761,195.7190864172735,74.1116934233955,2.856055026931167,-1.0,-0.28185769485810436,22,5
2026-05-02 23:00:00+00:00,78809.7890625,78829.1171875,78625.1328125,78682.3125,0.0,2026-05-02 23:59:59.999000+00:00,-0.0019238413322936188,0,0.0013882438402819108,0.0033905190929539586,-0.0006750261824112203,78606.6875,78388.30078125,161.77383883855913,171.8195764886586,78529.25109263798,78333.5996846552,195.6514079827757,65.62805216691882,1.7111654257243905,0.0,-0.28185769485810436,23,5
2026-05-03 00:00:00+00:00,78697.5,78735.9375,78499.6015625,78551.7109375,0.0,2026-05-03 00:59:59.999000+00:00,-0.0016598592282096591,0,-0.0019238413322936188,0.0013882438402819108,0.0008027454592312022,78622.63802083333,78396.87109375,148.08471506058055,174.72437140025687,78532.70645338598,78349.75607375482,182.95037963116192,61.564027019258404,0.8861948823114917,0.0,-0.28185769485810436,0,6
2026-05-03 01:00:00+00:00,78551.703125,78551.7109375,78155.6875,78250.0,283268096.0,2026-05-03 01:59:59.999000+00:00,-0.003840921272103892,0,-0.0016598592282096591,-0.0019238413322936188,0.00036276300940540906,78583.55989583333,78393.03776041667,209.88147236945306,176.97525640009408,78489.21315286506,78342.36673495817,146.84641790689784,53.424273131187164,-0.8082359270230473,0.0,4.108085716233193,1,6
2026-05-03 02:00:00+00:00,78221.0,78296.328125,78106.03125,78162.859375,4112384.0,2026-05-03 02:59:59.999000+00:00,-0.0011136182108626436,1,-0.003840921272103892,-0.0016598592282096591,-0.0003286876424196672,78534.2578125,78384.90266927083,270.94608326222607,183.0346593322914,78439.00487934737,78329.06989347978,109.93498586758506,48.35029673134283,-1.2131215753390105,-0.9854823608515376,-0.25983329202813776,2,6
2026-05-03 03:00:00+00:00,78164.0,78209.0,78114.0,78204.0,875681.50322772,2026-05-03 03:59:59.999000+00:00,0.0005263449332453263,0,-0.0011136182108626436,-0.003840921272103892,0.0033905190929539586,78447.4765625,78376.33463541667,280.95542169621694,186.60480407097594,78402.8502825247,78319.80545692572,83.04482559897588,44.31841411736106,-0.9235273243615062,-0.7870623212161802,-0.31111512875129815,3,6
2026-05-03 04:00:00+00:00,78192.5234375,78230.6015625,78107.2734375,78164.859375,0.0,2026-05-03 04:59:59.999000+00:00,-0.0005004939005677222,1,0.0005263449332453263,-0.0011136182108626436,0.0013882438402819108,78335.95703125,78375.7294921875,223.8527795100511,187.29354932282683,78366.23629675167,78308.32796937566,57.90832737600431,41.070175243145684,-1.1258802983333698,-1.0,-0.32482148103118597,4,6
2026-05-03 05:00:00+00:00,78153.9765625,78258.203125,78152.796875,78239.8671875,0.0,2026-05-03 05:59:59.999000+00:00,0.0009596104067703948,1,-0.0005004939005677222,0.0005263449332453263,-0.0019238413322936188,78262.21614583333,78378.4013671875,146.42074492279897,184.75676171978375,78346.79489532833,78303.25680034784,43.53809498049668,41.35568416151135,-0.7498192672245011,0.0,-0.28067893989209053,5,6
2026-05-03 06:00:00+00:00,78239.8671875,78324.03125,78074.90625,78281.1796875,0.0,2026-05-03 06:59:59.999000+00:00,0.000528023646832132,1,0.0009596104067703948,-0.0005004939005677222,-0.0016598592282096591,78217.12760416667,78376.6162109375,48.061824125841845,185.51046097342956,78336.70024797013,78301.6214586554,35.07878931473533,44.16728860878458,-0.5144535943510445,0.0,-0.28067893989209053,6,6
2026-05-03 07:00:00+00:00,78282.5078125,78447.6015625,78282.5,78357.6328125,61689856.0,2026-05-03 07:59:59.999000+00:00,0.0009766475838151045,1,0.000528023646832132,0.0009596104067703948,-0.003840921272103892,78235.06640625,78382.34212239583,75.20639617922066,182.5705236425667,78339.92064251319,78305.77044782907,34.150194684116286,48.766402201280094,-0.13534117886523633,0.0,0.6525237096788068,7,6
2026-05-03 08:00:00+00:00,78357.6328125,78482.2578125,78354.4609375,78382.84375,0.0,2026-05-03 08:59:59.999000+00:00,0.0003217419489984774,1,0.0009766475838151045,0.000528023646832132,-0.0011136182108626436,78271.73046875,78385.32063802083,85.83563038864128,181.94417374166318,78346.52419751116,78311.4795813232,35.04461618795176,47.385027783207214,-0.013613450598013313,-1.0,-0.3189300326252361,8,6
2026-05-03 09:00:00+00:00,78391.6328125,78599.9921875,78354.3203125,78532.4375,137833472.0,2026-05-03 09:59:59.999000+00:00,0.001908501182696698,0,0.0003217419489984774,0.0009766475838151045,0.0005263449332453263,78326.47005208333,78395.01432291667,128.25052441685085,183.38095229299532,78375.1262440479,78327.84683455853,47.27940948937612,51.577838310119745,0.7493863204710695,0.0,1.6522932532318884,9,6
2026-05-03 10:00:00+00:00,78532.4375,78532.4375,78400.15625,78404.7578125,6814720.0,2026-05-03 10:59:59.999000+00:00,-0.001625821018225726,1,0.001908501182696698,0.0003217419489984774,-0.0005004939005677222,78366.453125,78401.46354166667,102.62560190366978,180.76142813982167,78379.68494688669,78333.54394403567,46.14100285101449,48.33799750494916,0.018224412515596606,-0.9505583085072398,-0.288003260068087,10,6
2026-05-03 11:00:00+00:00,78394.5625,78838.0,78379.390625,78657.9921875,305116160.0,2026-05-03 11:59:59.999000+00:00,0.0032298342864038876,1,-0.001625821018225726,0.001908501182696698,0.0009596104067703948,78436.140625,78422.75325520833,136.00956604842705,179.5786184428166,78422.50144544258,78357.57714725526,64.9242981873249,47.92766112392281,1.3099495604293163,43.77310293012772,3.023014046696888,11,6
2026-05-03 12:00:00+00:00,78666.453125,78873.0,78666.453125,78746.1328125,355499008.0,2026-05-03 12:59:59.999000+00:00,0.0011205552360133986,0,0.0032298342864038876,-0.001625821018225726,0.000528023646832132,78513.6328125,78444.96061197917,160.34028795169473,185.39294079829958,78472.29088652834,78386.3590483845,85.9318381438352,47.23419328177578,1.6245073799681096,0.16512677663483966,2.7761232545497108,12,6
2026-05-03 13:00:00+00:00,78749.59375,78768.046875,78575.0,78660.0,0.0,2026-05-03 13:59:59.999000+00:00,-0.0010938037135752587,1,0.0011205552360133986,0.0032298342864038876,0.0009766475838151045,78564.02734375,78457.265625,148.58986546817755,189.5859869987947,78501.16921167783,78406.62874850417,94.5404631736601,49.26724137931034,1.06935316375091,-1.0,-0.49510778553763124,13,6
2026-05-03 14:00:00+00:00,78669.0,78781.0,78608.0,78739.0,2953168.2814888903,2026-05-03 14:59:59.999000+00:00,0.0010043224002034279,0,-0.0010938037135752587,0.0011205552360133986,0.0003217419489984774,78623.38671875,78470.75130208333,131.94048960632517,197.80727989250983,78537.75856372739,78431.24884120756,106.50972251982603,56.366485194529275,1.3561113527390911,0.0,-0.4693329899089789,14,6
2026-05-03 15:00:00+00:00,78715.96875,78800.0,78618.1328125,78656.84375,209302528.0,2026-05-03 15:59:59.999000+00:00,-0.0010433997129757344,0,0.0010043224002034279,-0.0010938037135752587,0.001908501182696698,78644.12109375,78477.97298177083,124.3459614918943,201.424618271442,78556.07936161548,78447.95957519219,108.11978642329632,66.25627450490722,0.8880283341936055,69.87389137691692,1.3043957316658499,15,6
2026-05-03 16:00:00+00:00,78656.84375,78772.25,78580.28125,78650.53125,0.0,2026-05-03 16:59:59.999000+00:00,-8.025366514907706e-05,1,-0.0010433997129757344,0.0010043224002034279,-0.001625821018225726,78685.08333333333,78486.49381510417,44.69557015836572,204.31930879220948,78570.61042136695,78462.96488443721,107.64553692973277,70.83149787086353,0.8028484232131617,-1.0,-0.5572321119814033,16,6
2026-05-03 17:00:00+00:00,78642.3515625,78816.546875,78570.0,78721.359375,301377536.0,2026-05-03 17:59:59.999000+00:00,0.0009005422325103485,1,-8.025366514907706e-05,-0.0010433997129757344,0.0032298342864038876,78695.64453125,78500.17220052083,44.500017003839965,208.73446011908007,78593.80256807973,78482.1052170715,111.69735100823164,71.55299233202713,1.0596581625908217,0.0,1.8601704131258434,17,6
2026-05-03 18:00:00+00:00,78725.46875,78753.6875,78625.046875,78732.28125,0.0,2026-05-03 18:59:59.999000+00:00,0.0001387409349471458,1,0.0009005422325103485,-8.025366514907706e-05,0.0011205552360133986,78693.3359375,78511.68359375,41.623220810716155,213.75072304488896,78615.10698068285,78500.6367750662,114.47020561664249,74.20774061087631,1.0320323276926326,-1.0,-0.6185493139756434,18,6
2026-05-03 19:00:00+00:00,78732.28125,78836.46875,78666.5625,78753.15625,825680896.0,2026-05-03 19:59:59.999000+00:00,0.00026513902135927303,1,0.0001387409349471458,0.0009005422325103485,-0.0010938037135752587,78708.86197916667,78522.87890625,44.00749889015016,219.22947103532158,78636.34532980857,78519.3419213576,117.00340845096798,72.95873082433519,1.0503941037785856,0.0,3.6835755028763,19,6
2026-05-03 20:00:00+00:00,78746.71875,79223.4609375,78719.1328125,78920.7734375,971526144.0,2026-05-03 20:59:59.999000+00:00,0.0021283869178259085,0,0.00026513902135927303,0.0001387409349471458,0.0010043224002034279,78739.15755208333,78542.13313802083,98.15756235346387,233.192960486523,78680.10350022263,78549.07758922,131.02591100262362,75.70391580639489,1.623720967773615,0.17663633578849325,3.1533718870374536,20,6
2026-05-03 21:00:00+00:00,78930.71875,79057.53125,78651.46875,78822.5390625,0.0,2026-05-03 21:59:59.999000+00:00,-0.001244721392369419,1,0.0021283869178259085,0.00026513902135927303,-0.0010433997129757344,78766.7734375,78546.21028645833,93.56882679362097,237.34202425037338,78702.01666364992,78569.33399464816,132.6826690017624,68.36213280671438,1.1642640064035639,-1.0,-0.5506124537973417,21,6
2026-05-03 22:00:00+00:00,78877.1328125,79425.46875,78838.3671875,79168.2578125,1317132288.0,2026-05-03 22:59:59.999000+00:00,0.0043860392485690625,0,-0.001244721392369419,0.0021283869178259085,-8.025366514907706e-05,78853.06119791667,78560.138671875,171.33570460676287,263.34769015021305,78773.74607116531,78613.69872189644,160.04734926887613,74.75389653559205,2.3091872963766265,0.0,3.167557520899412,22,6
2026-05-03 23:00:00+00:00,79178.6328125,79289.34375,78491.0,78558.7421875,955187200.0,2026-05-03 23:59:59.999000+00:00,-0.007698989997273364,0,0.0043860392485690625,-0.001244721392369419,0.0009005422325103485,78825.95833333333,78554.98990885417,205.74281833730305,262.06001698132064,78740.66855060142,78609.6278674967,131.04068310471484,50.64271670452594,0.014318394271095316,-0.27479782501543226,1.8740824955918207,23,6
2026-05-04 00:00:00+00:00,78552.03125,78563.5078125,78275.9765625,78537.4375,525058048.0,2026-05-04 00:59:59.999000+00:00,-0.00027119435605460485,1,-0.007698989997273364,0.0043860392485690625,0.0001387409349471458,78793.484375,78554.39518229167,236.55530600410208,262.0839770923721,78709.40223512427,78604.28043286732,105.12180225695192,53.4195933456562,-0.06470323931971905,-0.4503087478559177,0.6897855195415414,0,0
2026-05-04 01:00:00+00:00,78541.703125,79799.8203125,78403.5703125,79754.0,504453120.0,2026-05-04 01:59:59.999000+00:00,0.01549022400940947,1,-0.00027119435605460485,-0.007698989997273364,0.00026513902135927303,78960.29166666667,78617.06184895833,454.7104434422348,350.8975373250302,78870.1095835667,78689.44484524752,180.66473831917392,68.87507568113017,3.2400858658308156,-0.039243142883889304,0.6068069337918757,1,0
2026-05-04 02:00:00+00:00,79847.9921875,80399.9921875,79542.703125,80171.7265625,4763453440.0,2026-05-04 02:59:59.999000+00:00,0.005237687921608947,1,0.01549022400940947,-0.00027119435605460485,0.0021283869178259085,79168.78385416667,78700.7646484375,669.1796171121307,460.3639182365813,79070.35834955644,78799.24349096992,271.11485858651577,72.04817646660803,3.195215471483957,8.44280697480868,4.332540216658794,2,0
2026-05-04 03:00:00+00:00,80171.0,80450.0,79915.0,80315.0,6781769.092269,2026-05-04 03:59:59.999000+00:00,0.001787081850960437,1,0.005237687921608947,0.01549022400940947,-0.001244721392369419,79417.52734375,78788.72298177083,782.5206521674957,553.5578273298277,79261.8416803939,78911.52175089807,350.3199294958322,75.15161733068012,2.757213326006799,-0.9985762915125147,-0.4660615751591987,3,0
2026-05-04 04:00:00+00:00,80325.5,80600.0,80224.703125,80320.453125,2451281920.0,2026-05-04 04:59:59.999000+00:00,6.789671916829221e-05,0,0.001787081850960437,0.005237687921608947,0.0043860392485690625,79609.55989583333,78878.53938802083,847.7704307442194,618.9467883436771,79424.70497956408,79015.88703786858,408.8179416954954,74.58344668117519,2.3296247175589717,360.45169300948083,1.766637855938257,4,0
2026-05-04 05:00:00+00:00,80324.0,80384.0,79956.0,80019.0,3119825.6066457,2026-05-04 05:59:59.999000+00:00,-0.003753130283401851,0,6.789671916829221e-05,0.001787081850960437,-0.007698989997273364,79852.93619791667,78952.669921875,678.4695590045402,645.1170463059141,79516.13498270807,79090.19170173017,425.9432809778955,69.82300321522936,1.6529249757560227,-0.998727267728289,-0.5335703479863136,5,0
2026-05-04 06:00:00+00:00,80003.5234375,80038.2578125,79480.53125,79859.6328125,1298225152.0,2026-05-04 06:59:59.999000+00:00,-0.001991616834751797,0,-0.003753130283401851,6.789671916829221e-05,-0.00027119435605460485,80073.30208333333,79018.43880208333,236.5358290712359,654.0814181008556,79568.98080267606,79147.18733956497,421.79346311108384,66.84524340786245,1.286069267735969,415.1210643423736,0.63083839319746,6,0
2026-05-04 07:00:00+00:00,79850.453125,79932.90625,79663.046875,79684.078125,654688256.0,2026-05-04 07:59:59.999000+00:00,-0.0021982906922722867,1,-0.001991616834751797,-0.003753130283401851,0.01549022400940947,80061.6484375,79073.70735677083,256.3094289036284,651.8541438503371,79586.68808303359,79186.95702737497,399.73105565861624,63.0323322997263,0.9363609543445811,-0.49570515176707963,0.004599255868272821,7,0
2026-05-04 08:00:00+00:00,79660.5234375,79788.9921875,79581.078125,79695.359375,970659840.0,2026-05-04 08:59:59.999000+00:00,0.0001415747068354012,1,-0.0021982906922722867,-0.001991616834751797,0.005237687921608947,79982.25390625,79128.3955078125,287.29850360692745,646.4080561919261,79603.4067433361,79224.61646053239,378.7902828037186,63.035928802260464,0.877099011617457,0.4826290697965414,0.2663208131617799,8,0
2026-05-04 09:00:00+00:00,79686.640625,79908.2890625,79631.5625,79815.21875,346071040.0,2026-05-04 09:59:59.999000+00:00,0.0015039693143990007,0,0.0001415747068354012,-0.0021982906922722867,0.001787081850960437,79898.95703125,79181.8447265625,240.10527486213152,648.0202020072953,79635.99320589978,79268.36477827073,367.6284276290535,64.000584971184,0.9773985771980139,-0.643468261754808,-0.33638528485682934,9,0
2026-05-04 10:00:00+00:00,79861.5234375,79861.5234375,78217.8984375,78935.2109375,5928157184.0,2026-05-04 10:59:59.999000+00:00,-0.011025564125262788,0,0.0015039693143990007,0.0001415747068354012,6.789671916829221e-05,79668.08333333333,79203.94694010417,379.36375813123476,629.1344695026976,79528.18054922289,79243.68671599141,284.49383323147777,50.16022750919054,-0.427151929565384,16.129885193514024,3.3554539900395994,10,0
2026-05-04 11:00:00+00:00,78910.0,79126.0,78696.0,78784.0,1857019.6020864,2026-05-04 11:59:59.999000+00:00,-0.001915633539254502,1,-0.011025564125262788,0.0015039693143990007,-0.003753130283401851,79462.25,79209.197265625,474.0972414145578,624.8916920087624,79413.69123395783,79209.6358481402,204.05538581762812,49.577263947376096,-0.6804335392236863,-0.999686745890089,-0.6241627880269861,11,0
2026-05-04 12:00:00+00:00,78780.0,79020.1328125,78706.0,78852.0390625,204304384.0,2026-05-04 12:59:59.999000+00:00,0.0008636152327883284,0,-0.001915633539254502,-0.011025564125262788,-0.001991616834751797,79294.31770833333,79213.61002604167,483.5447720020584,621.8460375107512,79327.2832075797,79183.14719735204,144.1360102276667,46.30638161184703,-0.5814477245670642,109.01735456667221,-0.4833115874848174,12,0
2026-05-04 13:00:00+00:00,78809.5,79108.4921875,78574.671875,78774.7265625,1260236800.0,2026-05-04 13:59:59.999000+00:00,-0.000980475596055519,1,0.0008636152327883284,-0.001915633539254502,-0.0021982906922722867,79142.75911458333,79218.39029947917,479.44122998431345,617.8332960666435,79242.27449295206,79152.89381699263,89.38067595942994,52.88101609850853,-0.7180961916486208,5.168427594779366,0.18950653676965926,13,0
2026-05-04 14:00:00+00:00,78780.03125,80532.7109375,78491.0,80229.578125,2607038464.0,2026-05-04 14:59:59.999000+00:00,0.0184685066643262,0,-0.000980475596055519,0.0008636152327883284,0.0001415747068354012,79231.79557291667,79280.49772135417,628.8979302175115,641.9949672888854,79394.16735942097,79232.64821017836,161.51914924260927,66.32724750863122,1.4783299745381968,1.0686893637767123,1.0105625186960703,14,0
2026-05-04 15:00:00+00:00,80234.5625,80390.3515625,79341.40625,80031.0078125,4432556032.0,2026-05-04 15:59:59.999000+00:00,-0.0024750262576554993,0,0.0184685066643262,-0.000980475596055519,0.0015039693143990007,79267.76041666667,79337.75455729167,673.5220580775775,645.2254142413401,79492.14281374082,79291.78595849848,200.3568552423385,53.32625373601982,1.0744357551747397,0.7002265571483337,1.935377000065721,15,0
2026-05-04 16:00:00+00:00,80027.21875,80408.609375,79615.171875,80027.5078125,2748063744.0,2026-05-04 16:59:59.999000+00:00,-4.373304917260068e-05,1,-0.0024750262576554993,0.0184685066643262,-0.011025564125262788,79449.80989583333,79395.12858072917,712.1705815009723,642.6759682095401,79574.50665970377,79346.2838736097,228.22278609406203,48.07694711708746,0.9839783390883624,-0.38002729708076477,0.8346690216401882,16,0
2026-05-04 17:00:00+00:00,80015.0234375,80744.3671875,80015.0234375,80382.7421875,1088856064.0,2026-05-04 17:59:59.999000+00:00,0.004438903380976189,0,-4.373304917260068e-05,-0.0024750262576554993,-0.001915633539254502,79716.26692708333,79464.35286458333,712.3199326434536,656.2791313919015,79698.85058705704,79423.0585635275,275.79202352953143,50.8549646320132,1.3993882770108215,-0.6037733599239247,-0.19806439524799208,17,0
2026-05-04 18:00:00+00:00,80409.0078125,80437.3828125,80023.8671875,80108.8984375,1334190080.0,2026-05-04 18:59:59.999000+00:00,-0.0034067480475005185,0,0.004438903380976189,-4.373304917260068e-05,0.0008636152327883284,79925.74348958333,79521.7119140625,579.8250687637089,649.6387475803525,79761.93487174057,79473.86151715509,288.0733545854746,47.49940437823552,0.9038662266136951,0.2253135415334382,-0.0828238345244079,18,0
2026-05-04 19:00:00+00:00,80101.59375,80137.0078125,79880.5,80048.03125,414932992.0,2026-05-04 19:59:59.999000+00:00,-0.0007598055732533915,0,-0.0034067480475005185,0.004438903380976189,-0.000980475596055519,80137.9609375,79575.6650390625,142.04394429007365,636.6752375363153,79805.9496991651,79516.39260847693,289.55709068816213,50.363845720015036,0.7419264690823737,-0.6890000921008197,-0.643337528267612,19,0
2026-05-04 20:00:00+00:00,80031.7578125,80162.0078125,79891.640625,79935.828125,0.0,2026-05-04 20:59:59.999000+00:00,-0.001401697496464016,1,-0.0007598055732533915,-0.0034067480475005185,0.0184685066643262,80089.00260416667,79617.958984375,154.24970986982416,624.8852766829341,79825.93099544739,79547.46190599716,278.46908945022733,50.966372649464255,0.5086839976648807,-1.0,-0.8629910569366422,20,0
2026-05-04 21:00:00+00:00,79950.4765625,80363.4921875,79950.4765625,80260.078125,0.0,2026-05-04 21:59:59.999000+00:00,0.004056378817930639,0,-0.001401697496464016,-0.0007598055732533915,-0.0024750262576554993,80127.18098958333,79677.8564453125,164.99864742737742,614.1305698212884,79892.7228615324,79600.24829258997,292.4745689424308,57.03978978405505,0.9480421726228775,0.0,-0.8629910569366422,21,0
2026-05-04 22:00:00+00:00,80275.0,80393.5625,80039.359375,80059.6875,0.0,2026-05-04 22:59:59.999000+00:00,-0.002496765885125374,0,0.004056378817930639,-0.001401697496464016,-4.373304917260068e-05,80132.54427083333,79714.99934895833,161.59876760418487,608.9045797637633,79918.40972898895,79634.2808264722,284.1289025167498,54.256029847150174,0.5660790910382053,0.0,-0.8167885701672479,22,0
2026-05-04 23:00:00+00:00,80047.2421875,80047.2421875,79738.796875,79841.1171875,1425408.0,2026-05-04 23:59:59.999000+00:00,-0.0027300920016706254,1,-0.002496765885125374,0.004056378817930639,0.004438903380976189,80042.2734375,79768.431640625,144.2280248411224,557.090460130248,79906.51856875987,79649.60203840019,256.91653035968193,50.29572180205641,0.13047350848191888,0.0,-0.7819248778150321,23,0
2026-05-05 00:00:00+00:00,79852.3671875,80176.0234375,79789.5,80163.9921875,0.0,2026-05-05 00:59:59.999000+00:00,0.004043968964534406,1,-0.0027300920016706254,-0.002496765885125374,-0.0034067480475005185,80051.45572916667,79836.20475260417,150.91672693434901,496.4626986593475,79946.1298947199,79687.70501240759,258.4248823123053,66.07629093585183,0.6602458468299607,-1.0,-0.7633383923695162,0,1
2026-05-05 01:00:00+00:00,80164.0078125,80377.71875,80066.2890625,80345.9921875,0.0,2026-05-05 01:59:59.999000+00:00,0.002270346012388069,1,0.004043968964534406,-0.0027300920016706254,-0.0007598055732533915,80101.11588541667,79860.87109375,192.78096579283277,506.7995565892156,80007.64717053222,79736.4670253774,271.18014515482355,70.27240778632425,0.957224779387905,0.0,-0.7450784053454935,1,1
2026-05-05 02:00:00+00:00,80337.1796875,80897.0078125,80298.8515625,80549.2265625,0.0,2026-05-05 02:59:59.999000+00:00,0.0025294898907430863,1,0.002270346012388069,0.004043968964534406,-0.001401697496464016,80203.34895833333,79876.60026041667,243.5553455970239,522.4822672816753,80090.9670769888,79796.67143553462,294.2956414541841,71.28026393639823,1.287366757120408,0.0,-0.6910123891253777,2,1
2026-05-05 03:00:00+00:00,80570.0078125,81073.0,80446.0,80882.140625,0.0,2026-05-05 03:59:59.999000+00:00,0.004133051013738509,1,0.0025294898907430863,0.002270346012388069,0.004056378817930639,80307.02604166667,79900.23111979167,371.3872196450789,554.9865891106764,80212.68608437513,79877.0765606802,335.60952369493316,74.83222650388572,1.769249067408572,0.0,-0.6907400843151728,3,1
2026-05-05 04:00:00+00:00,80881.9375,80975.46875,80716.2421875,80900.328125,0.0,2026-05-05 04:59:59.999000+00:00,0.0002248642266322598,1,0.004133051013738509,0.0025294898907430863,-0.002496765885125374,80447.1328125,79924.392578125,415.3778759327291,585.8412563086871,80318.47716754819,79952.87297285204,365.6041946961486,61.94933890048713,1.6658702956911033,0.0,-0.6306840999780438,4,1
2026-05-05 05:00:00+00:00,80881.5078125,81312.0078125,80833.171875,80966.1015625,0.0,2026-05-05 05:59:59.999000+00:00,0.0008130181795849012,1,0.0002248642266322598,0.004133051013738509,-0.0027300920016706254,80634.63020833333,79963.85514322917,332.81703205759806,623.1986727476083,80418.11168984846,80027.9269424556,390.18474739286467,67.48594602807287,1.6082293867091277,0.0,-0.6305646396159602,5,1
2026-05-05 06:00:00+00:00,80965.5625,81007.5,80787.6328125,80972.25,0.0,2026-05-05 06:59:59.999000+00:00,7.59384159709775e-05,0,0.0008130181795849012,0.0002248642266322598,0.004043968964534406,80769.33984375,80010.21419270833,259.7855831120535,655.6470249046052,80503.36373756408,80097.87679857,405.4869389940868,67.64888744888219,1.4673075157042694,0.0,-0.5912853440106902,6,1
2026-05-05 07:00:00+00:00,80968.9921875,81161.359375,80831.171875,80874.0,324939776.0,2026-05-05 07:59:59.999000+00:00,-0.0012133786575030392,0,7.59384159709775e-05,0.0008130181795849012,0.002270346012388069,80857.34114583333,80059.79427083333,156.6575125602557,674.6285372680483,80560.38470101576,80155.36740608333,405.0172949324333,60.15201955459691,1.206894882425001,0.0,-0.37182466715916046,7,1
2026-05-05 08:00:00+00:00,80856.578125,80889.453125,80713.9765625,80817.96875,67211264.0,2026-05-05 08:59:59.999000+00:00,-0.0006928215495709544,0,-0.0012133786575030392,7.59384159709775e-05,0.0025294898907430863,80902.13151041667,80106.56966145833,58.79865600783552,687.065262115747,80600.0130162441,80204.4489871142,395.564029129906,66.10282559249441,1.0354170524514528,-0.79315778195157,-0.5104565140351282,8,1
2026-05-05 09:00:00+00:00,80813.0,80813.0,80520.9375,80585.828125,392527872.0,2026-05-05 09:59:59.999000+00:00,-0.002872388759461386,1,-0.0006928215495709544,-0.0012133786575030392,0.004133051013738509,80852.74609375,80138.67838541667,143.03921811310855,690.8535850956802,80597.83072528348,80232.69929362426,365.1314316592179,61.33173108579707,0.6472424103023222,4.8402096410506426,-0.30366774796044765,9,1
2026-05-05 10:00:00+00:00,80573.7578125,80846.1796875,80520.0,80833.703125,0.0,2026-05-05 10:59:59.999000+00:00,0.0030759130453497097,1,-0.002872388759461386,-0.0006928215495709544,0.0002248642266322598,80841.64192708333,80217.7822265625,141.18063567561296,654.813515269543,80634.11878677833,80277.2180959484,356.9006908299343,67.89564816602618,0.940605048727448,-1.0,-0.5445763021130231,10,1
2026-05-05 11:00:00+00:00,80845.5078125,81114.09375,80789.9921875,80937.359375,0.0,2026-05-05 11:59:59.999000+00:00,0.0012823394944521116,1,0.0030759130453497097,-0.002872388759461386,0.0008130181795849012,80836.8515625,80307.50553385417,136.52384618039943,594.5700049969521,80680.77118496627,80326.11744995222,354.653735014057,64.80042339604603,1.0593434513216946,0.0,-0.5444873330367072,11,1
2026-05-05 12:00:00+00:00,81020.5234375,81328.2109375,80934.890625,81284.0078125,414920704.0,2026-05-05 12:59:59.999000+00:00,0.00428292249928619,1,0.0012823394944521116,0.0030759130453497097,7.59384159709775e-05,80888.81119791667,80408.83756510417,227.42513301748946,540.5129611509329,80773.57681997147,80397.07229162242,376.5045283490472,75.14722825755558,1.619147569620344,0.0,-0.18813818383370395,12,1
2026-05-05 13:00:00+00:00,81284.671875,81713.0390625,81205.0,81343.1796875,1885220864.0,2026-05-05 13:59:59.999000+00:00,0.0007279645356130793,0,0.00428292249928619,0.0012823394944521116,-0.0012133786575030392,80967.0078125,80515.8564453125,292.627423591371,449.5094651277466,80861.20803036047,80467.15432094669,394.0537094137835,83.0137230929846,1.8405023839762353,3.543569038193862,1.0627251860407507,13,1
2026-05-05 14:00:00+00:00,81338.8203125,81503.96875,80954.546875,81342.2265625,0.0,2026-05-05 14:59:59.999000+00:00,-1.1717331479532689e-05,1,0.0007279645356130793,0.00428292249928619,-0.0006928215495709544,81054.38411458333,80562.216796875,316.51944786836845,475.3351670448209,80935.21088145886,80531.97448698767,403.2363944711833,80.1649718779752,1.6409679310587395,-1.0,-0.5023706120138265,14,1
2026-05-05 15:00:00+00:00,81329.53125,81710.09375,81237.328125,81553.6796875,0.0,2026-05-05 15:59:59.999000+00:00,0.0025995492616313065,0,-1.1717331479532689e-05,0.0007279645356130793,-0.002872388759461386,81215.69270833333,80625.66145833333,273.69741820051286,502.2086549071631,81030.35992854211,80607.65635369229,422.7035748498165,80.45966140168353,1.8478738271410762,0.0,-0.5099916253906253,15,1
2026-05-05 16:00:00+00:00,81606.0078125,81619.34375,81056.2109375,81297.921875,0.0,2026-05-05 16:59:59.999000+00:00,-0.003136067109173024,0,0.0025995492616313065,-1.1717331479532689e-05,0.0030759130453497097,81293.0625,80678.59537760417,199.74006595981493,503.37165579947936,81071.52330492025,80658.78713304842,412.7361718718312,68.39581533736444,1.2303563187565338,0.0,-0.49733635475784316,16,1
2026-05-05 17:00:00+00:00,81278.5078125,81464.578125,81200.640625,81276.7109375,0.0,2026-05-05 17:59:59.999000+00:00,-0.00026090380923404766,1,-0.003136067109173024,0.0025995492616313065,0.0012823394944521116,81349.62109375,80715.84407552083,103.95179945296802,513.5013437098787,81103.09063300944,80704.5592667115,398.5313662979461,61.44838310431278,1.0922403005357153,0.0,-0.43348349919624984,17,1
2026-05-05 18:00:00+00:00,81286.5703125,81607.0,81286.5703125,81519.1328125,0.0,2026-05-05 18:59:59.999000+00:00,0.002982673292309057,1,-0.00026090380923404766,-0.003136067109173024,0.00428292249928619,81388.80859375,80774.60384114583,117.68181017227855,521.6507342252064,81167.09712216184,80764.89804788101,402.1990742808266,65.88721873884282,1.4272556760798967,0.0,-0.36611113971596315,18,1
2026-05-05 19:00:00+00:00,81519.1328125,81696.0,81413.0703125,81617.7265625,0.0,2026-05-05 19:59:59.999000+00:00,0.001209455333961662,1,0.002982673292309057,-0.00026090380923404766,0.0007279645356130793,81434.56640625,80840.0078125,146.2899976958969,524.9858019493635,81236.42472836771,80828.07053044539,408.3541979223228,66.45258008521382,1.4814091107077472,0.0,-0.3253288901586746,19,1
2026-05-05 20:00:00+00:00,81611.0,81769.0,81524.0,81647.0,4369978.77779333,2026-05-05 20:59:59.999000+00:00,0.0003586651911651195,0,0.001209455333961662,0.002982673292309057,-1.1717331479532689e-05,81485.36197916667,80911.306640625,160.07751920325842,512.9082914765856,81299.59015477268,80888.73197263462,410.8581821380649,66.83980658243644,1.4343565342978757,0.0,-0.31478235879327454,20,1
2026-05-05 21:00:00+00:00,81650.0078125,81770.453125,81307.9921875,81410.0390625,538083328.0,2026-05-05 21:59:59.999000+00:00,-0.002902261411931839,0,0.0003586651911651195,0.001209455333961662,0.0025995492616313065,81461.421875,80959.2216796875,158.5506365484615,503.04542458608915,81316.58229442305,80927.34731262464,389.2349817984068,62.5117161144441,0.8961762910048076,122.13179430855526,0.9605457229422201,21,1
2026-05-05 22:00:00+00:00,81486.0234375,81612.578125,80839.3515625,81116.9375,962576384.0,2026-05-05 22:59:59.999000+00:00,-0.0036003122695345002,0,-0.002902261411931839,0.0003586651911651195,-0.003136067109173024,81431.2578125,81003.27376302083,205.99491856345588,465.75775360430316,81285.86771066565,80941.391030208,344.4766804576502,56.282918500032835,0.24404046116157105,0.788898361853724,1.7779497351138518,22,1
2026-05-05 23:00:00+00:00,81113.1015625,81215.9921875,80792.203125,80907.7265625,349544448.0,2026-05-05 23:59:59.999000+00:00,-0.0025791276636891736,1,-0.0036003122695345002,-0.002902261411931839,-0.00026090380923404766,81369.76041666667,81047.7158203125,296.5394366213765,395.65661454303773,81227.6921494094,80938.89736593334,288.7947834760562,56.83062283450208,-0.35381503219447025,-0.6368657554765025,0.33195955266258453,23,1
2026-05-06 00:00:00+00:00,80884.8203125,81248.7265625,80743.46875,81014.921875,2387050496.0,2026-05-06 00:59:59.999000+00:00,0.001324908226375543,1,-0.0025791276636891736,-0.0036003122695345002,0.002982673292309057,81285.72526041667,81083.17122395833,316.5138292265408,348.3160440600545,81194.95826103872,80944.52881104939,250.42944998932944,54.08959160501836,-0.19594087071843683,5.829032787269446,3.3674465122452113,0,2
2026-05-06 01:00:00+00:00,81018.0,81521.0,80989.0,81428.0,2094246.56751544,2026-05-06 01:59:59.999000+00:00,0.0050987906355985935,0,0.001324908226375543,-0.0025791276636891736,0.001209455333961662,81254.10416666667,81128.2548828125,284.57789653349175,317.4043239985777,81230.81083626352,80980.34149171239,250.4693445511366,59.71553569881561,0.9443636854450765,-0.9991226634832298,-0.4905850587150727,1,2
2026-05-06 02:00:00+00:00,81425.1875,81425.1875,81036.8984375,81355.5,0.0,2026-05-06 02:59:59.999000+00:00,-0.000890357125313157,1,0.0050987906355985935,0.001324908226375543,0.0003586651911651195,81205.52083333333,81161.849609375,222.11476019269034,295.35730936064596,81249.99378453067,81008.13101084481,241.8627736858616,51.58809217216856,0.6556478695048757,-1.0,-0.4939729133273176,2,2
2026-05-06 03:00:00+00:00,81365.0,81754.0,81362.0,81566.0,1792355.9307982202,2026-05-06 03:59:59.999000+00:00,0.0025874095789466534,0,-0.000890357125313157,0.0050987906355985935,-0.002902261411931839,81231.51432291667,81190.34375,257.19190812003404,300.14786656906443,81298.6101253721,81049.45463967112,249.155485700976,54.637817375269535,1.251570615157316,0.0,-0.49122474272501027,3,2
2026-05-06 04:00:00+00:00,81592.8515625,81636.0,81264.609375,81331.046875,0.0,2026-05-06 04:59:59.999000+00:00,-0.002880527732143312,0,0.0025874095789466534,-0.000890357125313157,-0.0036003122695345002,81267.19921875,81208.29036458333,252.93350819642134,294.8838699038536,81303.60039454562,81070.31332376956,233.2870707760594,49.787959162505366,0.41628764047587974,-1.0,-0.49412441008345614,4,2
2026-05-06 05:00:00+00:00,81319.0234375,81336.0,81054.2890625,81319.140625,0.0,2026-05-06 05:59:59.999000+00:00,-0.00014639243508451916,1,-0.002880527732143312,0.0025874095789466534,-0.0025791276636891736,81335.76822916667,81223.00032552083,181.73819730437253,291.05793524128416,81305.9911992309,81088.74497571256,217.24622351834842,45.18729179558374,0.3303132738829888,0.0,-0.49412441008345614,5,2
2026-05-06 06:00:00+00:00,81306.9765625,81517.890625,81202.7890625,81472.953125,0.0,2026-05-06 06:59:59.999000+00:00,0.0018914673571048812,0,-0.00014639243508451916,-0.002880527732143312,0.001324908226375543,81412.10677083333,81243.86295572917,95.9747225023286,290.2467683538803,81331.67764934924,81117.20483862274,214.4728107264964,53.74844400422963,0.7892944702540587,0.0,-0.49412441008345614,6,2
2026-05-06 07:00:00+00:00,81495.0390625,81606.0,81306.0,81370.0,0.0,2026-05-06 07:59:59.999000+00:00,-0.0012636478862138034,1,0.0018914673571048812,-0.00014639243508451916,0.0050987906355985935,81402.44010416667,81264.52962239583,96.96953701758474,280.25257022187793,81337.5733956032,81135.93040613216,201.64298947104544,51.93028285813124,0.3763404471925802,0.0,-0.46986059537242686,7,2
2026-05-06 08:00:00+00:00,81364.3125,81988.7265625,81318.1015625,81952.0,0.0,2026-05-06 08:59:59.999000+00:00,0.007152513211257316,1,-0.0012636478862138034,0.0018914673571048812,-0.000890357125313157,81501.85677083333,81311.78092447917,239.80246854826942,296.7995243338543,81432.10056551041,81196.38000567793,235.72055983247992,57.85306698641902,2.1570758139109394,0.0,-0.46445010941446585,8,2
2026-05-06 09:00:00+00:00,81966.84375,82058.7265625,81678.421875,81998.640625,0.0,2026-05-06 09:59:59.999000+00:00,0.0005691212539047363,1,0.007152513211257316,-0.0012636478862138034,0.0025874095789466534,81573.96354166667,81370.64811197917,315.914433073798,286.483136207478,81519.26057466265,81255.80671822031,263.45385644234193,57.04330541454917,2.1920749728389635,0.0,-0.4365490210007757,9,2
2026-05-06 10:00:00+00:00,82020.0078125,82387.9921875,81968.5078125,82286.9765625,0.0,2026-05-06 10:59:59.999000+00:00,0.0035163502138850777,1,0.0005691212539047363,0.007152513211257316,-0.002880527732143312,81733.28515625,81431.201171875,399.0209129391578,319.71572055471717,81637.37072663763,81332.18966964843,305.1810569891968,60.798928504573105,2.6766759830896083,0.0,-0.4365490210007757,10,2
2026-05-06 11:00:00+00:00,82271.4296875,82800.0,82271.4296875,82522.046875,0.0,2026-05-06 11:59:59.999000+00:00,0.0028567134474974942,0,0.0035163502138850777,0.0005691212539047363,-0.00014639243508451916,81933.76953125,81497.22981770833,448.45376423878747,372.56146987987887,81773.4747494626,81420.32724041521,353.14750904739776,68.77593716774703,2.7507328055745877,0.0,-0.4365490210007757,11,2
2026-05-06 12:00:00+00:00,82520.75,82537.03125,82186.1171875,82223.6015625,0.0,2026-05-06 12:59:59.999000+00:00,-0.003616552470542489,0,0.0028567134474974942,0.0035163502138850777,0.0018914673571048812,82058.87760416667,81536.37955729167,395.8011015434662,397.7007046379386,81842.72502839143,81479.82904205112,362.89598634031427,68.65205082625585,1.7279878994279534,0.0,-0.40781070699731775,12,2
2026-05-06 13:00:00+00:00,82217.890625,82217.890625,81606.0,81667.0703125,0.0,2026-05-06 13:59:59.999000+00:00,-0.006768509763914521,0,-0.003616552470542489,0.0028567134474974942,-0.0012636478862138034,82108.38932291667,81549.875,299.18044669872506,396.3527961427976,81815.7012259466,81493.69876578807,322.0024601585319,61.456874643431355,0.29568433385739756,0.0,-0.3383919454073919,13,2
2026-05-06 14:00:00+00:00,81658.9296875,81962.8515625,81136.7734375,81515.4296875,0.0,2026-05-06 14:59:59.999000+00:00,-0.001856814802095208,1,-0.006768509763914521,-0.003616552470542489,0.007152513211257316,82035.62760416667,81557.091796875,385.46662658468216,393.9772687892586,81769.50560464713,81495.30846369265,274.1971409544785,57.451654100881434,-0.10574749528832685,0.0,-0.3383919454073919,14,2
2026-05-06 15:00:00+00:00,81534.9921875,81801.3828125,81305.8828125,81699.0703125,0.0,2026-05-06 15:59:59.999000+00:00,0.002252832693196982,0,-0.001856814802095208,-0.006768509763914521,0.0005691212539047363,81985.69921875,81563.14973958333,409.84590103531787,395.0388819472459,81758.66940585527,81510.40193397467,248.2674718805938,54.331677915021864,0.34406884772122903,0.0,-0.3383919454073919,15,2
2026-05-06 16:00:00+00:00,81703.25,81863.609375,81425.0078125,81622.53125,0.0,2026-05-06 16:59:59.999000+00:00,-0.000936841290938073,0,0.002252832693196982,-0.001856814802095208,0.0035163502138850777,81874.95833333333,81576.67513020833,401.8482266800058,391.1005316541511,81737.72507418522,81518.70780923581,219.01726494940522,54.261632836267516,0.11724893238504194,0.0,-0.3383919454073919,16,2
2026-05-06 17:00:00+00:00,81622.2734375,81700.171875,81382.609375,81447.8984375,0.0,2026-05-06 17:59:59.999000+00:00,-0.0021395172365473725,0,-0.000936841290938073,0.002252832693196982,0.0028567134474974942,81695.93359375,81583.80794270833,275.23350668312236,386.93080305542384,81693.13636084904,81513.46267058872,179.6736902603152,48.0933534125909,-0.35125015670789295,0.0,-0.3383919454073919,17,2
2026-05-06 18:00:00+00:00,81456.3125,81554.5390625,81269.0390625,81347.828125,278974464.0,2026-05-06 18:59:59.999000+00:00,-0.0012286420450343671,1,-0.0021395172365473725,-0.000936841290938073,-0.003616552470542489,81549.97135416667,81576.67024739583,136.88060186137906,389.74552162163553,81640.01201687226,81501.19344498955,138.81857188271533,50.283254739373994,-0.5871577983594848,0.0,0.17336637632923618,18,2
2026-05-06 19:00:00+00:00,81330.84375,81511.5625,81186.1484375,81460.6796875,0.0,2026-05-06 19:59:59.999000+00:00,0.001387271978873228,0,-0.0012286420450343671,-0.0021395172365473725,-0.006768509763914521,81515.57291666667,81570.12662760417,127.15566562955532,390.344144775409,81612.42242773807,81498.19242591625,114.23000182182295,52.31034086996442,-0.280385761049762,-1.0,-0.36132165110639636,19,2
2026-05-06 20:00:00+00:00,81463.3984375,81705.328125,81302.8203125,81425.8984375,0.0,2026-05-06 20:59:59.999000+00:00,-0.00042696979860012974,1,0.001387271978873228,-0.0012286420450343671,-0.001856814802095208,81500.65104166667,81560.9140625,132.32409764411346,391.05943194421195,81583.7264292399,81492.83731566319,90.88911357671896,49.200873559436275,-0.345256024969783,0.0,-0.36092575495497625,20,2
2026-05-06 21:00:00+00:00,81434.8203125,81625.21875,81304.53125,81542.0078125,0.0,2026-05-06 21:59:59.999000+00:00,0.0014259514138381668,0,-0.00042696979860012974,0.001387271978873228,0.002252832693196982,81474.47395833333,81566.41276041667,95.68392904914154,389.7714240178981,81577.30818051069,81496.47957468813,80.82860582256399,52.90820087020154,-0.06261348681003064,0.0,-0.3205015184315115,21,2
2026-05-06 22:00:00+00:00,81534.828125,81534.828125,81234.0078125,81339.671875,0.0,2026-05-06 22:59:59.999000+00:00,-0.0024813705589057378,1,0.0014259514138381668,-0.00042696979860012974,-0.000936841290938073,81427.33072916667,81575.693359375,75.75329314203853,381.1605196231534,81540.74874889366,81484.86418952605,55.884559367608745,38.12224188933612,-0.6192180780117265,0.0,-0.25685308780440697,22,2
2026-05-06 23:00:00+00:00,81325.9921875,81447.8125,81006.0,81438.1015625,13193216.0,2026-05-06 23:59:59.999000+00:00,0.0012101067687027012,0,-0.0024813705589057378,0.0014259514138381668,-0.0021395172365473725,81425.69791666667,81597.79231770833,75.32568071245217,355.24321034175557,81524.95687406386,81481.40029122782,43.55658283604134,39.340989110573,-0.4495251437872683,0.0,-0.2020780851337643,23,2
2026-05-07 00:00:00+00:00,81416.3984375,81482.9765625,80989.671875,81019.796875,3962589184.0,2026-05-07 00:59:59.999000+00:00,-0.005136473953521237,1,0.0012101067687027012,-0.0024813705589057378,-0.0012286420450343671,81371.02604166667,81597.99544270833,183.9171870978439,354.8966643193056,81447.23995113096,81447.20744558131,0.03250554965052288,27.03871166842677,-1.6292025985009397,299.35051226327226,4.683248320625212,0,3
2026-05-07 01:00:00+00:00,81010.7734375,81280.0,80871.8203125,81175.59375,0.0,2026-05-07 01:59:59.999000+00:00,0.001922948230052679,0,-0.005136473953521237,0.0012101067687027012,0.001387271978873228,81323.51171875,81587.478515625,192.73712546967153,363.7819446764191,81405.44822788004,81427.08791257528,-21.639684695241158,24.880631037679194,-1.132229819683239,-1.0,-0.2194321844786338,1,3
2026-05-07 02:00:00+00:00,81167.921875,81167.921875,80890.0,81118.6015625,101564416.0,2026-05-07 02:59:59.999000+00:00,-0.0007020852557668711,0,0.001922948230052679,-0.005136473953521237,-0.00042696979860012974,81272.29557291667,81577.60774739583,200.75087450150343,373.4359366022793,81361.31797166773,81404.23707182896,-42.91910016123438,27.344080372131174,-1.2291430467889974,0.0,-0.09909469281609293,2,3
2026-05-07 03:00:00+00:00,81081.0078125,81109.25,80830.8125,80842.0,0.0,2026-05-07 03:59:59.999000+00:00,-0.003409841357865151,1,-0.0007020852557668711,0.001922948230052679,0.0014259514138381668,81155.62760416667,81547.44108072917,215.52060985579197,402.5243456164375,81281.42289910346,81362.58988132312,-81.16698221965635,30.889883720509417,-1.752542643473747,-1.0,-0.2247663599327924,3,3
2026-05-07 04:00:00+00:00,80841.9921875,80983.2265625,80724.7421875,80974.0078125,0.0,2026-05-07 04:59:59.999000+00:00,0.001632911265183834,1,-0.003409841357865151,-0.0007020852557668711,-0.0024813705589057378,81094.68359375,81532.564453125,204.48671694157244,417.1998919497517,81234.12827039523,81333.80602437326,-99.67775397803052,37.34459686491067,-1.3388225917668108,0.0,-0.2247663599327924,4,3
2026-05-07 05:00:00+00:00,80973.9765625,81158.0,80963.40625,81085.9921875,0.0,2026-05-07 05:59:59.999000+00:00,0.0013829669300711167,1,0.001632911265183834,-0.003409841357865151,0.0012101067687027012,81035.99869791667,81522.84993489583,118.78570984449132,425.02656590392627,81211.33810379596,81315.44944386413,-104.11134006816428,35.172994951479794,-1.027836334104764,0.0,-0.2247663599327924,5,3
2026-05-07 06:00:00+00:00,81092.9765625,81443.1328125,80879.1484375,81443.1328125,0.0,2026-05-07 06:59:59.999000+00:00,0.004404467595021444,1,0.0013829669300711167,0.001632911265183834,-0.005136473953521237,81106.5546875,81521.607421875,203.06502727517076,425.2223180925814,81246.99882821197,81324.90747117049,-77.90864295851497,46.17982425494678,-0.1845496015519913,0.0,-0.2247663599327924,6,3
2026-05-07 07:00:00+00:00,81442.2265625,81708.0625,81392.6328125,81517.796875,318640128.0,2026-05-07 07:59:59.999000+00:00,0.000916763144068744,0,0.004404467595021444,0.0013829669300711167,0.001922948230052679,81163.58854166667,81527.765625,264.95796195376136,423.99969248425793,81288.66006617936,81339.19557515786,-50.53550897850073,51.55463192390696,-0.023511219882241106,0.0,0.15345642042962254,7,3
2026-05-07 08:00:00+00:00,81529.6875,81591.8984375,81194.15625,81211.4921875,0.0,2026-05-07 08:59:59.999000+00:00,-0.0037575192073663333,0,0.000916763144068744,0.004404467595021444,-0.0007020852557668711,81179.0703125,81496.9111328125,264.51707983953764,418.69611746964915,81276.78808484408,81329.73606496099,-52.947980116907274,47.222514013961444,-0.6816851969810532,-1.0,-0.24135460964346578,8,3
2026-05-07 09:00:00+00:00,81220.0078125,81220.0078125,80852.8125,80914.5,0.0,2026-05-07 09:59:59.999000+00:00,-0.003657021678832195,0,-0.0037575192073663333,0.000916763144068744,-0.003409841357865151,81191.15364583333,81451.73860677083,247.12403389997573,420.69016615622326,81221.05145640654,81298.97783792684,-77.92638152030122,39.64959241504082,-1.277041038728072,0.0,-0.24135460964346578,9,3
2026-05-07 10:00:00+00:00,80906.28125,80982.7109375,80564.1328125,80837.1171875,0.0,2026-05-07 10:59:59.999000+00:00,-0.0009563528477590788,1,-0.003657021678832195,-0.0037575192073663333,0.001632911265183834,81168.33854166667,81391.32779947917,275.8324736797361,399.080183549548,81161.98464580553,81264.76593789522,-102.78129208969767,39.01956441921591,-1.3887199485823711,0.0,-0.24135460964346578,10,3
2026-05-07 11:00:00+00:00,80847.09375,81028.2734375,80780.34375,80857.328125,0.0,2026-05-07 11:59:59.999000+00:00,0.00025002051289280125,1,-0.0009563528477590788,-0.003657021678832195,0.0013829669300711167,81130.22786458333,81321.96451822917,303.8584481845587,333.2484715045383,81115.11441183544,81234.58535916224,-119.47094732680125,36.75743958126196,-1.394264139101517,0.0,-0.24135460964346578,11,3
2026-05-07 12:00:00+00:00,80844.3984375,81192.46875,80824.8515625,81160.8515625,0.0,2026-05-07 12:59:59.999000+00:00,0.0037538148308682295,0,0.00025002051289280125,-0.0009563528477590788,0.004404467595021444,81083.18098958333,81277.68326822917,265.10286170674436,273.4801982297369,81122.15089655307,81229.12359644652,-106.97269989344932,46.671668833302796,-0.42720352875796547,0.0,-0.24135460964346578,12,3
2026-05-07 13:00:00+00:00,81144.0078125,81168.859375,80255.5,80491.34375,0.0,2026-05-07 13:59:59.999000+00:00,-0.008249147213351127,0,0.0037538148308682295,0.00025002051289280125,0.000916763144068744,80912.10546875,81228.69466145833,259.6832623627102,304.26768780629897,81025.1036432372,81174.47323745048,-149.3695942132763,35.46764712230993,-2.4233625225684046,0.0,-0.24135460964346578,13,3
2026-05-07 14:00:00+00:00,80502.2265625,80684.953125,80027.9609375,80154.8203125,0.0,2026-05-07 14:59:59.999000+00:00,-0.004180864945492968,0,-0.008249147213351127,0.0037538148308682295,-0.0037575192073663333,80735.99348958333,81172.00260416667,356.3517388855698,368.4967342159906,80891.21390004686,81098.94339115785,-207.72949111099297,36.381036259997394,-2.7603563267143105,0.0,-0.24135460964346578,14,3
2026-05-07 15:00:00+00:00,80129.671875,80267.328125,79730.6328125,79868.4296875,1244575744.0,2026-05-07 15:59:59.999000+00:00,-0.0035729682118111894,0,-0.004180864945492968,-0.008249147213351127,-0.003657021678832195,80561.6484375,81095.72591145833,484.4291490698701,437.6336148476432,80733.86248273196,81007.79422792394,-273.9317451919778,30.231783306592448,-2.804392035528616,0.0,1.1971891914957005,15,3
2026-05-07 16:00:00+00:00,79865.25,80003.7109375,79693.9921875,79778.453125,1034244096.0,2026-05-07 16:59:59.999000+00:00,-0.0011265598040683944,1,-0.0035729682118111894,-0.004180864945492968,-0.0009563528477590788,80385.20442708333,81018.88932291667,552.1005225078387,498.7385921774173,80586.87642769628,80916.73192400364,-329.8554963073693,29.93315692563972,-2.48714700922003,-0.1689986720486817,0.8791112940354127,16,3
2026-05-07 17:00:00+00:00,79788.796875,80131.09375,79520.7578125,80090.90625,506880000.0,2026-05-07 17:59:59.999000+00:00,0.003916510194932332,1,-0.0011265598040683944,-0.0035729682118111894,0.00025002051289280125,80257.46744791667,80962.34798177083,507.914392508773,524.2552407542786,80510.57332343531,80855.55965185523,-344.98632841992367,38.87289124275476,-1.6622470583546882,-0.5099029310775007,0.2317938799816618,17,3
2026-05-07 18:00:00+00:00,80096.5390625,80282.0,79999.15625,80203.7578125,219967488.0,2026-05-07 18:59:59.999000+00:00,0.00140904339561021,0,0.003916510194932332,-0.0011265598040683944,0.0037538148308682295,80097.95182291667,80914.67838541667,254.5567164026193,539.4735177299228,80463.37093713757,80807.27803412522,-343.9070969876484,38.52396427939547,-1.3178043954932008,-0.5660363636363637,-0.10455213337387302,18,3
2026-05-07 19:00:00+00:00,80199.578125,80216.96875,79920.0078125,80124.5,176791552.0,2026-05-07 19:59:59.999000+00:00,-0.0009882057232940555,0,0.00140904339561021,0.003916510194932332,-0.008249147213351127,80036.81119791667,80859.00423177083,171.76387896664158,549.5295355956614,80411.23694680871,80756.70188344928,-345.4649366405647,35.53355102770078,-1.3366055583794312,-0.1962832616427388,-0.16470207657123326,19,3
2026-05-07 20:00:00+00:00,80161.9765625,80330.671875,79848.8828125,79876.140625,0.0,2026-05-07 20:59:59.999000+00:00,-0.003099668328663485,0,-0.0009882057232940555,0.00140904339561021,-0.004180864945492968,79990.36458333333,80794.43098958333,171.14865142767815,570.6663261631859,80328.91443576122,80691.47512356415,-362.56068780292117,25.625420775174206,-1.6091546364008469,-1.0,-0.3742182605891841,20,3
2026-05-07 21:00:00+00:00,79899.9921875,79922.2890625,79643.78125,79730.4609375,267792384.0,2026-05-07 21:59:59.999000+00:00,-0.0018238198085199775,1,-0.003099668328663485,-0.0009882057232940555,-0.0035729682118111894,79967.36979166667,80718.94986979167,197.97400236416618,587.0562102806375,80236.84466679796,80620.28888755939,-383.4442207614338,22.79892422235592,-1.683806277799416,0.0,-0.07029593090141183,21,3
2026-05-07 22:00:00+00:00,79712.359375,79978.0703125,79573.3203125,79907.390625,404574208.0,2026-05-07 22:59:59.999000+00:00,0.002219097762882649,1,-0.0018238198085199775,-0.003099668328663485,-0.0011265598040683944,79988.859375,80659.271484375,179.50248377051636,593.9719372035249,80186.15942959828,80567.48160885129,-381.3221792530094,29.339584576196927,-1.2658524961884983,0.5107756313189251,0.07250490538807389,22,3
2026-05-07 23:00:00+00:00,79872.7734375,80059.5,79857.9609375,80005.3671875,14422016.0,2026-05-07 23:59:59.999000+00:00,0.0012261264162634067,0,0.002219097762882649,-0.0018238198085199775,0.003916510194932332,79974.60286458333,80599.57421875,173.05788802574926,584.2105578056389,80158.34523850624,80525.84350356601,-367.4982650597667,34.62756836874074,-1.0171110797482144,-0.9643526064815283,-0.3929021148267381,23,3
2026-05-08 00:00:00+00:00,80026.3828125,80124.5,79739.8828125,79819.5234375,0.0,2026-05-08 00:59:59.999000+00:00,-0.0023228910326035246,0,0.0012261264162634067,0.002219097762882649,0.00140904339561021,79910.56380208333,80549.56282552083,139.05163964106856,597.8879580302055,80106.2188075822,80473.52349867224,-367.30469109003025,33.40239868291614,-1.2210304258777975,-1.0,-0.5382443837003074,0,4
2026-05-08 01:00:00+00:00,79843.5703125,79888.1875,79622.9296875,79642.8984375,0.0,2026-05-08 01:59:59.999000+00:00,-0.0022128044918521272,0,-0.0023228910326035246,0.0012261264162634067,-0.0009882057232940555,79830.296875,80485.70052083333,129.53467918099932,609.8486760729812,80034.93875064648,80411.99571636318,-377.0569657166925,31.15350761269923,-1.3819855915083916,0.0,-0.5382443837003074,1,4
2026-05-08 02:00:00+00:00,79734.0,79746.0,79331.0,79472.0,2763337.2935633603,2026-05-08 02:59:59.999000+00:00,-0.002145808864981391,1,-0.0022128044918521272,-0.0023228910326035246,-0.003099668328663485,79762.94010416667,80417.09212239583,191.2848971094835,627.9057218975784,79948.33278900856,80342.36640403997,-394.0336150314106,22.66587764619007,-1.505149721425836,0.0,-0.5150326233619585,2,4
2026-05-08 03:00:00+00:00,79248.484375,79604.7578125,79248.484375,79550.5,476786688.0,2026-05-08 03:59:59.999000+00:00,0.0009877692772297664,1,-0.002145808864981391,-0.0022128044918521272,-0.0018238198085199775,79732.94661458333,80363.27962239583,210.5363647438014,645.0158426435623,79887.12774454571,80283.70963337035,-396.5818888246431,31.170061730325415,-1.2600924948830643,171.540170579458,0.8377364284939942,3,4
2026-05-08 04:00:00+00:00,79552.4765625,79705.3125,79537.453125,79644.078125,0.0,2026-05-08 04:59:59.999000+00:00,0.0011763361009673456,0,0.0009877692772297664,-0.002145808864981391,0.002219097762882649,79689.06119791667,80307.86588541667,193.66936840518534,647.3897607943388,79849.73549538483,80236.32952163921,-386.59402625438815,38.67694791136236,-1.0253294083647733,-1.0,-0.5770962303794056,4,4
2026-05-08 05:00:00+00:00,79633.5625,79738.46875,79581.5859375,79624.6171875,0.0,2026-05-08 05:59:59.999000+00:00,-0.0002443488324324061,0,0.0011763361009673456,0.0009877692772297664,0.0012261264162634067,79625.60286458333,80246.97526041667,116.1730711551527,639.7001593434162,79815.1019095564,80191.01749688816,-375.915587331765,43.86909953872871,-0.9728902890308102,0.0,-0.5770962303794056,5,4
2026-05-08 06:00:00+00:00,79470.28125,79625.015625,79412.0390625,79472.875,502022144.0,2026-05-08 06:59:59.999000+00:00,-0.0019057195231806379,1,-0.0002443488324324061,0.0011763361009673456,-0.0023228910326035246,79567.828125,80164.88118489583,81.45428303603408,605.0032910074689,79762.4516157785,80137.82175637793,-375.3701405994361,42.54744303025684,-1.1438056539221133,0.0,0.8431156966784551,6,4
2026-05-08 07:00:00+00:00,79465.3359375,79699.7734375,79247.7890625,79637.5390625,456253440.0,2026-05-08 07:59:59.999000+00:00,0.0020719530091242166,1,-0.0019057195231806379,-0.0002443488324324061,-0.0022128044918521272,79566.93489583333,80086.537109375,80.49009499657765,540.4936704149229,79743.2342998895,80100.76377905364,-357.5294791641354,38.08413038032386,-0.8307184180904762,-0.09116869553865736,0.6856417438084628,7,4
2026-05-08 08:00:00+00:00,79663.8984375,79934.1953125,79658.75,79928.7109375,223948800.0,2026-05-08 08:59:59.999000+00:00,0.0036562138713438497,0,0.0020719530091242166,-0.0019057195231806379,-0.002145808864981391,79643.05338541667,80033.087890625,154.59521344533306,484.9872206087241,79771.7691672142,80088.01912412373,-316.249956909538,43.390480910756665,-0.2152158834082121,-0.5091570158901157,-0.01916638724327775,8,4
2026-05-08 09:00:00+00:00,79884.0,80037.0,79784.0,79872.0,1285591.04114688,2026-05-08 09:59:59.999000+00:00,-0.0007095189805368385,1,0.0036562138713438497,0.0020719530091242166,0.0009877692772297664,79696.63671875,79989.650390625,170.95132734865496,447.87752128860524,79787.18929533509,80072.01770752197,-284.82841218687827,43.86582245807426,-0.26268429432784135,-0.9942594421530864,-0.67490723956148,9,4
2026-05-08 10:00:00+00:00,79860.265625,80213.4140625,79789.21875,80213.4140625,0.0,2026-05-08 10:59:59.999000+00:00,0.004274515005258328,1,-0.0007095189805368385,0.0036562138713438497,0.0011763361009673456,79791.52604166667,79963.66276041667,266.98100952162935,413.32848009954284,79852.76233643739,80082.49151159442,-229.7291751570301,57.839210032213195,0.6042441160192501,-1.0,-0.6786923689937666,10,4
2026-05-08 11:00:00+00:00,80205.53125,80303.6875,80134.1015625,80224.609375,438759424.0,2026-05-08 11:59:59.999000+00:00,0.00013956908119228117,0,0.004274515005258328,-0.0007095189805368385,-0.0002443488324324061,79891.52473958333,79937.29947916667,302.02598157358074,371.95749851060066,79909.96957313933,80093.01876073558,-183.04918759624707,62.25134520549006,0.7724266804239202,0.0,0.5611931657801406,11,4
2026-05-08 12:00:00+00:00,80214.359375,80475.34375,79985.0,80020.046875,367104000.0,2026-05-08 12:59:59.999000+00:00,-0.0025498721850273354,0,0.00013956908119228117,0.004274515005258328,-0.0019057195231806379,79982.72005208333,79889.76595052083,222.46316208948255,266.8370056676615,79926.90454265635,80087.61343586627,-160.7088932099141,52.75531573396108,0.4882415921029821,-0.16331369785005456,0.3074596438852769,12,4
2026-05-08 13:00:00+00:00,80017.84375,80093.078125,79525.46875,79599.109375,0.0,2026-05-08 13:59:59.999000+00:00,-0.005260400567592138,1,-0.0025498721850273354,0.00013956908119228117,0.0020719530091242166,79976.31510416667,79852.58951822917,234.6104807079123,240.2047152173647,79876.47451686306,80051.42794987618,-174.95343301311368,41.41940167978483,-1.0552671416120774,-1.0,-0.7882182571025527,13,4
2026-05-08 14:00:00+00:00,79626.5390625,80408.9765625,79626.5390625,80134.4296875,0.0,2026-05-08 14:59:59.999000+00:00,0.006725204800697604,0,-0.005260400567592138,-0.0025498721850273354,0.0036562138713438497,80010.6015625,79851.73990885417,241.20161098893794,239.12286489275505,79916.15992773029,80057.5762267372,-141.41629900691623,55.79557610683598,1.182194679595416,0.0,-0.7882182571025527,14,4
2026-05-08 15:00:00+00:00,80134.09375,80187.5625,79606.7265625,80125.6328125,0.0,2026-05-08 15:59:59.999000+00:00,-0.0001097764722891581,0,0.006725204800697604,-0.005260400567592138,-0.0007095189805368385,80052.87369791667,79862.45670572917,234.1756949263563,245.57974921328014,79948.38652538716,80062.61745531223,-114.23092992506281,59.469267407575416,1.071652315037859,0.0,-0.7982690292327436,15,4
2026-05-08 16:00:00+00:00,80159.5234375,80165.3203125,79716.84375,79777.0390625,0.0,2026-05-08 16:59:59.999000+00:00,-0.004350589664804727,1,-0.0001097764722891581,0.006725204800697604,0.004274515005258328,79980.14453125,79862.39778645833,241.97753110654997,245.60094825515284,79922.02537725067,80041.4635002891,-119.43812303843151,55.59366323697534,-0.3475504657646924,0.0,-0.8320064045924055,16,4
2026-05-08 17:00:00+00:00,79762.3515625,80254.9921875,79716.296875,80046.859375,164548608.0,2026-05-08 17:59:59.999000+00:00,0.003382180081772823,1,-0.004350589664804727,-0.0001097764722891581,0.00013956908119228117,79950.51953125,79860.5625,215.49366329386535,243.97835917324588,79941.23060767364,80041.86319471213,-100.63258703848987,58.50522088353414,0.7635795061139541,0.0,0.05086965537400069,17,4
2026-05-08 18:00:00+00:00,80081.0390625,80294.9765625,80072.0078125,80075.7109375,95424512.0,2026-05-08 18:59:59.999000+00:00,0.0003604334101958706,1,0.003382180081772823,-0.004350589664804727,-0.0025498721850273354,79959.796875,79855.22721354167,220.23170372433472,237.4600904692637,79961.91988918539,80044.37043491864,-82.45054573325615,57.56390071601659,0.9285085486264792,-0.42008314041769346,-0.2855982463067668,18,4
2026-05-08 19:00:00+00:00,80066.5,80128.2109375,79954.078125,80101.3125,0.0,2026-05-08 19:59:59.999000+00:00,0.0003197169553696977,1,0.0003604334101958706,0.003382180081772823,-0.005260400567592138,80043.49739583333,79854.26106770833,134.46676389553508,236.36150528817876,79983.3649062338,80048.58836566542,-65.22345943162509,58.33563296275147,1.0452270220163782,-1.0,-0.7400534229357252,19,4
2026-05-08 20:00:00+00:00,80121.3671875,80284.078125,80077.703125,80131.1484375,0.0,2026-05-08 20:59:59.999000+00:00,0.0003724775109021916,1,0.0003197169553696977,0.0003604334101958706,0.006725204800697604,80042.95052083333,79864.88639322917,134.0289386413213,243.02566215301727,80006.1008341209,80054.70392654206,-48.603092421166366,62.02336207216386,1.0956128744263263,0.0,-0.7400534229357252,20,4
2026-05-08 21:00:00+00:00,80126.0,80254.0,80112.0,80254.0,1528808.3286762398,2026-05-08 21:59:59.999000+00:00,0.0015331311842587958,1,0.0003724775109021916,0.0003197169553696977,-0.0001097764722891581,80064.34505208333,79886.70052083333,157.97338222838334,253.69722750488688,80044.23916733307,80069.46659865006,-25.227431316990987,61.434305670274895,1.4477867290039517,0.0,-0.6739687009925701,21,4
2026-05-08 22:00:00+00:00,80230.7890625,80413.0234375,80230.7890625,80273.96875,0.0,2026-05-08 22:59:59.999000+00:00,0.00024881937348908423,0,0.0015331311842587958,0.0003724775109021916,-0.004350589664804727,80147.16666666667,79901.974609375,94.8881357049928,265.7460350865643,80079.58218005106,80084.61490615747,-5.032726106408518,57.12030058228151,1.399810689569936,-1.0,-0.6181109311395071,22,4
2026-05-08 23:00:00+00:00,80277.0,80289.0,80114.0,80199.0,1117764.2995155,2026-05-08 23:59:59.999000+00:00,-0.0009339110943109574,1,0.00024881937348908423,0.0015331311842587958,0.003382180081772823,80172.5234375,79910.04264322917,82.20235788365818,271.8898266446271,80097.9541523509,80093.08787607173,4.866276279164595,56.69336164877761,1.0627736989531038,0.0,-0.6079827399723049,23,4
2026-05-09 00:00:00+00:00,80188.3828125,80238.0,80116.9765625,80230.2265625,0.0,2026-05-09 00:59:59.999000+00:00,0.00038936348956974953,1,-0.0009339110943109574,0.00024881937348908423,0.0003604334101958706,80198.27604166667,79927.1552734375,68.94048006568171,278.7822584185595,80118.3037539123,80103.24629728864,15.057456623660983,50.3941911753931,1.0871254533259191,-1.0,-0.6140129290823989,0,5
2026-05-09 01:00:00+00:00,80219.5,80436.21875,80219.5,80318.2578125,0.0,2026-05-09 01:59:59.999000+00:00,0.0010972329728051733,1,0.00038936348956974953,-0.0009339110943109574,0.0003197169553696977,80234.43359375,79955.29524739583,64.6736954907654,282.8968353262647,80149.06591677194,80119.17307619318,29.892840578759206,52.11934978553673,1.2830209453759605,0.0,-0.6140129290823989,1,5
2026-05-09 02:00:00+00:00,80318.2578125,80472.34375,80318.2578125,80407.296875,0.0,2026-05-09 02:59:59.999000+00:00,0.0011085781106938697,0,0.0010972329728051733,0.00038936348956974953,0.0003724775109021916,80280.45833333333,79994.26595052083,74.05088118680258,277.80085496297517,80188.79375649933,80140.5155798085,48.27817669083015,59.24734713371043,1.4867878089655973,0.0,-0.6131508788936174,2,5
2026-05-09 03:00:00+00:00,80408.03125,80508.71875,80305.0,80380.296875,0.0,2026-05-09 03:59:59.999000+00:00,-0.0003357904201403139,1,0.0011085781106938697,0.0010972329728051733,0.0015331311842587958,80301.5078125,80028.8408203125,82.49469386922505,271.7405877994049,80218.2557747302,80158.2771572301,59.97861750010634,72.97737007555564,1.293351344875061,0.0,-0.5528757809666849,3,5
2026-05-09 04:00:00+00:00,80385.0625,80647.1015625,80366.140625,80385.0625,46252032.0,2026-05-09 04:59:59.999000+00:00,5.9288472241014745e-05,0,-0.0003357904201403139,0.0011085781106938697,0.00024881937348908423,80320.0234375,80059.71516927083,87.39895675332461,268.19541265839945,80243.91834784864,80175.07607150935,68.84227633928822,60.71674338742759,1.2130980448333264,0.0,-0.29317891637587584,4,5
2026-05-09 05:00:00+00:00,80383.8515625,80480.9921875,80345.9296875,80374.0,0.0,2026-05-09 05:59:59.999000+00:00,-0.00013761885176122313,0,5.9288472241014745e-05,-0.0003357904201403139,-0.0009339110943109574,80349.19010416667,80090.939453125,65.3536814817944,258.79551143258885,80263.93090971808,80189.81117732347,74.11973239461076,60.59933185300766,1.0937614230945876,-1.0,-0.5670754768002565,5,5
2026-05-09 06:00:00+00:00,80374.0,80425.578125,80190.1328125,80248.1328125,0.0,2026-05-09 06:59:59.999000+00:00,-0.0015660187062980224,0,-0.00013761885176122313,5.9288472241014745e-05,0.00038936348956974953,80352.17447916667,80123.24186197917,58.92763596886284,224.3920360280396,80261.50043322299,80194.13129844765,67.3691347753338,74.82339574173788,0.55657479085052,0.0,-0.5130289944453963,6,5
2026-05-09 07:00:00+00:00,80250.953125,80296.6015625,80133.59375,80214.859375,0.0,2026-05-09 07:59:59.999000+00:00,-0.00041463192143975647,1,-0.0015660187062980224,-0.00013761885176122313,0.0010972329728051733,80334.94140625,80147.296875,81.59112224506823,199.63991343010588,80254.32488580406,80195.6667115256,58.658174278461956,61.79205966220662,0.3384218057360243,0.0,-0.45857210864262254,7,5
2026-05-09 08:00:00+00:00,80214.8671875,80434.6171875,80204.4609375,80399.9921875,0.0,2026-05-09 08:59:59.999000+00:00,0.0023079615665038133,0,-0.00041463192143975647,-0.0015660187062980224,0.0011085781106938697,80333.72395833333,80166.93359375,80.34046720386245,200.381253713938,80276.73523991113,80210.80193196815,65.93330794297799,68.66635487120449,1.1630758338437777,0.0,-0.3981655234466044,8,5
2026-05-09 09:00:00+00:00,80400.0,80406.1328125,80200.0078125,80236.7421875,0.0,2026-05-09 09:59:59.999000+00:00,-0.0020304728341177247,1,0.0023079615665038133,-0.00041463192143975647,-0.0003357904201403139,80309.79817708333,80182.13118489583,84.9408295336456,190.6345342270614,80270.58246261711,80212.72343237791,57.85903023919673,56.729268728212844,0.28646962013254806,0.0,-0.39763218355682994,9,5
2026-05-09 10:00:00+00:00,80236.7421875,80330.890625,80160.0,80259.3125,0.0,2026-05-09 10:59:59.999000+00:00,0.0002812964719736133,1,-0.0020304728341177247,0.0023079615665038133,5.9288472241014745e-05,80288.83984375,80184.04361979167,77.87592372377665,191.19141886735366,80268.84862221447,80216.174474424,52.67414779047249,56.414567578769564,0.3936833601331718,0.0,-0.39763218355682994,10,5
2026-05-09 11:00:00+00:00,80249.6171875,80365.9609375,80241.7265625,80330.5,0.0,2026-05-09 11:59:59.999000+00:00,0.000886968724034265,1,0.0002812964719736133,-0.0020304728341177247,-0.00013761885176122313,80281.58984375,80188.45572916667,69.98748300292509,193.37756925638053,80278.3334495661,80224.64303187407,53.69041769202158,54.03760514596734,0.7345436773228119,0.0,-0.34415300217661887,11,5
2026-05-09 12:00:00+00:00,80315.96875,80411.21875,80257.671875,80400.0078125,0.0,2026-05-09 12:59:59.999000+00:00,0.0008652729971803108,0,0.000886968724034265,0.0002812964719736133,-0.0015660187062980224,80306.90234375,80204.28743489583,81.91501123808499,194.54066868380798,80297.05258232517,80237.63301562415,59.41956670102081,56.321658921168336,1.0060640735345725,0.0,-0.33301855313060835,12,5
2026-05-09 13:00:00+00:00,80393.6015625,80422.7890625,80306.796875,80391.53125,0.0,2026-05-09 13:59:59.999000+00:00,-0.00010542987159611883,0,0.0008652729971803108,0.000886968724034265,-0.00041463192143975647,80336.34765625,80237.30501302083,73.53683490337805,149.36322254167368,80311.58776196744,80249.03288483717,62.55487713027105,60.34679654043161,1.032558312245446,0.0,-0.33301855313060835,13,5
2026-05-09 14:00:00+00:00,80391.5234375,80416.25,80241.3828125,80325.09375,0.0,2026-05-09 14:59:59.999000+00:00,-0.0008264241141693329,1,-0.00010542987159611883,0.0008652729971803108,0.0023079615665038133,80323.86458333333,80245.24934895833,66.60239009113172,148.72273474351002,80313.66560628015,80254.66702299738,58.99858328276605,54.91233605993673,0.5368674882113528,0.0,-0.33301855313060835,14,5
2026-05-09 15:00:00+00:00,80314.21875,80590.4921875,80220.7890625,80523.9609375,0.0,2026-05-09 15:59:59.999000+00:00,0.002475779089893715,1,-0.0008264241141693329,-0.00010542987159611883,-0.0020304728341177247,80371.734375,80261.84635416667,90.41960981882708,156.80025675286836,80346.01873416013,80274.61472036794,71.40401379218383,59.55481042791616,1.6716463911563946,0.0,-0.33301855313060835,15,5
2026-05-09 16:00:00+00:00,80523.9609375,80761.1875,80478.3671875,80609.296875,0.0,2026-05-09 16:59:59.999000+00:00,0.0010597583192193394,1,0.002475779089893715,-0.0008264241141693329,0.0002812964719736133,80430.06510416667,80296.52376302083,113.3674987250495,135.5036630095375,80386.5230635201,80299.40599108142,87.11707243867568,59.415191901536666,2.3082262503645885,0.0,-0.33301855313060835,16,5
2026-05-09 17:00:00+00:00,80610.15625,80905.71875,80610.15625,80795.4375,0.0,2026-05-09 17:59:59.999000+00:00,0.002309170681499051,1,0.0010597583192193394,0.002475779089893715,0.000886968724034265,80507.5546875,80327.71451822917,174.2509187085956,159.55678764150082,80449.4329768247,80336.14906581613,113.28391100856243,66.84994926433282,2.9313888094922604,0.0,-0.2830566174922833,17,5
2026-05-09 18:00:00+00:00,80815.4296875,81061.546875,80775.0,80898.40625,0.0,2026-05-09 18:59:59.999000+00:00,0.0012744376809643576,1,0.002309170681499051,0.0010597583192193394,0.0008652729971803108,80590.62109375,80361.99348958333,224.32804544081043,188.76308754606188,80518.50578808243,80377.79774612605,140.7080419563863,69.29750367107195,2.8417248699949154,0.0,-0.21616866500040915,18,5
2026-05-09 19:00:00+00:00,80903.0,80944.0,80777.0,80929.0,813778.3336700599,2026-05-09 19:59:59.999000+00:00,0.00037817494086911374,0,0.0012744376809643576,0.002309170681499051,-0.00010542987159611883,80680.19921875,80396.48046875,235.93788813827675,213.10560119690328,80581.65874376206,80418.6275427093,163.03120105275593,70.56150506512301,2.498852814093646,0.0,-0.13351349835315102,19,5
2026-05-09 20:00:00+00:00,80939.0078125,80939.0078125,80731.203125,80797.421875,0.0,2026-05-09 20:59:59.999000+00:00,-0.0016258464209368828,0,0.00037817494086911374,0.0012744376809643576,-0.0008264241141693329,80758.92057291667,80424.24186197917,160.49447522375473,220.31382582644622,80614.85307164483,80446.68638213824,168.1666895065864,70.26417878614949,1.693856532248701,-1.0,-0.21991052562123262,20,5
2026-05-09 21:00:00+00:00,80808.7421875,80882.546875,80732.0,80767.34375,0.0,2026-05-09 21:59:59.999000+00:00,-0.0003722659003468909,0,-0.0016258464209368828,0.00037817494086911374,0.002475779089893715,80799.484375,80445.63118489583,112.94668679246102,227.8571941517356,80638.31317600717,80470.43877975763,167.8743962495355,70.43022557086069,1.4119043565942244,0.0,-0.2129442673061533,21,5
2026-05-09 22:00:00+00:00,80779.359375,80812.4765625,80661.0,80756.9921875,0.0,2026-05-09 22:59:59.999000+00:00,-0.00012816519671665638,0,-0.0003722659003468909,-0.0016258464209368828,0.0010597583192193394,80824.10026041667,80465.75716145833,71.81005534064234,233.3024800293471,80656.5714854676,80491.66495810892,164.90652735868935,65.16124751161247,1.2483151743823602,0.0,-0.2129442673061533,22,5
2026-05-09 23:00:00+00:00,80743.203125,80829.859375,80607.8125,80658.9765625,0.0,2026-05-09 23:59:59.999000+00:00,-0.0012137106935883324,0,-0.00012816519671665638,-0.0003722659003468909,0.002309170681499051,80801.35677083333,80484.9228515625,99.12023416899795,229.29472877558288,80656.94149731874,80504.05841028603,152.8830870327074,68.9834913944503,0.7590829142341566,0.0,-0.207842456835953,23,5
2026-05-10 00:00:00+00:00,80665.0,80698.0,80619.0,80626.0,35948.22602644,2026-05-10 00:59:59.999000+00:00,-0.0004088393369886534,1,-0.0012137106935883324,-0.00012816519671665638,0.0012744376809643576,80755.95572916667,80501.41341145833,107.78494539845337,224.35954329865092,80652.18126696201,80513.09112063522,139.09014632679464,66.33329157444913,0.5552988150623529,0.0,-0.20419823895372646,0,6
2026-05-10 01:00:00+00:00,80658.9609375,80675.2109375,80552.7265625,80664.0,0.0,2026-05-10 01:59:59.999000+00:00,0.0004713119837274071,1,-0.0004088393369886534,-0.0012137106935883324,0.00037817494086911374,80711.7890625,80515.8193359375,70.56251421893975,223.1847934757516,80653.99953358324,80524.26955614371,129.72997743952146,65.30760072866016,0.66393709784085,-1.0,-0.20800830280523647,1,6
2026-05-10 02:00:00+00:00,80659.609375,80771.9765625,80586.7265625,80767.3203125,0.0,2026-05-10 02:59:59.999000+00:00,0.0012808726631459155,0,0.0004713119837274071,-0.0004088393369886534,-0.0016258464209368828,80706.77213541667,80530.8203125,64.02353609454131,227.62844538652178,80671.43349957043,80542.27331587381,129.1601836966147,66.35202626563347,1.0389738400155306,0.0,-0.20800830280523647,2,6
2026-05-10 03:00:00+00:00,80759.453125,80871.671875,80693.8203125,80752.2265625,0.0,2026-05-10 03:59:59.999000+00:00,-0.0001868794203101487,0,0.0012808726631459155,0.0004713119837274071,-0.0003722659003468909,80704.25260416667,80546.3173828125,61.407103973683675,229.5873341655742,80683.8632015596,80557.8254082165,126.03779334310093,65.9633909369403,0.8968664601462817,0.0,-0.20800830280523647,3,6
2026-05-10 04:00:00+00:00,80757.4609375,80830.5390625,80716.0703125,80747.1171875,0.0,2026-05-10 04:59:59.999000+00:00,-6.327224916879981e-05,0,-0.0001868794203101487,0.0012808726631459155,-0.00012816519671665638,80702.60677083333,80561.40299479167,59.822768812847485,230.4243269175016,80693.59458401197,80571.84702149675,121.74756251521467,69.74970568664585,0.8059660852337844,0.0,-0.21334278340654383,4,6
2026-05-10 05:00:00+00:00,80739.0078125,80801.40625,80666.0,80679.9921875,0.0,2026-05-10 05:59:59.999000+00:00,-0.0008312990276065912,1,-6.327224916879981e-05,-0.0001868794203101487,-0.0012137106935883324,80706.109375,80574.15266927083,57.32021149055568,228.05755694184376,80691.50190762551,80579.85777453403,111.64413309148222,58.32888503369587,0.46409125682321206,0.0,-0.21334278340654383,5,6
2026-05-10 06:00:00+00:00,80684.1015625,80748.0,80635.7109375,80724.0625,0.0,2026-05-10 06:59:59.999000+00:00,0.0005462359539845085,1,-0.0008312990276065912,-6.327224916879981e-05,-0.0004088393369886534,80722.453125,80593.98307291667,41.78546871000949,218.9879752437203,80696.51122952928,80590.53960605004,105.97162347924314,56.40846667946324,0.5940026019171052,0.0,-0.21334278340654383,6,6
2026-05-10 07:00:00+00:00,80734.2109375,80794.0,80711.09375,80725.84375,0.0,2026-05-10 07:59:59.999000+00:00,2.206591126396873e-05,1,0.0005462359539845085,-0.0008312990276065912,0.0004713119837274071,80732.76041666667,80615.27408854167,30.61834065774618,204.91301966590223,80701.02392498631,80600.56213523152,100.46178975478688,45.106354926606315,0.539593148539831,0.0,-0.21334278340654383,7,6
2026-05-10 08:00:00+00:00,80725.84375,80890.7578125,80704.8125,80819.0,0.0,2026-05-10 08:59:59.999000+00:00,0.0011539829832996062,0,2.206591126396873e-05,0.0005462359539845085,0.0012808726631459155,80741.37369791667,80632.73274739583,45.793365400018985,203.6191655246222,80719.17409037302,80616.74271780696,102.43137256606133,44.338235294117645,0.9147825162933769,0.0,-0.21334278340654383,8,6
2026-05-10 09:00:00+00:00,80824.546875,80896.546875,80734.2265625,80794.0234375,0.0,2026-05-10 09:59:59.999000+00:00,-0.00030904320147484565,1,0.0011539829832996062,2.206591126396873e-05,-0.0001868794203101487,80748.33984375,80655.95279947917,50.691634132635336,187.64717686027842,80730.6893745464,80629.87462296941,100.81475157699606,40.298289552004135,0.7357991755113668,0.0,-0.21334278340654383,9,6
2026-05-10 10:00:00+00:00,80794.03125,80871.3984375,80676.0,80848.0625,70102016.0,2026-05-10 10:59:59.999000+00:00,0.0006688497515141556,0,-0.00030904320147484565,0.0011539829832996062,-6.327224916879981e-05,80765.1640625,80680.48404947917,64.9507445948273,171.31251446071366,80748.74677846234,80646.03668793464,102.71009052770387,54.09651650740684,0.9782032039419893,0.0,4.694539956940903,10,6
2026-05-10 11:00:00+00:00,80853.5078125,80951.1484375,80737.21875,80794.0,156495872.0,2026-05-10 11:59:59.999000+00:00,-0.0006686925861705273,1,0.0006688497515141556,-0.00030904320147484565,-0.0008312990276065912,80784.16536458333,80699.79654947917,50.007923836905505,155.54241382038072,80755.70881254505,80656.99693327282,98.71187927223218,52.07577932981287,0.605644776926337,1.2324018755751616,4.271207170913981,11,6
2026-05-10 12:00:00+00:00,80791.4921875,80941.3515625,80763.2265625,80928.0,0.0,2026-05-10 12:59:59.999000+00:00,0.0016585390004209,1,-0.0006686925861705273,0.0006688497515141556,0.0005462359539845085,80818.15494791667,80721.79622395833,67.30268879561714,148.47588725188186,80782.21514907658,80677.07123451187,105.1439145647164,61.16637588891269,1.3888031239163918,-1.0,-0.27532626791863346,12,6
2026-05-10 13:00:00+00:00,80921.34375,80998.9921875,80853.5,80962.328125,12219392.0,2026-05-10 13:59:59.999000+00:00,0.0004241810621787856,0,0.0016585390004209,-0.0006686925861705273,2.206591126396873e-05,80857.56901041667,80745.57942708333,71.54299041622698,138.66479970314467,80809.92483768018,80698.20137454802,111.72346313216258,71.60503444208277,1.5631126167613543,0.0,0.06498671388818218,13,6
2026-05-10 14:00:00+00:00,80954.0078125,80993.109375,80800.0078125,80960.8984375,84712448.0,2026-05-10 14:59:59.999000+00:00,-1.765867574599067e-05,1,0.0004241810621787856,0.0016585390004209,0.0011539829832996062,80881.21875,80772.0712890625,79.27867081519929,113.24324246128035,80833.15154534478,80717.66041624817,115.49112909661199,74.97407454878064,1.667447384351106,5.932623816307718,1.8984764743175373,14,6
2026-05-10 15:00:00+00:00,80994.0234375,81434.65625,80922.140625,81404.6484375,696982528.0,2026-05-10 15:59:59.999000+00:00,0.005481040953894123,0,-1.765867574599067e-05,0.0004241810621787856,-0.00030904320147484565,80982.98958333333,80808.7666015625,217.0978297271128,161.68013702560717,80921.07414413789,80768.54841782237,152.52572631552175,84.40900413040164,3.6855599389003686,7.227628222950186,4.534545794448922,15,6
2026-05-10 16:00:00+00:00,81438.828125,81489.2578125,81183.296875,81357.2734375,487999488.0,2026-05-10 16:59:59.999000+00:00,-0.0005819692230029094,1,0.005481040953894123,-1.765867574599067e-05,0.0006688497515141556,81067.85807291667,80839.93229166667,250.72872228326622,190.99181701134427,80988.18172773207,80812.15767853924,176.02404919282708,78.91085621525598,2.708708435412184,-0.2998397113334812,2.498697708563891,16,6
2026-05-10 17:00:00+00:00,81360.0,81555.3671875,81207.25,81471.421875,341364736.0,2026-05-10 17:59:59.999000+00:00,0.0014030514135616734,0,-0.0005819692230029094,0.005481040953894123,-0.0006686925861705273,81180.76171875,80868.09830729167,255.22796072699776,230.00478508317573,81062.52636577329,80860.99206346225,201.53430231103266,82.12553305834153,2.6230913739040296,-0.3004813644394644,1.4787432844732922,17,6
2026-05-10 18:00:00+00:00,81474.78125,81486.53125,81210.8671875,81268.5625,478963712.0,2026-05-10 18:59:59.999000+00:00,-0.0024899451897530955,1,0.0014030514135616734,-0.0005819692230029094,0.0016585390004209,81237.52213541667,80883.521484375,223.6946941730157,244.10391938545766,81094.2242325774,80891.18246616876,203.0417664086417,69.79518236658382,1.577365150851972,0.4030849161877108,1.9518802985422872,18,6
2026-05-10 19:00:00+00:00,81265.5390625,81476.9921875,81144.0,81425.140625,307822592.0,2026-05-10 19:59:59.999000+00:00,0.0019266752134319276,0,-0.0024899451897530955,0.0014030514135616734,0.0004241810621787856,81314.65755208333,80904.19401041667,186.52951522152944,267.96504944734767,81145.13444679626,80930.73492237848,214.3995244177786,76.4884275073734,1.944084184328259,-0.3573154201711214,0.9943093299321625,19,6
2026-05-10 20:00:00+00:00,81428.828125,81447.5625,80290.0,80723.9921875,1779113984.0,2026-05-10 20:59:59.999000+00:00,-0.008610957649175077,0,0.0019266752134319276,-0.0024899451897530955,-1.765867574599067e-05,81275.17317708333,80901.13444010417,278.69419326448906,269.65105490578327,81080.34332998145,80915.42064572082,164.92268426062947,49.998296390240206,-0.6569314281602401,4.779673195656803,4.057809403542331,20,6
2026-05-10 21:00:00+00:00,80712.953125,80936.46875,80571.6875,80702.609375,1492596736.0,2026-05-10 21:59:59.999000+00:00,-0.00026488794620482814,1,-0.008610957649175077,0.0019266752134319276,0.005481040953894123,81158.16666666667,80898.43717447917,351.3615204639961,271.3658327619132,81022.23041383046,80899.65684788965,122.5735659408092,49.44234851155429,-0.7216376412832484,-0.16104490807037575,2.6366294657026446,21,6
2026-05-10 22:00:00+00:00,80682.0,82151.7265625,80661.9921875,82035.109375,2963243008.0,2026-05-10 22:59:59.999000+00:00,0.016511238116332594,1,-0.00026488794620482814,-0.008610957649175077,-0.0005819692230029094,81271.13932291667,80951.69205729167,504.00053005127086,354.94381523779765,81178.05794631808,80983.76444249041,194.2935038276628,68.30068894166334,3.052362856308635,0.9852937746207158,3.5764127584111023,22,6
2026-05-10 23:00:00+00:00,82091.859375,82449.9921875,82067.1875,82186.8203125,2195412992.0,2026-05-10 23:59:59.999000+00:00,0.0018493415643112687,0,0.016511238116332594,-0.00026488794620482814,0.0014030514135616734,81390.37239583333,81015.35221354167,629.7844220702694,429.37033015046165,81333.2521564999,81072.87969212075,260.3724643791502,70.18948522350468,2.728339656230597,-0.25911813979719345,2.1409894959065756,23,6
2026-05-11 00:00:00+00:00,82200.0,82340.359375,81257.96875,81461.5625,1554477056.0,2026-05-11 00:59:59.999000+00:00,-0.00882450263609591,1,0.0018493415643112687,0.016511238116332594,-0.0024899451897530955,81422.5390625,81050.16731770833,627.2422665850107,430.30184186509774,81352.99220934608,81101.67101122292,251.32119812315796,57.44442843383363,0.9560618669641819,-0.2919432190369401,1.2342328404300809,0,0
2026-05-11 01:00:00+00:00,81459.6328125,81727.5234375,81270.0078125,81486.546875,882757632.0,2026-05-11 01:59:59.999000+00:00,0.0003067013967477106,0,-0.00882450263609591,0.0018493415643112687,0.0019266752134319276,81432.7734375,81084.44010416667,627.7939283391064,430.963706478809,81373.53908098514,81130.18033446567,243.35874651947233,58.46333629937408,0.933040914555761,-0.43211922711067663,0.38627897606401623,1,0
2026-05-11 02:00:00+00:00,81487.109375,81546.921875,81100.8828125,81155.609375,122085376.0,2026-05-11 02:59:59.999000+00:00,-0.004061253209166615,0,0.0003067013967477106,-0.00882450263609591,-0.008610957649175077,81504.70963541667,81100.61881510417,550.2774282237608,425.79856236033487,81340.0114339105,81132.06396709784,207.94746681266406,52.65378547459164,0.12914688953151598,-0.8617000051040057,-0.5399633909914368,2,0
2026-05-11 03:00:00+00:00,81149.6015625,81171.6015625,80507.796875,80717.453125,1744568320.0,2026-05-11 03:59:59.999000+00:00,-0.005398964450816779,1,-0.004061253209166615,0.0003067013967477106,-0.00026488794620482814,81507.18359375,81099.169921875,545.9665745586818,427.0927993390532,81244.23323253966,81101.35205286837,142.88117967128346,47.39062676905249,-0.8937561051502747,13.28974032074079,1.2994539056547747,3,0
2026-05-11 04:00:00+00:00,80698.109375,80853.5625,80619.84375,80806.4609375,289011712.0,2026-05-11 04:59:59.999000+00:00,0.0011027083865264853,1,-0.005398964450816779,-0.004061253209166615,0.016511238116332594,81302.40885416667,81101.642578125,538.722182450709,425.13326032248534,81176.8836486874,81079.50826654478,97.37538214262167,48.384476327772816,-0.6943273278620675,-0.8343362603305785,-0.4315807490274777,4,0
2026-05-11 05:00:00+00:00,80791.40625,80958.0625,80737.2265625,80809.9921875,141498368.0,2026-05-11 05:59:59.999000+00:00,4.370009475773706e-05,1,0.0011027083865264853,-0.005398964450816779,0.0018493415643112687,81072.9375,81107.05924479167,345.0958942103284,420.3284109151613,81120.43880850472,81059.54411254147,60.89469596325944,43.14845553103161,-0.7067498878909502,-0.5104061111544158,-0.6168657130818261,5,0
2026-05-11 06:00:00+00:00,80804.4296875,81024.46875,80743.5078125,80814.09375,519299072.0,2026-05-11 06:59:59.999000+00:00,5.0755635398136434e-05,0,4.370009475773706e-05,0.0011027083865264853,-0.00882450263609591,80965.02604166667,81110.810546875,297.1724348776964,417.15141238802977,81073.308799504,81041.36260420506,31.9461952989368,43.67852460417474,-0.7112928017585068,2.670000434209955,-0.19439511466773274,6,0
2026-05-11 07:00:00+00:00,80812.0078125,80820.0,80665.3515625,80722.1875,555380736.0,2026-05-11 07:59:59.999000+00:00,-0.001137255220411304,1,5.0755635398136434e-05,4.370009475773706e-05,0.0003067013967477106,80837.6328125,81110.658203125,161.96891612221597,417.29875652707136,81019.29013804185,81017.72000389357,1.5701341482781572,41.23510272720626,-0.9309174711135253,0.06948147213326816,-0.1814158941003242,7,0
2026-05-11 08:00:00+00:00,80710.2890625,80846.4609375,80600.0,80753.96875,389519360.0,2026-05-11 08:59:59.999000+00:00,0.00039371145634525817,1,-0.001137255220411304,5.0755635398136434e-05,-0.004061253209166615,80770.69270833333,81107.94856770833,45.10956601168133,419.480343537003,80978.47146295849,80998.18287397553,-19.71141101703688,43.72903107874984,-0.8438531701476576,-0.29864445280291463,-0.4103823302482694,8,0
2026-05-11 09:00:00+00:00,80736.84375,80987.6328125,80733.7265625,80944.6484375,247339008.0,2026-05-11 09:59:59.999000+00:00,0.0023612423073633426,0,0.00039371145634525817,-0.001137255220411304,-0.005398964450816779,80808.55859375,81114.224609375,76.15452125092756,415.6890071076844,80973.26792058027,80994.21736016253,-20.949439582254854,44.19286673326447,-0.4079399959476706,-0.36501485317700255,-0.6061720098000035,9,0
2026-05-11 10:00:00+00:00,80955.59375,81191.859375,80927.28125,80927.28125,425041920.0,2026-05-11 10:59:59.999000+00:00,-0.00021455633985989486,1,0.0023612423073633426,0.00039371145634525817,0.0011027083865264853,80828.6953125,81117.525390625,90.17239026215711,413.79385394162335,80966.19304818331,80989.25912978011,-23.06608159680036,52.94339887290933,-0.4597558393214777,0.7184589015574931,-0.40632165755079375,10,0
2026-05-11 11:00:00+00:00,80927.28125,81181.4765625,80891.828125,81181.4765625,125906944.0,2026-05-11 11:59:59.999000+00:00,0.0031410336362931446,0,-0.00021455633985989486,0.0023612423073633426,4.370009475773706e-05,80890.609375,81133.67024739583,168.38051935011825,408.1425823047251,80999.31358884742,81003.49745812973,-4.183869282307569,56.49555023811896,0.11713140744642674,-0.703777585043847,-0.7841615770396038,11,0
2026-05-11 12:00:00+00:00,81185.59375,81342.1328125,81002.0625,81032.828125,416086016.0,2026-05-11 12:59:59.999000+00:00,-0.001831063486330664,1,0.0031410336362931446,-0.00021455633985989486,5.0755635398136434e-05,80927.06510416667,81138.0380859375,172.1379721798608,406.4030695140066,81004.46967133244,81005.67010012011,-1.2004287876770832,29.972524899310002,-0.2588808225865872,2.3047106281921987,-0.4446927141569378,12,0
2026-05-11 13:00:00+00:00,81050.15625,81311.9921875,80731.9375,81039.46875,1005092864.0,2026-05-11 13:59:59.999000+00:00,8.194981162157333e-05,0,-0.001831063486330664,0.0031410336362931446,-0.001137255220411304,80979.9453125,81141.25227864583,142.85605037109426,405.25641060399045,81009.85414497361,81008.17370381491,1.6804411586927017,25.66278117863854,-0.2511583431687885,1.4155891458750682,0.26757272320125264,13,0
2026-05-11 14:00:00+00:00,81034.1171875,81214.03125,80426.7421875,80910.8984375,965476352.0,2026-05-11 14:59:59.999000+00:00,-0.0015865147499501964,1,8.194981162157333e-05,-0.001831063486330664,0.00039371145634525817,81006.10026041667,81139.1689453125,101.62365077371652,406.35092240293056,80994.63018997767,81000.96812853233,-6.33793855465774,34.36064700792119,-0.5617570804629574,-0.039415772829524354,0.17043925196698603,14,0
2026-05-11 15:00:00+00:00,80909.0,81422.6875,80791.921875,81422.6875,142274560.0,2026-05-11 15:59:59.999000+00:00,0.006325341485304836,1,-0.0015865147499501964,8.194981162157333e-05,0.0023612423073633426,81085.7734375,81139.92057291667,191.47769726381972,406.87966977698335,81060.48516075034,81032.2066004929,28.278560257444042,48.57920571794087,0.6949645020069868,-0.8526379649742057,-0.8889528831389052,15,0
2026-05-11 16:00:00+00:00,81428.8125,81894.828125,81319.9296875,81551.9921875,400945152.0,2026-05-11 16:59:59.999000+00:00,0.0015880670544066167,1,0.006325341485304836,-0.0015865147499501964,-0.00021455633985989486,81189.89192708333,81148.03385416667,249.20462791103336,413.2930032550041,81136.10162640414,81070.70923656749,65.39238983664836,59.68829125405294,0.9774139173705874,1.8181085360587304,-0.5412944983665167,16,0
2026-05-11 17:00:00+00:00,81555.2890625,82048.203125,81343.3828125,81927.9921875,798400512.0,2026-05-11 17:59:59.999000+00:00,0.004610555670246708,0,0.0015880670544066167,0.006325341485304836,0.0031410336362931446,81314.31119791667,81167.0576171875,390.4753460076591,438.56113324786,81257.93094349581,81134.2116773773,123.71926611851086,80.51486661598875,1.735070695109786,0.9912960863035949,-0.043224177181396053,17,0
2026-05-11 18:00:00+00:00,81931.6015625,82131.171875,81828.7109375,81846.140625,447033344.0,2026-05-11 18:59:59.999000+00:00,-0.000999067111429719,1,0.004610555670246708,0.0015880670544066167,-0.001831063486330664,81449.86328125,81191.12337239583,413.69520050294403,459.71047557817,81348.4247406503,81186.94715497899,161.4775856713095,76.30279671904339,1.4248473493678113,-0.4400888560552426,-0.5078887253083638,18,0
2026-05-11 19:00:00+00:00,81864.0,82081.9765625,81739.453125,81956.0,397742080.0,2026-05-11 19:59:59.999000+00:00,0.0013422670166374218,0,-0.000999067111429719,0.004610555670246708,8.194981162157333e-05,81602.61848958333,81213.24251302083,400.8651592106442,483.60986877073384,81441.89785747333,81243.91403238795,197.98382508537907,77.51261323780408,1.5358608972706727,-0.11026305903480882,-0.5802180067459795,19,0
2026-05-11 20:00:00+00:00,81962.9296875,82067.7421875,81748.9921875,81812.203125,0.0,2026-05-11 20:59:59.999000+00:00,-0.0017545618990677525,1,0.0013422670166374218,-0.000999067111429719,-0.0015865147499501964,81752.8359375,81258.58463541667,216.11190542935273,486.7483842060803,81498.86789863129,81286.00952072958,212.85837790170626,72.45575921199722,1.1373812580524902,-1.0,-1.0244641099882401,20,0
2026-05-11 21:00:00+00:00,81812.203125,81876.640625,81580.0,81812.453125,0.0,2026-05-11 21:59:59.999000+00:00,3.0557788501806016e-06,1,-0.0017545618990677525,0.0013422670166374218,0.006325341485304836,81817.796875,81304.828125,143.3586106223315,484.3458396458857,81547.11177961109,81325.00534326813,222.1064363429614,75.5842689213666,1.048063095516902,0.0,-0.9425714433794634,21,0
2026-05-11 22:00:00+00:00,81831.2109375,81955.4375,81715.5390625,81813.03125,0.0,2026-05-11 22:59:59.999000+00:00,7.066466997551757e-06,0,3.0557788501806016e-06,-0.0017545618990677525,0.0015880670544066167,81861.30338541667,81295.57486979167,64.45484743691819,471.74492423175224,81588.02246736323,81361.15541043345,226.86705692978285,75.22140358711022,1.0968986705071992,0.0,-1.0002953543243662,22,0
2026-05-11 23:00:00+00:00,81791.828125,81803.25,81601.2890625,81727.0625,0.0,2026-05-11 23:59:59.999000+00:00,-0.0010507953156911887,0,7.066466997551757e-06,3.0557788501806016e-06,0.004610555670246708,81827.81510416667,81276.41829427083,74.3189960889213,442.40209145279226,81609.41324161504,81388.25963929023,221.15360232480452,69.61114135436696,1.0186303691497325,0.0,-1.0278514334267537,23,0
2026-05-12 00:00:00+00:00,81716.0,81770.609375,81462.3984375,81528.2109375,0.0,2026-05-12 00:59:59.999000+00:00,-0.002433117701985177,0,-0.0010507953156911887,7.066466997551757e-06,-0.000999067111429719,81774.82682291667,81279.1953125,141.56048189356207,443.82169923365376,81596.9205794435,81398.62640212059,198.2941773229104,63.80619384205595,0.5610713163190869,0.0,-0.9955654859944277,0,1
2026-05-12 01:00:00+00:00,81524.953125,81603.3203125,80688.8984375,81183.4375,310943744.0,2026-05-12 01:59:59.999000+00:00,-0.004228885112716463,1,-0.002433117701985177,-0.0010507953156911887,0.0013422670166374218,81646.06640625,81266.56575520833,252.04721459850313,441.97353192988015,81533.30779799065,81382.68648344498,150.62131454567134,50.043251849835094,-0.18808423854104667,0.0,-0.20247817260086448,1,1
2026-05-12 02:00:00+00:00,81167.640625,81318.0,81078.078125,81235.0390625,0.0,2026-05-12 02:59:59.999000+00:00,0.0006356168707442045,0,-0.004228885112716463,-0.002433117701985177,-0.0017545618990677525,81549.87239583333,81269.87532552083,284.06384285490276,441.40357178376547,81487.42030022286,81371.74963744906,115.67066277380218,54.65959047883084,-0.0789215702991503,-1.0,-0.9428759892824158,2,1
2026-05-12 03:00:00+00:00,81233.453125,81272.7890625,81001.203125,81036.0078125,0.0,2026-05-12 03:59:59.999000+00:00,-0.0024500665266729005,1,0.0006356168707442045,-0.004228885112716463,3.0557788501806016e-06,81420.46484375,81283.1484375,315.62370555623613,428.67587417024924,81417.97222518857,81346.87987263802,71.09235255054955,49.926744166818246,-0.5765209564880895,0.0,-1.0479102303286836,3,1
2026-05-12 04:00:00+00:00,81020.1484375,81282.0,80977.0703125,81203.9765625,0.0,2026-05-12 04:59:59.999000+00:00,0.002072766841977769,0,-0.0024500665266729005,0.0006356168707442045,7.066466997551757e-06,81318.95572916667,81299.71158854167,256.5251676101598,416.97681193980173,81385.04981554417,81336.29444225742,48.75537328675273,56.101662936553375,-0.22959316513622496,0.0,-0.9856517183270517,4,1
2026-05-12 05:00:00+00:00,81203.9765625,81288.8203125,81165.0234375,81200.0,0.0,2026-05-12 05:59:59.999000+00:00,-4.897004639836666e-05,0,0.002072766841977769,-0.0024500665266729005,-0.0010507953156911887,81231.11197916667,81315.9619140625,161.44719923524573,404.47398874933384,81356.58061315276,81326.19855764577,30.382055506997858,44.12065608395763,-0.28669807524845686,0.0,-0.9524228698645517,5,1
2026-05-12 06:00:00+00:00,81184.5234375,81282.7734375,80981.8203125,80997.0390625,6021120.0,2026-05-12 06:59:59.999000+00:00,-0.002499518934729106,0,-4.897004639836666e-05,0.002072766841977769,-0.002433117701985177,81142.58333333333,81323.58463541667,99.82424873782126,396.24472917791616,81301.26652843696,81301.81637282015,-0.5498443831893383,35.896774091075144,-0.8241007359117468,0.0,-0.85997815519115,6,1
2026-05-12 07:00:00+00:00,80984.3984375,81106.0078125,80815.828125,80835.2734375,503185408.0,2026-05-12 07:59:59.999000+00:00,-0.001997179487946199,0,-0.002499518934729106,-4.897004639836666e-05,-0.004228885112716463,81084.55598958333,81328.29654947917,156.45553782943674,389.39550836681457,81229.57528367742,81267.2576368705,-37.68235319308587,18.837060076465818,-1.2661242910761537,82.57006802721088,0.7326222316135561,7,1
2026-05-12 08:00:00+00:00,80825.1171875,80938.859375,80730.25,80806.0,78776320.0,2026-05-12 08:59:59.999000+00:00,-0.00036213692680375775,0,-0.001997179487946199,-0.002499518934729106,0.0006356168707442045,81013.04947916667,81330.46451822917,171.2663857820197,386.19055258033524,81164.40985541935,81233.09040450973,-68.68054909037892,19.419433674500652,-1.358045956134757,-0.8434447447251888,-0.5811752907678779,8,1
2026-05-12 09:00:00+00:00,80801.2578125,80934.03125,80688.0,80799.9609375,337725440.0,2026-05-12 09:59:59.999000+00:00,-7.473532287205487e-05,0,-0.00036213692680375775,-0.001997179487946199,-0.0024500665266729005,80973.70833333333,81324.43587239583,190.92101062040825,393.53470749517487,81108.34079112406,81201.00674028679,-92.66594916272152,13.8021967269258,-1.3327285367892463,3.2871441570258675,0.23125791644800156,9,1
2026-05-12 10:00:00+00:00,80799.703125,80810.7890625,80601.7421875,80643.390625,19859456.0,2026-05-12 10:59:59.999000+00:00,-0.0019377523291268517,1,-7.473532287205487e-05,-0.00036213692680375775,0.002072766841977769,80880.27734375,81312.60709635417,192.85455331401812,409.9168937173737,81036.80999633575,81159.70184285814,-122.89184652238328,13.692666116584974,-1.6325662143009352,-0.9411964464388587,-0.7218105656559648,10,1
2026-05-12 11:00:00+00:00,80664.0,80764.296875,80471.8984375,80764.296875,458514432.0,2026-05-12 11:59:59.999000+00:00,0.001499270418356069,1,-0.0019377523291268517,-7.473532287205487e-05,-4.897004639836666e-05,80807.66015625,81295.224609375,114.50218369916753,424.3117207190135,80994.88490074563,81130.41258597975,-135.52768523411942,19.711117332057043,-1.2512681324836403,22.08796535010828,0.6180359199144284,11,1
2026-05-12 12:00:00+00:00,80755.96875,80981.2890625,80597.6796875,80862.5390625,654784512.0,2026-05-12 12:59:59.999000+00:00,0.0012164061510007151,0,0.001499270418356069,-0.0019377523291268517,-0.002499518934729106,80785.24348958333,81288.12923177083,77.05327106818031,430.2722413254896,80974.524002554,81110.57010275903,-136.04610020502878,24.000854792178657,-0.9891183497214749,0.42805649354129827,1.1721639237692594,12,1
2026-05-12 13:00:00+00:00,80865.2734375,80909.4375,80373.703125,80430.5234375,140582912.0,2026-05-12 13:59:59.999000+00:00,-0.005342592874385099,1,0.0012164061510007151,0.001499270418356069,-0.001997179487946199,80717.78515625,81262.75651041667,158.55951069329868,462.333011052741,80890.8316079303,81060.1962757028,-169.36466777249007,20.180472851808858,-1.8000727895714412,-0.7852989656542151,-0.3315501018872547,13,1
2026-05-12 14:00:00+00:00,80415.296875,80869.40625,80359.90625,80518.5703125,561928192.0,2026-05-12 14:59:59.999000+00:00,0.001094694790447548,0,-0.005342592874385099,0.0012164061510007151,-0.00036213692680375775,80669.88020833333,81246.40950520833,169.6119000894193,481.83919856512534,80833.56063940257,81020.07583398407,-186.51519458150142,25.531834326696597,-1.510543755833418,2.9971301206223413,1.3563364080391938,14,1
2026-05-12 15:00:00+00:00,80507.203125,80644.5234375,80143.65625,80287.6015625,505669632.0,2026-05-12 15:59:59.999000+00:00,-0.00286851528912635,0,0.001094694790447548,-0.005342592874385099,-7.473532287205487e-05,80584.48697916667,81199.1142578125,214.15178201196264,518.1254621699125,80749.5669352637,80965.81848054081,-216.25154527710401,27.022391080438766,-1.7592509186772631,-0.10011699146071673,1.0489026823419534,15,1
2026-05-12 16:00:00+00:00,80283.3671875,80393.296875,79817.921875,79967.671875,79321088.0,2026-05-12 16:59:59.999000+00:00,-0.003984795675468611,1,-0.00286851528912635,0.001094694790447548,-0.0019377523291268517,80471.8671875,81133.10091145833,325.636870480046,569.5834900064687,80629.27538753083,80891.8816949452,-262.6063074143749,21.426029979039342,-2.046107474858678,-0.8431365401828204,-0.5484054805885613,16,1
2026-05-12 17:00:00+00:00,79974.0,80571.046875,79920.9609375,80493.8125,119416832.0,2026-05-12 17:59:59.999000+00:00,0.006579416565014151,1,-0.003984795675468611,-0.00286851528912635,0.001499270418356069,80426.78645833333,81073.34342447917,294.2684824565776,557.6705298291574,80608.43494329532,80862.39508791223,-253.96014461691084,39.34701521175189,-1.0391994797657875,0.5054865611525652,-0.3216486221652944,17,1
2026-05-12 18:00:00+00:00,80487.109375,80731.1796875,80414.5625,80650.109375,0.0,2026-05-12 18:59:59.999000+00:00,0.0019417253344784502,1,0.006579416565014151,-0.003984795675468611,0.0012164061510007151,80391.38151041667,81023.5087890625,238.93155081954123,538.7273821554304,80614.8463943268,80846.6702202891,-231.8238259623031,39.06754543688183,-0.6931138576408374,-1.0,-0.7767052268055222,18,1
2026-05-12 19:00:00+00:00,80647.8984375,80857.7890625,80647.8984375,80814.0390625,0.0,2026-05-12 19:59:59.999000+00:00,0.0020326034120770053,0,0.0019417253344784502,0.006579416565014151,-0.005342592874385099,80455.30078125,80975.92708333333,295.9846978001021,501.96252593199563,80645.4914201996,80844.25309748991,-198.76167729031295,42.834225374584804,-0.32251017251287917,0.0,-0.7108919387268984,19,1
2026-05-12 20:00:00+00:00,80823.8984375,80869.828125,80617.5703125,80673.03125,12490752.0,2026-05-12 20:59:59.999000+00:00,-0.0017448430264813686,0,0.0020326034120770053,0.0019417253344784502,0.001094694790447548,80481.04427083333,80928.46158854167,309.0184028697853,472.43787686413935,80649.72831709197,80831.56999767585,-181.84168058387877,43.8428077259973,-0.540664394305384,0.0,-0.6579207297254123,20,1
2026-05-12 21:00:00+00:00,80688.1875,80718.25,80472.3125,80569.2421875,127975424.0,2026-05-12 21:59:59.999000+00:00,-0.0012865397629396869,1,-0.0017448430264813686,0.0020326034120770053,-0.00286851528912635,80527.984375,80876.6611328125,294.8221217557435,438.2148689175533,80637.34583561629,80812.13830803319,-174.79247241689882,44.83064330042142,-0.7015255919359014,9.24561403508772,-0.16125345430062776,21,1
2026-05-12 22:00:00+00:00,80612.5078125,80773.7734375,80595.59375,80639.9921875,0.0,2026-05-12 22:59:59.999000+00:00,0.000878126665698975,0,-0.0012865397629396869,-0.0017448430264813686,-0.003984795675468611,80640.03776041667,80827.78450520833,107.57351224840222,392.24167576280917,80637.75296667533,80799.38674354924,-161.63377687391767,46.825408682505014,-0.4787668657164508,-1.0,-0.746834244836035,22,1
2026-05-12 23:00:00+00:00,80639.9921875,80697.5625,80420.1015625,80484.078125,2324480.0,2026-05-12 23:59:59.999000+00:00,-0.001933458303635227,1,0.000878126665698975,-0.0012865397629396869,0.006579416565014151,80638.41536458333,80775.99348958333,110.2597757781397,347.89359826468024,80614.11068334065,80776.03054958263,-161.91986624198034,44.286816425844336,-0.8390938092549692,0.0,-0.7368940365315377,23,1
2026-05-13 00:00:00+00:00,80480.9375,80754.390625,80393.296875,80698.0,0.0,2026-05-13 00:59:59.999000+00:00,0.0026579403030217996,1,-0.001933458303635227,0.000878126665698975,0.0019417253344784502,80646.39713541667,80741.4013671875,112.97558822816994,308.94083565529166,80627.01673205747,80770.2505088728,-143.23377681533748,50.96761333119231,-0.14048439758843062,-1.0,-0.7475338760487609,0,2
2026-05-13 01:00:00+00:00,80697.9921875,81144.0078125,80658.2890625,80985.8828125,0.0,2026-05-13 01:59:59.999000+00:00,0.0035674095082902646,1,0.0026579403030217996,-0.001933458303635227,0.0020326034120770053,80675.03776041667,80733.169921875,170.90489431470616,299.12707727782197,80682.2268982794,80786.22327210446,-103.9963738250517,53.7068936223603,0.8448345530093433,0.0,-0.6879648000460706,1,2
2026-05-13 02:00:00+00:00,80999.9921875,81244.71875,80922.609375,81040.6015625,0.0,2026-05-13 02:59:59.999000+00:00,0.0006756578813456038,1,0.0035674095082902646,0.0026579403030217996,-0.0017448430264813686,80736.29947916667,80725.068359375,226.78504920201198,287.34447771490477,80737.36146200565,80805.06610843005,-67.70464642440493,53.022811671087524,1.0981008079022951,0.0,-0.6879648000460706,2,2
2026-05-13 03:00:00+00:00,81012.046875,81275.1484375,80970.140625,81240.4375,283498496.0,2026-05-13 03:59:59.999000+00:00,0.002465874310494609,0,0.0006756578813456038,0.0035674095082902646,-0.0012865397629396869,80848.16536458333,80733.58626302083,285.76929161053476,299.72583264095954,80814.75777554324,80837.31584113893,-22.558065595687367,64.9258093589917,1.6910495585688363,0.0,0.5572344824578634,3,2
2026-05-13 04:00:00+00:00,81240.78125,81254.859375,81107.5234375,81217.390625,9961472.0,2026-05-13 04:59:59.999000+00:00,-0.0002836872339591068,0,0.002465874310494609,0.0006756578813456038,0.000878126665698975,80944.3984375,80734.14518229167,298.57891267555163,300.65221484887013,80876.70129084428,80865.46952883234,11.23176201194292,63.1945858078068,1.6073237409917074,-0.9648623462185846,-0.7019735462902702,4,2
2026-05-13 05:00:00+00:00,81204.0,81226.0234375,80973.3671875,80998.671875,69398528.0,2026-05-13 05:59:59.999000+00:00,-0.0026930039036821007,0,-0.0002836872339591068,0.002465874310494609,-0.001933458303635227,81030.1640625,80725.75651041667,196.29732387401,289.69812872866265,80895.46599609901,80875.3363692892,20.129626809808542,63.48827628314754,0.9420680961282519,5.966694078947368,-0.44559301961534364,5,2
2026-05-13 06:00:00+00:00,80999.890625,81136.9921875,80947.0,80958.0625,0.0,2026-05-13 06:59:59.999000+00:00,-0.0005013585292197309,1,-0.0026930039036821007,-0.0002836872339591068,0.0026579403030217996,81073.5078125,80724.13248697917,123.49638352149846,288.21668207646786,80905.0962274684,80881.46423082333,23.631996645068284,71.01345975334837,0.811646332667044,-1.0,-0.7655885382536755,6,2
2026-05-13 07:00:00+00:00,80955.0703125,81028.390625,80861.2109375,80996.0078125,0.0,2026-05-13 07:59:59.999000+00:00,0.0004687033178443212,1,-0.0005013585292197309,-0.0026930039036821007,0.0035674095082902646,81075.1953125,80730.82975260417,122.12109330655461,292.7434761434651,80919.08262516557,80889.94894057716,29.13368458840705,63.43941693741611,0.9058376411635981,0.0,-0.7010951316478613,7,2
2026-05-13 08:00:00+00:00,80996.6875,81172.609375,80908.2421875,81165.09375,215255040.0,2026-05-13 08:59:59.999000+00:00,0.002087583599075904,1,0.0004687033178443212,-0.0005013585292197309,0.0006756578813456038,81095.94401041667,80745.7919921875,125.59439309646456,305.644926954913,80956.93049052471,80910.33003757145,46.60045295326563,63.68797448377826,1.371859045690469,0.0,0.3174025351254505,8,2
2026-05-13 09:00:00+00:00,81172.5234375,81285.5078125,81094.171875,81256.6015625,0.0,2026-05-13 09:59:59.999000+00:00,0.0011274281624298332,0,0.002087583599075904,0.0004687033178443212,0.002465874310494609,81098.63802083333,80764.81868489583,129.42850709409277,322.8902541530888,81003.03373236707,80935.97978015874,67.05395220832725,62.23403795817172,1.5230651011566527,-1.0,-0.6663763923109998,9,2
2026-05-13 10:00:00+00:00,81252.5390625,81264.359375,80774.8671875,80774.8671875,89561088.0,2026-05-13 10:59:59.999000+00:00,-0.005928556766301218,0,0.0011274281624298332,0.002087583599075904,-0.0002836872339591068,81024.88411458333,80770.296875,168.4317260146742,321.8541810180928,80967.9311870029,80924.04551403587,43.88567296703695,52.36887155573163,0.01419994758353965,0.0,-0.24284665586971518,10,2
2026-05-13 11:00:00+00:00,80765.7265625,80816.5,80468.2890625,80471.15625,0.0,2026-05-13 11:59:59.999000+00:00,-0.0037599682682858404,0,-0.005928556766301218,0.0011274281624298332,-0.0026930039036821007,80936.96484375,80758.08268229167,283.3354580882857,327.6027058160463,80891.50427361784,80890.49816114432,1.00611247352208,47.91251691767452,-0.8758365764316516,-1.0,-0.6214304582188369,11,2
2026-05-13 12:00:00+00:00,80471.703125,80564.5625,79826.0,80172.5078125,902643712.0,2026-05-13 12:59:59.999000+00:00,-0.0037112482461689744,0,-0.0037599682682858404,-0.005928556766301218,-0.0005013585292197309,80806.0390625,80729.33138020833,420.11783808917744,347.6998175327554,80780.88943344587,80837.31369087438,-56.42425742850173,40.93066821868975,-1.6014491225779042,0.0,3.415324409785941,12,2
2026-05-13 13:00:00+00:00,80172.0703125,80321.9765625,79549.2421875,79613.25,914157568.0,2026-05-13 13:59:59.999000+00:00,-0.0069756806636003255,1,-0.0037112482461689744,-0.0037599682682858404,0.0004687033178443212,80575.57942708333,80695.2783203125,624.5770968758,412.2636108379564,80601.25259753113,80746.64230636516,-145.3897088340309,35.391853638079255,-2.6246030255088417,0.012755703991432776,2.7128299469805133,13,2
2026-05-13 14:00:00+00:00,79583.0390625,79861.296875,79438.078125,79724.671875,0.0,2026-05-13 14:59:59.999000+00:00,0.0013995393354748753,0,-0.0069756806636003255,-0.0037112482461689744,0.002087583599075904,80335.50911458333,80662.19921875,629.4754554889552,456.5322625629178,80466.39402483404,80670.9407929307,-204.54676809666853,33.09093376764386,-2.0535839865661036,-1.0,-0.5230055545393374,14,2
2026-05-13 15:00:00+00:00,79721.9609375,79820.0390625,78765.640625,78775.0,154724352.0,2026-05-13 15:59:59.999000+00:00,-0.011911894431989478,1,0.0013995393354748753,-0.0069756806636003255,0.0011274281624298332,79921.90885416667,80599.17415364583,712.9632658004746,594.1587011948407,80206.17955947496,80530.5007341951,-324.32117472014215,18.77208353839805,-3.07017998722808,0.0,0.12030562144387445,15,2
2026-05-13 16:00:00+00:00,78773.6796875,79181.3828125,78699.8828125,79068.3515625,1582884864.0,2026-05-13 16:59:59.999000+00:00,0.0037239170104728103,1,-0.011911894431989478,0.0013995393354748753,-0.005928556766301218,79637.48958333333,80561.70247395833,641.4420151395652,660.3848866436205,80031.12909840189,80422.19338814361,-391.0642897417274,23.902004325406182,-2.2613341729369734,9.230353810109994,3.572352202811302,16,2
2026-05-13 17:00:00+00:00,79099.2109375,79528.7890625,79070.84375,79486.0,0.0,2026-05-13 17:59:59.999000+00:00,0.005282118941987379,1,0.0037239170104728103,-0.011911894431989478,-0.0037599682682858404,79473.296875,80519.71028645833,494.6580240651841,695.9727342897335,79947.26308326314,80352.8457297626,-405.5826464994607,28.04955291339384,-1.4852741142413703,-1.0,-0.4634304456606193,17,2
2026-05-13 18:00:00+00:00,79495.4609375,79782.0,79491.859375,79574.0,644149248.0,2026-05-13 18:59:59.999000+00:00,0.0011071132023250385,1,0.005282118941987379,0.0037239170104728103,-0.0037112482461689744,79373.54557291667,80474.87239583333,370.1286410214255,721.4058927231881,79889.83799353035,80295.15345348389,-405.3154599535337,29.76773980086486,-1.248773270249684,0.0,1.0848338465626102,18,2
2026-05-13 19:00:00+00:00,79575.1484375,79614.5390625,79363.9921875,79604.7890625,0.0,2026-05-13 19:59:59.999000+00:00,0.00038692364968451187,1,0.0011071132023250385,0.005282118941987379,-0.0069756806636003255,79372.13541666667,80424.48697916667,369.0472767517115,738.7089513746535,79845.98431183338,80244.01535044804,-398.03103861465934,32.00690610799265,-1.109635824963684,-1.0,-0.5199684496962238,19,2
2026-05-13 20:00:00+00:00,79615.9921875,79731.0078125,79576.3125,79676.6484375,0.0,2026-05-13 20:59:59.999000+00:00,0.0009027016571023783,0,0.00038692364968451187,0.0011071132023250385,0.0013995393354748753,79364.13151041667,80382.97102864583,360.2891374162066,752.0121845577955,79819.93263885901,80201.98817171114,-382.05553285212955,33.59110671818132,-0.9392435463810552,0.0,-0.5183186727461209,20,2
2026-05-13 21:00:00+00:00,79676.859375,79676.8984375,79324.2578125,79363.109375,241176576.0,2026-05-13 21:59:59.999000+00:00,-0.003935143717119893,1,0.0009027016571023783,0.00038692364968451187,-0.011911894431989478,79462.14973958333,80332.71549479167,221.0524740424767,778.8458431830935,79749.65213672686,80139.84900158439,-390.19686485752754,30.468780661933323,-1.244926872600299,0.0,0.07044071263281122,21,2
2026-05-13 22:00:00+00:00,79371.4765625,79441.90625,79184.3984375,79397.84375,215451648.0,2026-05-13 22:59:59.999000+00:00,0.0004376639886407574,0,-0.003935143717119893,0.0009027016571023783,0.0037239170104728103,79517.06510416667,80280.95930989583,122.707011877546,798.5611201549103,79695.52776953811,80084.88564961517,-389.3578800770629,28.159854172459603,-1.1058834917038232,-0.10666428898965707,-0.016127225835548598,22,2
2026-05-13 23:00:00+00:00,79396.640625,79452.8828125,79199.7265625,79288.7890625,169594880.0,2026-05-13 23:59:59.999000+00:00,-0.0013735220296835493,1,0.0004376639886407574,-0.003935143717119893,0.005282118941987379,79484.19661458333,80231.15559895833,154.8857247630217,822.2638832791624,79632.95258383994,80025.91553205109,-392.9629482111486,25.786263886271968,-1.1460633935424727,-0.2128401821275463,-0.14955515242431264,23,2
2026-05-14 00:00:00+00:00,79296.1484375,79656.4609375,79287.0703125,79552.8984375,315944960.0,2026-05-14 00:59:59.999000+00:00,0.00333098005560184,1,-0.0013735220296835493,0.0004376639886407574,0.0011071132023250385,79480.6796875,80183.44303385417,152.66238466627055,827.2049560857713,79620.6365613261,79990.87722875101,-370.24066742490686,34.11293173147634,-0.7622592100243553,0.8629392585436542,0.1878588790247224,0,3
2026-05-14 01:00:00+00:00,79522.640625,79661.546875,79383.7265625,79572.2890625,0.0,2026-05-14 01:59:59.999000+00:00,0.0002437450473942171,0,0.00333098005560184,-0.0013735220296835493,0.00038692364968451187,79475.26302083333,80124.54329427083,147.87976022316775,817.8578642370858,79613.19848458363,79959.8706979176,-346.672213333979,37.38069489261169,-0.6752447532995018,-1.0,-0.614988646572965,1,3
2026-05-14 02:00:00+00:00,79572.2890625,79649.46875,79195.7265625,79340.0,363972608.0,2026-05-14 02:59:59.999000+00:00,-0.002919220563298741,0,0.0002437450473942171,0.00333098005560184,0.0009027016571023783,79419.15494791667,80053.68489583333,116.78477734606895,808.6582474495121,79571.16794849384,79913.9543499237,-342.7864014298684,38.09041631740709,-0.8825544017936783,0.0,0.27325931553723803,2,3
2026-05-14 03:00:00+00:00,79306.5,79429.0078125,78908.0,79012.2578125,676755456.0,2026-05-14 03:59:59.999000+00:00,-0.004130856913284631,1,-0.002919220563298741,0.0002437450473942171,-0.003935143717119893,79360.6796875,79960.84407552083,204.98851537631938,794.2639552298178,79485.18177372555,79847.16201381825,-361.9802400927001,40.79250061641064,-1.1942959979171635,0.859358207527529,1.007748247253229,3,3
2026-05-14 04:00:00+00:00,79014.78125,79440.0,78950.453125,79428.703125,522534912.0,2026-05-14 04:59:59.999000+00:00,0.005270641847600954,1,-0.004130856913284631,-0.002919220563298741,0.0004376639886407574,79365.82291666667,79886.3154296875,206.48910908383178,754.1371864096984,79476.4927508447,79816.16505909097,-339.6723082462704,45.853182248064726,-0.606802466360403,-0.22788223224904447,0.5703307467627865,4,3
2026-05-14 05:00:00+00:00,79407.359375,79958.328125,79350.0,79779.34375,756412416.0,2026-05-14 05:59:59.999000+00:00,0.004414532923295855,0,0.005270641847600954,-0.004130856913284631,-0.0013735220296835493,79447.58203125,79835.51009114583,260.0564203626578,716.0515012731987,79523.08521225321,79813.43755471386,-290.35234246065374,66.91045702800255,-0.07843896849033916,0.4475825416235537,1.064146394870034,5,3
2026-05-14 06:00:00+00:00,79777.328125,79908.28125,79726.6875,79772.953125,16437248.0,2026-05-14 06:59:59.999000+00:00,-8.010375492717436e-05,0,0.004414532923295855,0.005270641847600954,0.00333098005560184,79484.2578125,79786.13053385417,291.4964269077668,674.9574413007754,79561.52642959887,79810.4387080684,-248.91227846952097,63.13265011925668,-0.019523318135105033,-0.9782694629909406,-0.7577251134511725,6,3
2026-05-14 07:00:00+00:00,79768.40625,79903.46875,79671.0,79706.453125,169299968.0,2026-05-14 07:59:59.999000+00:00,-0.0008336158734878474,1,-8.010375492717436e-05,0.004414532923295855,0.0002437450473942171,79506.61848958333,79732.39908854167,304.4575803433303,623.8488326153204,79583.82284427597,79802.73607228555,-218.91322800958005,54.727741849009824,-0.04159014521659031,9.299775728881137,-0.4031762098026415,7,3
2026-05-14 08:00:00+00:00,79703.921875,79906.4765625,79595.5390625,79784.5703125,737525760.0,2026-05-14 08:59:59.999000+00:00,0.000980061016860212,0,-0.0008336158734878474,-8.010375492717436e-05,-0.002919220563298741,79580.71354166667,79674.87727864583,309.84742228221273,544.6182170501087,79614.7070701566,79801.39046044959,-186.68339029299386,54.53502263052513,0.2014127152196949,3.356325454237534,0.9393474677531151,8,3
2026-05-14 09:00:00+00:00,79831.6171875,79875.859375,79537.6875,79591.078125,0.0,2026-05-14 09:59:59.999000+00:00,-0.0024251830490799042,0,0.000980061016860212,-0.0008336158734878474,-0.004130856913284631,79677.18359375,79605.48046875,142.23488204087008,427.9168767581854,79611.07184782482,79785.8117689348,-174.7399211099837,49.72404879383378,-0.03365687247277868,-1.0,-0.8625736781758597,9,3
2026-05-14 10:00:00+00:00,79613.1875,79721.828125,79375.0,79534.4765625,0.0,2026-05-14 10:59:59.999000+00:00,-0.0007111546147309245,0,-0.0024251830490799042,0.000980061016860212,0.005270641847600954,79694.8125,79553.79752604167,107.62145859483248,347.9795625956803,79599.28795777484,79767.19434623592,-167.9063884610805,47.12091583923452,-0.05552327095749778,0.0,-0.8474421953679094,10,3
2026-05-14 11:00:00+00:00,79533.546875,79576.6484375,79192.140625,79213.1484375,0.0,2026-05-14 11:59:59.999000+00:00,-0.004040111142838754,1,-0.0007111546147309245,-0.0024251830490799042,0.004414532923295855,79600.44661458333,79501.38053385417,214.16680725325003,294.4130959885562,79539.88187773255,79726.15390855177,-186.27203081922198,46.972731717318275,-0.9790056905803369,0.0,-0.8474421953679094,11,3
2026-05-14 12:00:00+00:00,79200.0078125,79757.9609375,79194.6328125,79743.921875,0.0,2026-05-14 12:59:59.999000+00:00,0.006700572417201567,0,-0.004040111142838754,-0.0007111546147309245,-8.010375492717436e-05,79595.60807291667,79483.52278645833,209.77287334066762,263.28852859576324,79571.27264654293,79727.4700542146,-156.1974076716724,55.82059664466215,0.989025575593808,0.0,-0.7782276066433473,12,3
2026-05-14 13:00:00+00:00,79740.0,80035.0,79665.6015625,79675.6875,0.0,2026-05-14 13:59:59.999000+00:00,-0.0008556686628350407,1,0.006700572417201567,-0.004040111142838754,-0.0008336158734878474,79590.48046875,79486.12434895833,206.87756140853443,264.9294595048726,79587.33647015171,79723.63430945796,-136.29783930625126,56.59773569622412,0.7155231109290247,0.0,-0.7127810862478102,13,3
2026-05-14 14:00:00+00:00,79632.75,80982.546875,79534.078125,80954.09375,1760419840.0,2026-05-14 14:59:59.999000+00:00,0.01604512355164811,1,-0.0008556686628350407,0.006700572417201567,0.000980061016860212,79785.40104166667,79537.35026041667,601.2982225067155,398.33164082602275,79797.6068208976,79814.77945320182,-17.1726323042094,67.75304721726752,3.5566933288187172,0.0,2.9181887904171657,14,3
2026-05-14 15:00:00+00:00,80978.34375,81335.578125,80798.0,81304.0390625,1352515584.0,2026-05-14 15:59:59.999000+00:00,0.004322762398905944,1,0.01604512355164811,-0.0008556686628350407,-0.0024251830490799042,80070.89453125,79642.72688802083,847.0252190767134,507.4606862595626,80029.36562729797,79925.0949798165,104.27064748147677,70.24535842935533,3.2737751306894776,-0.23170850880662652,1.8244566058063103,15,3
2026-05-14 16:00:00+00:00,81330.0078125,81886.546875,81093.9765625,81879.8125,1477877760.0,2026-05-14 16:59:59.999000+00:00,0.007081732274793806,0,0.004322762398905944,0.01604512355164811,-0.0007111546147309245,80461.78385416667,79759.87109375,1063.4784259782473,668.1634357659248,80314.04976155983,80069.88887020046,244.16089135936636,77.48482440269864,3.17278871122285,0.09268815641239958,2.112452221727368,16,3
2026-05-14 17:00:00+00:00,81860.0,82051.71875,81313.0390625,81683.8828125,2806448128.0,2026-05-14 17:59:59.999000+00:00,-0.0023928937001412853,0,0.007081732274793806,0.004322762398905944,-0.004040111142838754,80873.57291666667,79851.44954427083,956.2369874504853,771.6079113596825,80524.79330785832,80189.44397703746,335.34933082085627,79.76025954767134,2.374824365136646,0.8989717579889693,3.2602996623380656,17,3
2026-05-14 18:00:00+00:00,81682.7890625,81991.7734375,81448.0390625,81590.3515625,620748800.0,2026-05-14 18:59:59.999000+00:00,-0.0011450392265839326,0,-0.0023928937001412853,0.007081732274793806,0.006700572417201567,81181.31119791667,79935.46419270833,805.1569950692617,846.2477434511596,80688.72534703396,80293.21490929395,395.510437740013,75.94602451214823,1.9555589750144862,-0.778813371319151,0.15941482805175208,18,3
2026-05-14 19:00:00+00:00,81599.0703125,81728.0,81327.1875,81433.96875,647278592.0,2026-05-14 19:59:59.999000+00:00,-0.0019166826653541635,0,-0.0011450392265839326,-0.0023928937001412853,-0.0008556686628350407,81474.35807291667,80011.68001302083,323.4387814585096,896.0752111270492,80803.3781782595,80377.71519379069,425.6629844688141,70.83172679702561,1.5872425878071899,0.04273837017485982,0.16060688439573134,19,3
2026-05-14 20:00:00+00:00,81470.453125,81625.0703125,81151.3125,81400.0,658350080.0,2026-05-14 20:59:59.999000+00:00,-0.0004171324389737885,0,-0.0019166826653541635,-0.0011450392265839326,0.01604512355164811,81548.67578125,80083.486328125,212.0276649086313,936.2112994552192,80895.16615083496,80453.43999425064,441.72615658432187,70.34325121612909,1.406214251677029,0.01710467198643273,0.1389303948681956,20,3
2026-05-14 21:00:00+00:00,81455.7578125,81524.3515625,81259.6796875,81375.9765625,472506368.0,2026-05-14 21:59:59.999000+00:00,-0.00029512822481569945,1,-0.0004171324389737885,-0.0019166826653541635,0.004322762398905944,81560.66536458333,80167.35579427083,196.92336010643808,958.7599937954176,80969.13698339881,80521.77603634319,447.36094705562573,71.09844737605962,1.2606082607229332,-0.2822870652647297,-0.14615152657137284,21,3
2026-05-14 22:00:00+00:00,81378.3515625,81544.9921875,81322.9375,81444.0234375,347873280.0,2026-05-14 22:59:59.999000+00:00,0.000836203482581066,0,-0.00029512822481569945,-0.0004171324389737885,0.007081732274793806,81488.03385416667,80252.61328125,121.64906580395257,978.1383390664179,81042.19643787591,80590.0906586511,452.1057792248175,71.0246979079233,1.2180385009620818,-0.26377017632067135,-0.3375961163475526,22,3
2026-05-14 23:00:00+00:00,81070.71875,81070.71875,81070.71875,81070.71875,0.0,2026-05-14 23:59:59.999000+00:00,-0.004583573744812219,0,0.000836203482581066,-0.00029512822481569945,-0.0023928937001412853,81385.83984375,80326.8603515625,171.53767116892809,969.3878035094893,81046.584485895,80625.69273949176,420.891746403242,67.92960466525295,0.7673486253329144,-1.0,-0.8310829551131242,23,3
