open_time,open,high,low,close,volume,close_time,return_1h,target,lag_return_1h,lag_return_2h,lag_return_6h,rolling_mean_6h,rolling_mean_24h,rolling_std_6h,rolling_std_24h,ema_12,ema_26,macd,rsi_14,dist_from_ma_24h,volume_change_1h,volume_zscore_24h,hour_of_day,day_of_week
2026-03-18 23:00:00+00:00,71119.5390625,71349.421875,71091.03125,71250.3515625,186896384,2026-03-18 23:59:59.999000+00:00,0.0015593279306502783,0,-0.002155057162820051,0.0007346350890187203,0.004019939900786751,71171.27994791667,72712.75423177083,111.67268012214289,1360.2365578288877,71650.76179216527,72374.05823394077,-723.2964417754993,19.103103236208298,-1.075109076324938,1.1413017973626167,-0.4045939437374976,23,2
2026-03-19 00:00:00+00:00,71216.484375,71298.9609375,71010.4921875,71010.4921875,0,2026-03-19 00:59:59.999000+00:00,-0.003366430757743011,1,0.0015593279306502783,-0.002155057162820051,-0.008710759393075529,71174.21614583333,72594.19791666667,106.1382007928668,1380.1277251714641,71552.25877606292,72273.05334161183,-720.794565548902,19.017692261869314,-1.1475066403509249,-1.0,-0.7114213518256443,0,3
2026-03-19 04:00:00+00:00,71157.5390625,71199.2578125,70698.765625,70841.8359375,639582208,2026-03-19 04:59:59.999000+00:00,-0.005353444720377021,0,0.0024261929881759237,-0.0012592848509580534,-0.002155057162820051,71086.14583333333,72056.6474609375,151.8728098046929,1228.6881617547087,71306.4813903693,71950.79394338623,-644.3125530169345,41.76165943969443,-0.9887061349257315,2.6745893537911236,0.2879159176188704,4,3
2026-03-19 05:00:00+00:00,70854.7421875,70894.46875,70688.65625,70835.7734375,0,2026-03-19 05:59:59.999000+00:00,-8.557796279229368e-05,0,-0.005353444720377021,0.0024261929881759237,0.0015593279306502783,71017.04947916667,71926.8623046875,156.4632416507194,1183.6139820649696,71234.06478223557,71868.19983183911,-634.1350496035448,37.31993807706549,-0.9218283018961575,-1.0,-0.7806137352802096,5,3
2026-03-19 08:00:00+00:00,70202.65625,70256.6875,69960.1171875,69960.1171875,1039183872,2026-03-19 08:59:59.999000+00:00,-0.003707519810098092,1,-0.004509832717867868,-0.004195553998746493,-0.0012592848509580534,70603.31510416667,71461.77506510417,460.3401179676626,1006.9631496314234,70829.51641734435,71529.4070087759,-699.8905914315546,29.004119984625504,-1.491273914198171,-0.6604504628694021,0.5131908844908378,8,3
2026-03-19 09:00:00+00:00,69992.7421875,70530.7578125,69992.7421875,70494.7734375,1144094720,2026-03-19 09:59:59.999000+00:00,0.007642300663491808,0,-0.003707519810098092,-0.004509832717867868,0.0024261929881759237,70481.92317708333,71309.27376302083,346.0537841770228,845.6009984634937,70778.01749736829,71452.76748497768,-674.7499876093934,39.28148397683187,-0.9632206288791322,0.10095503868635869,0.590123154007934,9,3
2026-03-19 10:00:00+00:00,70499.0703125,70499.0703125,70119.53125,70119.53125,370712576,2026-03-19 10:59:59.999000+00:00,-0.00532297884229227,0,0.007642300663491808,-0.003707519810098092,-0.005353444720377021,70361.5390625,71150.251953125,320.50048709993814,670.9675970727626,70676.7119208501,71354.0092453497,-677.2973244996101,32.04062580559581,-1.5361706103569472,-0.6759773736216526,-0.42562019748493674,10,3
2026-03-19 11:00:00+00:00,70134.71875,70229.7265625,69915.0,69915.0,0,2026-03-19 11:59:59.999000+00:00,-0.0029168941428141526,0,-0.00532297884229227,0.007642300663491808,-8.557796279229368e-05,70208.07682291667,71024.57649739583,263.3620129007151,601.7912275186784,70559.52547148854,71247.4159679164,-687.8904964278627,28.952342314392766,-1.843789750759352,-1.0,-0.8337022955390574,11,3
2026-03-19 14:00:00+00:00,70009.0546875,70009.0546875,69132.6796875,69560.4921875,0,2026-03-19 14:59:59.999000+00:00,-0.0048212348486254,0,0.008499261171505124,-0.008676048594722152,-0.003707519810098092,69882.61588541667,70733.61946614583,416.0785915203052,648.5154182922713,70181.83500059228,70906.73137186626,-724.8963712739787,33.146944838933464,-1.808942772301408,-1.0,-0.7361654755993332,14,3
2026-03-19 17:00:00+00:00,69467.7109375,69879.515625,69145.453125,69858.3515625,0,2026-03-19 17:59:59.999000+00:00,0.005933995048554186,0,-8.729010021146788e-05,-0.0015550763313810778,-0.0029168941428141526,69587.22005208333,70495.90657552083,239.28714855402035,680.0097444639969,69955.95651520861,70636.53928268228,-680.5827674736647,34.61850699378897,-0.9375674660711922,-1.0,-0.6668612265503088,17,3
2026-03-19 20:00:00+00:00,70277.4296875,70633.4296875,70214.5390625,70490.953125,0,2026-03-19 20:59:59.999000+00:00,0.003000940656387341,0,0.006261163470796971,-0.0002233313863130304,-0.0048212348486254,69895.11328125,70382.11100260417,425.4007929438681,646.6495437813918,70067.983242714,70550.8934984205,-482.9102557064907,49.460727593125334,0.16831701721980022,-1.0,-0.6011545155685232,20,3
2026-03-20 00:00:00+00:00,69921.890625,70280.90625,69849.15625,70232.03125,22978560,2026-03-20 00:59:59.999000+00:00,0.004584365329574958,1,-0.003248109761850193,-0.004912791957492169,-0.0002233313863130304,70256.59114583333,70218.57845052083,219.70454418342493,541.2269164809884,70119.64271976036,70453.44896177658,-333.80624201621686,51.4697296922141,0.024856116851394754,2.6835193696651345,-0.5102199952622767,0,4
2026-03-20 01:00:00+00:00,70209.6875,70581.65625,70209.6875,70411.375,265351168,2026-03-20 01:59:59.999000+00:00,0.0025535891075341155,1,0.004584365329574958,-0.003248109761850193,0.006261163470796971,70278.47916666667,70188.20540364583,228.85969117263812,506.59643261992005,70164.524609028,70450.33237201536,-285.80776298735873,56.52773382758465,0.44052737442311823,10.54777183600713,-0.18895805304971142,1,4
2026-03-20 02:00:00+00:00,70411.609375,70501.953125,70096.6171875,70429.59375,0,2026-03-20 02:59:59.999000+00:00,0.00025874725497132545,1,0.0025535891075341155,0.004584365329574958,0.003000940656387341,70268.25260416667,70162.32421875,218.60774462994223,475.52905640613443,70205.30447686985,70448.796177792,-243.49170092215354,67.4438618114457,0.5620466881033942,-1.0,-0.5609549093555879,2,4
2026-03-20 04:00:00+00:00,70732.3515625,70939.7734375,70569.1015625,70785.0546875,0,2026-03-20 04:59:59.999000+00:00,0.0005244188822599583,0,0.004520250054686814,0.00025874725497132545,-0.004912791957492169,70419.58984375,70140.15950520833,327.064617181493,434.03419574170726,70365.1374693861,70494.22252468449,-129.08505529839022,73.16546167170144,1.4858165292474954,-1.0,-0.5190173383009036,4,4
2026-03-20 07:00:00+00:00,70495.2109375,70890.09375,70223.3046875,70857.6328125,0,2026-03-20 07:59:59.999000+00:00,0.005350435869479808,1,-0.001497834929581443,-0.00280845830913945,0.0025535891075341155,70647.83723958333,70153.89322916667,174.5162122416838,442.76326279136595,70480.2841103791,70526.04760666286,-45.763496283761924,67.85467012105241,1.589426319827571,-1.0,-0.590170117108898,7,4
2026-03-20 09:00:00+00:00,70995.9140625,71002.9609375,70482.7890625,70564.0,0,2026-03-20 09:59:59.999000+00:00,-0.006525969301293122,1,0.0023976333706992037,0.005350435869479808,0.004520250054686814,70716.83333333333,70201.2529296875,208.44838993403354,476.9806441347838,70564.40173361462,70563.25367083578,1.14806277884054,54.76608846623901,0.7605068984937594,-1.0,-0.471332481307212,9,4
2026-03-20 11:00:00+00:00,70606.625,70787.5,70334.421875,70472.921875,0,2026-03-20 11:59:59.999000+00:00,-0.0018875601058822022,0,0.0005979722308826485,-0.006525969301293122,-0.00280845830913945,70668.13411458333,70244.77734375,224.96818630387284,481.6836634643525,70555.76849344597,70559.5076696123,-3.7391761663311627,49.783690215671626,0.47363975271476916,-1.0,-0.4366776931954762,11,4
2026-03-20 15:00:00+00:00,69738.203125,69957.40625,69512.046875,69812.21875,0,2026-03-20 15:59:59.999000+00:00,0.0002806304435114537,1,-0.0005490937100912641,-0.00697875012415039,-0.006525969301293122,70139.44661458333,70308.89615885417,370.08123044034863,401.78099769138606,70240.38421864754,70391.30705190897,-150.92283326142933,38.3162705667276,-1.2361893959845178,-1.0,-0.4145516953753635,15,4
2026-03-20 17:00:00+00:00,69819.046875,69953.96875,69435.75,69953.96875,243093504,2026-03-20 17:59:59.999000+00:00,0.0013153147954687583,0,0.0007141926713223334,0.0002806304435114537,-0.0018875601058822022,69928.93489583333,70330.2060546875,200.59147747697864,365.9668019877181,70147.07335329203,70322.61334182868,-175.53998853664962,33.24386174331106,-1.0280640283326208,0.570910534674431,0.8666544119103236,17,4
2026-03-20 18:00:00+00:00,69960.4375,70025.2734375,69540.6171875,69700.6640625,375300096,2026-03-20 18:59:59.999000+00:00,-0.0036210195365077302,1,0.0013153147954687583,0.0007141926713223334,-0.002145327538258801,69825.42317708333,70324.28580729167,83.32201532320062,375.22733018961173,70078.39500086248,70276.54302484136,-198.1480239788798,29.0288756738463,-1.6619838018636326,0.5438507809735631,1.4693304098430997,18,4
2026-03-20 19:00:00+00:00,69750.9375,70165.765625,69688.8984375,70164.53125,0,2026-03-20 19:59:59.999000+00:00,0.006655132970957878,0,-0.0036210195365077302,0.0013153147954687583,-0.00697875012415039,69881.015625,70319.47265625,161.94635817026813,376.55798535421127,70091.64673149903,70268.2458563346,-176.59912483557127,42.6026064434791,-0.4114675887280774,-1.0,-0.6318748760801016,19,4
2026-03-20 21:00:00+00:00,70044.4921875,70624.5625,69978.828125,70525.046875,182841344,2026-03-20 21:59:59.999000+00:00,0.006819268744902907,1,-0.0016697360890585156,0.006655132970957878,0.0002806304435114537,70042.27734375,70302.63248697917,284.6078790510266,379.57545103882586,70152.5604926709,70272.1192612608,-119.55876858989359,44.38675003494189,0.5859556707688092,0.276932318782539,0.7593524511906914,21,4
2026-03-20 22:00:00+00:00,70545.578125,70877.3046875,70545.578125,70791.7109375,173883392,2026-03-20 22:59:59.999000+00:00,0.003781125632892346,0,0.006819268744902907,-0.0016697360890585156,0.0007141926713223334,70197.21614583333,70329.81412760417,397.53012030447314,390.573040660936,70250.89133033692,70310.60753357482,-59.7162032378983,46.145949314075,1.1826131396939146,-0.04899303299805102,0.6284222304260346,22,4
2026-03-20 23:00:00+00:00,70783.875,70783.875,70457.359375,70522.46875,0,2026-03-20 23:59:59.999000+00:00,-0.003803301035310569,1,0.003781125632892346,0.006819268744902907,0.0013153147954687583,70291.96614583333,70355.26985677083,395.7033152966882,381.93963103632706,70292.67247182355,70326.30095701372,-33.628485190172796,49.27519633507853,0.4377626191225725,-1.0,-0.8031823025792056,23,4
2026-03-21 06:00:00+00:00,70696.578125,70799.671875,70696.578125,70764.578125,0,2026-03-21 06:59:59.999000+00:00,0.0008549049411339382,0,0.0010165980565290944,-0.0006073112581844731,0.002458990242028447,70662.51041666667,70396.859375,98.05868699503111,396.30540864091336,70560.73791589164,70470.98933482445,89.7485810671933,66.27427334918684,0.9278670994197424,-1.0,-0.6192222501326436,6,5
2026-03-22 00:00:00+00:00,68903.21875,69084.8046875,68339.5859375,68908.2109375,3266553856,2026-03-22 00:59:59.999000+00:00,0.002484317306580941,1,-0.022105018873485927,-0.0007855091388596636,0.0012382437670341861,69853.25130208333,70414.466796875,801.773671750994,513.4169182904716,69983.34138912827,70239.91604561145,-256.57465648317884,19.930753882868444,-2.93378695893075,1.3109635504580641,4.250191471529458,0,6
2026-03-22 01:00:00+00:00,68942.6171875,69074.5390625,68802.9453125,68959.234375,723529728,2026-03-22 01:59:59.999000+00:00,0.0007404551185674624,1,0.002484317306580941,-0.022105018873485927,-0.0003543133910266505,69616.50520833333,70350.9580078125,824.6234709633766,592.6679549453906,69825.78646387777,70145.05073667727,-319.2642727994971,20.09041495500169,-2.348234996003345,-0.7785036586275711,0.6575762664234988,1,6
2026-03-22 02:00:00+00:00,68963.9609375,69336.53125,68959.140625,69313.6015625,459825152,2026-03-22 02:59:59.999000+00:00,0.005138792370764422,1,0.0007404551185674624,0.002484317306580941,0.0010898471161400192,69426.03645833333,70292.552734375,716.7500277377798,623.4666965759809,69746.98878674273,70083.46190896042,-336.47312221769243,27.456833257380126,-1.5701739599746156,-0.3644695798871169,0.26656366801378084,2,6
2026-03-22 03:00:00+00:00,69279.0546875,69552.2734375,69138.40625,69332.0703125,666935296,2026-03-22 03:59:59.999000+00:00,0.0002664520322659403,0,0.005138792370764422,0.0007404551185674624,-0.001560140073301075,69256.96614583333,70236.5869140625,558.3431337635334,647.4446000332725,69683.15517532078,70027.80327218557,-344.64809686479566,27.40629077412244,-1.3970563682452775,0.45041064652331153,0.513401049856039,3,6
2026-03-22 04:00:00+00:00,69336.1171875,69494.2578125,69207.5078125,69322.4296875,283357184,2026-03-22 04:59:59.999000+00:00,-0.00013905000898639663,0,0.0002664520322659403,0.005138792370764422,-0.0007855091388596636,69095.49869791667,70182.0078125,259.5687038562285,667.5335191573301,69627.65894642528,69975.55337702368,-347.89443059840414,28.549711399140136,-1.2876928278973914,-0.5751354206330684,-0.03267233174672843,4,6
2026-03-22 05:00:00+00:00,69341.4453125,69341.4453125,69147.1796875,69147.1796875,0,2026-03-22 05:59:59.999000+00:00,-0.0025280418010449335,1,-0.00013905000898639663,0.0002664520322659403,-0.022105018873485927,69163.78776041667,70117.134765625,191.50346296672876,689.8668246141251,69553.73906043677,69914.19236298489,-360.4533025481214,25.531671679401725,-1.406003366907144,-1.0,-0.393146832228533,5,6
2026-03-22 08:00:00+00:00,68907.0234375,68971.8046875,68628.953125,68805.8203125,513187840,2026-03-22 08:59:59.999000+00:00,-0.001704679929595665,1,-0.003305787925022452,6.846808534199944e-05,0.005138792370764422,69113.78776041667,69901.83658854167,212.07175002418816,749.8989536101851,69312.34616895372,69715.71946046785,-403.37329151412996,22.909910172269093,-1.4615519474526513,34.487891233536324,0.28763533862233864,8,6
2026-03-22 09:00:00+00:00,68799.2734375,68857.0625,68608.9453125,68817.265625,329285632,2026-03-22 09:59:59.999000+00:00,0.00016634221419087325,0,-0.001704679929595665,-0.003305787925022452,0.0002664520322659403,69027.98697916667,69825.19759114583,210.22825483790282,763.278776392818,69236.17993142238,69649.16732450727,-412.98739308489894,23.404832511070623,-1.3205292709817216,-0.3583526219171522,0.0134805950247751,9,6
2026-03-22 10:00:00+00:00,68820.3828125,68820.3828125,68606.4296875,68659.65625,7567360,2026-03-22 10:59:59.999000+00:00,-0.0022902591895883617,0,0.00016634221419087325,-0.001704679929595665,-0.00013905000898639663,68917.52473958333,69744.78645833333,198.3628871417669,780.7126926057141,69147.48398043432,69575.8702078771,-428.3862274427811,20.23626184479916,-1.38992259074409,-0.977018857597771,-0.43527850932999645,10,6
2026-03-22 11:00:00+00:00,68647.453125,68671.8671875,68216.140625,68216.140625,857841664,2026-03-22 11:59:59.999000+00:00,-0.006459624897990901,1,-0.0022902591895883617,0.00016634221419087325,-0.0025280418010449335,68762.3515625,69644.00227864583,313.51719785251044,816.1242379980488,69004.20038729058,69475.14949803436,-470.9491107437789,18.222309235964943,-1.7495640824837777,112.36075778078485,0.6952172612867968,11,6
2026-03-22 12:00:00+00:00,68213.7421875,68733.0703125,68213.7421875,68656.21875,708227072,2026-03-22 12:59:59.999000+00:00,0.006451231643537447,1,-0.006459624897990901,-0.0022902591895883617,6.846808534199944e-05,68679.73567708333,69558.64192708333,249.00525781206034,807.4317940308943,68950.66475078433,69414.48796114292,-463.8232103585906,28.12267409284395,-1.117646324748019,-0.17440816677330329,0.4476658462806679,12,6
2026-03-22 13:00:00+00:00,68653.9453125,68918.75,68564.640625,68732.0625,488226816,2026-03-22 13:59:59.999000+00:00,0.001104688714014035,0,0.006451231643537447,-0.006459624897990901,-0.003305787925022452,68647.86067708333,69475.58268229167,222.40972374184287,784.3829056571277,68917.03363527905,69363.93792698419,-446.9042917051411,49.88084985698524,-0.9479046227668324,-0.31063519695558883,0.11532307179624585,13,6
2026-03-22 14:00:00+00:00,68709.0859375,68897.8046875,68574.5625,68705.0546875,0,2026-03-22 14:59:59.999000+00:00,-0.00039294343160445333,1,0.001104688714014035,0.006451231643537447,-0.001704679929595665,68631.06640625,69396.94563802083,211.64028410689795,761.8355339074466,68884.42148946688,69315.13176109648,-430.71027162959217,45.19742917297677,-0.908189392232897,-1.0,-0.5654482218961586,14,6
2026-03-22 16:00:00+00:00,68843.4296875,68860.4921875,68698.125,68829.7109375,0,2026-03-22 16:59:59.999000+00:00,2.258795796228341e-05,0,0.0017917395315369955,-0.00039294343160445333,-0.0022902591895883617,68661.22395833333,69260.06575520833,228.61220863045563,696.8883471108637,68868.68001242896,69245.77442223635,-377.094409807396,36.81025230412784,-0.6175376866215069,-1.0,-0.56803237625142,16,6
2026-03-22 19:00:00+00:00,68610.453125,68610.453125,68156.375,68184.2890625,1097996288,2026-03-22 19:59:59.999000+00:00,-0.0056569028923781906,1,-0.002192115885774837,-0.0015526316476476287,0.001104688714014035,68640.375,69025.78971354167,242.79921908994075,593.0689597514663,68708.72956146697,69087.73749732983,-379.00793586285727,28.850641773628936,-1.4188917447210758,2.4625733033661423,0.8797341869776313,19,6
2026-03-22 20:00:00+00:00,68194.046875,68489.1875,68123.078125,68189.2109375,0,2026-03-22 20:59:59.999000+00:00,7.218488404991952e-05,0,-0.0056569028923781906,-0.002192115885774837,-0.00039294343160445333,68554.40104166667,68931.32291666667,299.92456524959056,532.786391533819,68628.8036193182,69021.17997437947,-392.3763550612639,28.856501626607738,-1.3928883900923836,-1.0,-0.6483911631636105,20,6
2026-03-22 22:00:00+00:00,67877.453125,68364.6640625,67619.6875,68296.4609375,935120896,2026-03-22 22:59:59.999000+00:00,0.0068199740381222895,0,-0.005211601587907011,7.218488404991952e-05,2.258795796228341e-05,68299.80598958333,68743.51334635417,314.91954362204814,386.6093706930103,68474.18705880179,68886.06059188911,-411.8735330873169,40.733866199745314,-1.156341368686473,-0.43041728051015227,0.4857078612823045,22,6
2026-03-22 23:00:00+00:00,68316.71875,68411.7734375,67843.0,67843.0,0,2026-03-22 23:59:59.999000+00:00,-0.006639596419424687,0,0.0068199740381222895,-0.005211601587907011,-0.0015526316476476287,68153.16536458333,68706.24479166667,281.62440332969294,428.104482805577,68377.08135744766,68808.79684434176,-431.71548689409974,34.731846831184214,-2.0164348338737503,-1.0,-0.7031935914381277,23,6
2026-03-23 01:00:00+00:00,67678.8125,68129.265625,67583.265625,67924.46875,0,2026-03-23 01:59:59.999000+00:00,0.003045246296234705,1,-0.0018388042981589692,-0.006639596419424687,-0.0056569028923781906,67967.53776041667,68613.5478515625,225.7053886071221,488.63507313269764,68221.68361982939,68668.49360797477,-446.8099881453818,45.006233179777745,-1.4102121183089291,-1.0,-0.7925951244712102,1,0
2026-03-23 03:00:00+00:00,68371.6953125,68565.7421875,68062.515625,68068.9921875,0,2026-03-23 03:59:59.999000+00:00,-0.003232093780599077,1,0.00537718136367471,0.003045246296234705,-0.005211601587907011,68023.48046875,68518.25748697917,237.91194776840925,450.5413557777631,68207.04825739263,68598.10648831856,-391.05823092593346,38.91334505487615,-0.997167726597731,-1.0,-0.7019605925842607,3,0
2026-03-23 06:00:00+00:00,68877.9765625,68877.9765625,67741.265625,67806.609375,1326714880,2026-03-23 06:59:59.999000+00:00,-0.015091739465048493,1,0.004842200590596812,0.006535418855249331,-0.0018388042981589692,68241.54036458333,68415.94694010417,390.0885565711965,394.9330730874541,68262.36302171806,68551.10183702192,-288.7388153038628,39.009193345609035,-1.542888166697651,0.12910619325579487,1.8088109516290463,6,0
2026-03-23 07:00:00+00:00,67852.125,68414.875,67543.046875,68311.0390625,1792518144,2026-03-23 07:59:59.999000+00:00,0.00743924068980184,1,-0.015091739465048493,0.004842200590596812,0.003045246296234705,68305.96875,68390.435546875,357.8365462029448,380.23590755169494,68269.85164337682,68533.31940927956,-263.4677659027366,45.92427065855299,-0.20880848651624428,0.35109522853923214,2.2818010731844964,7,0
2026-03-23 08:00:00+00:00,68303.515625,68641.5234375,68303.515625,68446.6875,830390272,2026-03-23 08:59:59.999000+00:00,0.001985746950443623,0,0.00743924068980184,-0.015091739465048493,0.00537718136367471,68332.13151041667,68375.4716796875,362.12303956827367,370.1098959601997,68297.0571597804,68526.9022308144,-229.8450710340112,48.754119973632164,0.19241803877667268,-0.5367465178639776,0.5847588710803998,8,0
2026-03-23 09:00:00+00:00,68417.78125,68417.78125,67922.8515625,68247.9609375,183115776,2026-03-23 09:59:59.999000+00:00,-0.002903377354820824,1,0.001985746950443623,0.00743924068980184,-0.003232093780599077,68361.95963541667,68351.75065104167,342.9780047655597,358.62923287541287,68289.50389481417,68506.23991279112,-216.73601797694573,50.656717861114245,-0.28940672992412714,-0.7794822721622635,-0.5170605976719467,9,0
2026-03-23 10:00:00+00:00,68321.6484375,68670.203125,68291.34375,68549.3203125,251672576,2026-03-23 10:59:59.999000+00:00,0.004415653901747696,1,-0.002903377354820824,0.001985746950443623,0.006535418855249331,68367.87109375,68347.1533203125,346.4080693433975,355.2013498760985,68329.47565138122,68509.4310535103,-179.95540212908236,53.50016857669632,0.5691616663563356,0.37439046213036287,-0.42172597537816275,10,0
2026-03-23 11:00:00+00:00,68534.1796875,71401.8515625,68534.1796875,70063.984375,8296083456,2026-03-23 11:59:59.999000+00:00,0.02209597492134141,1,0.004415653901747696,-0.002903377354820824,0.004842200590596812,68570.93359375,68424.14680989583,774.7454906683374,497.3816914790186,68596.32314732258,68624.58315139843,-28.26000407585525,67.68987275095651,3.296939942095448,31.963796007714407,4.419930229248728,11,0
2026-03-23 12:00:00+00:00,70082.0390625,70828.5546875,69731.46875,70630.6796875,2473283584,2026-03-23 12:59:59.999000+00:00,0.008088254151618068,1,0.02209597492134141,0.004415653901747696,-0.015091739465048493,69041.61197916667,68506.416015625,1032.5005066259982,670.5750031946578,68909.30107658064,68773.18289481336,136.11818176727684,68.21464975297624,3.167824123707096,-0.7018733481747655,0.9227424888716081,12,0
2026-03-23 13:00:00+00:00,70719.125,71525.5546875,70629.4921875,71410.3125,2168483840,2026-03-23 13:59:59.999000+00:00,0.011038160979752965,0,0.008088254151618068,0.02209597492134141,0.00743924068980184,69558.15755208333,68618.009765625,1327.1304290344092,895.0407252827051,69294.07206479901,68968.5258285309,325.5462362681137,76.48848957088526,3.1197493650280896,-0.1232368766654135,0.6988418743957308,13,0
2026-03-23 14:00:00+00:00,71453.0390625,71696.078125,71190.4140625,71365.3203125,1883529216,2026-03-23 14:59:59.999000+00:00,-0.0006300516819611746,0,0.011038160979752965,0.008088254151618068,0.001985746950443623,70044.59635416667,68728.85416666667,1372.3783148440116,1056.460756092609,69612.7256413684,69146.06616067675,466.65948069164006,77.40532226533836,2.4955646772763007,-0.13140730806645073,0.4912856474665197,14,0
2026-03-23 15:00:00+00:00,71457.4375,71623.90625,70131.59375,70131.59375,1987919872,2026-03-23 15:59:59.999000+00:00,-0.017287480208841854,1,-0.0006300516819611746,0.011038160979752965,-0.002903377354820824,70358.53515625,68783.1640625,1058.8140056695706,1094.6022198043086,69692.5515042348,69219.06820433032,473.4832999044738,64.36658509844125,1.2318901452082478,0.05542290244995063,0.5052560341532821,15,0
2026-03-23 16:00:00+00:00,70107.0390625,70680.6640625,70107.0390625,70545.265625,2353709056,2026-03-23 16:59:59.999000+00:00,0.005898509542997532,1,-0.017287480208841854,-0.0006300516819611746,0.004415653901747696,70691.19270833333,68854.6455078125,583.6230167455934,1152.2708661638383,69823.73829204483,69317.30505030586,506.4332417389669,64.58983753189983,1.4672072052085672,0.1840060000164836,0.6585931609684688,16,0
2026-03-23 17:00:00+00:00,70561.5625,71098.25,70419.9296875,71083.4921875,1485176832,2026-03-23 17:59:59.999000+00:00,0.007629520673450685,0,0.005898509542997532,-0.017287480208841854,0.02209597492134141,70861.11067708333,68953.005859375,508.00689359557015,1238.0900268452106,70017.54658365331,69448.13372713506,569.4128565182473,68.72967363256335,1.7207846618017861,-0.3690057706095685,0.12586609397383033,17,0
2026-03-23 18:00:00+00:00,71067.3984375,71154.96875,70900.5234375,71056.4375,173412352,2026-03-23 18:59:59.999000+00:00,-0.0003806043663222569,0,0.007629520673450685,0.005898509542997532,0.008088254151618068,70932.0703125,69056.51595052083,499.0385811423197,1306.808307257675,70177.37595539895,69567.26733993988,610.1086154590739,66.6626731668556,1.5303863147885768,-0.8832379092754391,-0.6303160681613321,18,0
2026-03-23 19:00:00+00:00,71075.15625,71170.8671875,70651.0703125,70651.0703125,0,2026-03-23 19:59:59.999000+00:00,-0.005704862244184428,1,-0.0003806043663222569,0.007629520673450685,0.011038160979752965,70805.52994791667,69159.29850260417,447.07228816480574,1331.989109025196,70250.25201033757,69647.549041611,602.7029687265749,61.71890925944895,1.1199579634608032,-1.0,-0.6965684064424738,19,0
2026-03-23 21:00:00+00:00,70893.953125,70972.8046875,70818.7265625,70889.0078125,0,2026-03-23 21:59:59.999000+00:00,-0.0002632164053122388,0,0.003631955770309059,-0.005704862244184428,-0.017287480208841854,70855.49088541667,69399.86653645833,216.4429987642502,1363.631915903112,70434.1034179044,69825.93712843879,608.1662894656183,70.03073994395909,1.0920404976407703,-1.0,-0.686429998742539,21,0
2026-03-24 00:00:00+00:00,70898.6640625,71045.5234375,70510.125,70694.296875,0,2026-03-24 00:59:59.999000+00:00,-0.003079491919087962,0,0.0021681129401684984,-0.0018303260830393464,-0.0003806043663222569,70802.32942708333,69754.38802083333,115.92337614101051,1303.753235680427,70572.24785610185,70024.06806749383,548.1797886080167,67.02136497265369,0.7209254239558105,-1.0,-0.6567872812252412,0,1
2026-03-24 06:00:00+00:00,70263.3984375,70522.984375,70254.359375,70518.46875,0,2026-03-24 06:59:59.999000+00:00,0.0036718274474605295,1,-0.0016459504700677696,-0.0020904969956929698,-0.003079491919087962,70438.13411458333,70303.53645833333,103.64870648309872,937.6869166916217,70482.74407460509,70175.80900085202,306.93507375306217,49.484235345066104,0.2292154106458079,-1.0,-0.6042400468938101,6,1
2026-03-24 10:00:00+00:00,71302.625,71307.2578125,71110.4140625,71262.15625,152907776,2026-03-24 10:59:59.999000+00:00,-0.0006378611688920843,0,0.005527362222181864,-0.005829625586171616,-0.0020904969956929698,70932.65234375,70772.78450520833,454.2939395256947,394.32072703213163,70836.83031207479,70448.85127753776,387.9790345370275,55.83636466538725,1.241050016505459,2.1975160599571733,-0.44605719617496753,10,1
2026-03-24 11:00:00+00:00,71264.0703125,71291.578125,70994.4375,71123.2421875,0,2026-03-24 11:59:59.999000+00:00,-0.0019493384681297243,0,-0.0006378611688920843,0.005527362222181864,-0.0016459504700677696,71076.4453125,70816.92024739583,313.806029452731,370.0713829740535,70880.89367752481,70498.80615975718,382.0875177676353,53.70963351562693,0.8277374425507751,-1.0,-0.6720371075563761,11,1
2026-03-24 15:00:00+00:00,69833.625,70193.4921875,69795.5703125,69875.765625,0,2026-03-24 15:59:59.999000+00:00,-0.0004459053151913972,0,-0.0015773984696880738,-0.012950378267743923,0.005527362222181864,70520.25260416667,70700.17903645833,652.8837952230555,418.7405558174255,70509.49454254108,70407.19678027905,102.2977622620383,41.52499589817374,-1.9687928479938777,-1.0,-0.44314224072285413,15,1
2026-03-24 18:00:00+00:00,69284.5390625,69702.84375,69166.9140625,69419.03125,506191872,2026-03-24 18:59:59.999000+00:00,0.0028570067769546625,0,-0.0033363397136236816,-0.006050470377225281,-0.0026322047721961672,69648.89453125,70508.84928385417,324.93835697474793,598.5673498366245,70057.65770874928,70192.06098241427,-134.40327366499696,38.81359243509523,-1.8207107924473844,-0.16303545426839594,1.1955508461950624,18,1
2026-03-24 19:00:00+00:00,69410.4375,69648.640625,69276.390625,69297.703125,0,2026-03-24 19:59:59.999000+00:00,-0.0017477645944533604,1,0.0028570067769546625,-0.0033363397136236816,-0.012950378267743923,69528.94791666667,70452.458984375,292.9687107772638,646.4228485115834,69940.7416189417,70125.81225223544,-185.07063329374068,38.76383595616258,-1.7863784704298051,-1.0,-0.46724509411789744,19,1
2026-03-24 21:00:00+00:00,70051.0234375,70314.296875,69920.40625,70280.640625,609001472,2026-03-24 21:59:59.999000+00:00,0.0033855073782824707,1,0.010762329108581214,-0.0017477645944533604,-0.0004459053151913972,69619.18880208333,70391.103515625,435.18915181957345,636.5483890949392,70006.41162140205,70131.6359972869,-125.224375884849,37.47849626523879,-0.1735341609803757,-0.30129654083469226,1.6306494966082277,21,1
2026-03-24 22:00:00+00:00,70293.453125,70513.671875,70159.40625,70343.359375,653373440,2026-03-24 22:59:59.999000+00:00,0.0008924043583302677,1,0.0033855073782824707,0.010762329108581214,-0.006050470377225281,69767.58463541667,70373.7744140625,512.1755863567549,631.7330668592747,70058.2497373402,70147.31921045083,-89.06947311063414,42.554130066657585,-0.04814539662093591,0.07286019827551415,1.6019351649506504,22,1
2026-03-24 23:00:00+00:00,70298.3828125,70783.234375,70265.484375,70520.046875,595103744,2026-03-24 23:59:59.999000+00:00,0.0025117864937056478,1,0.0008924043583302677,0.0033855073782824707,-0.0033363397136236816,69984.04817708333,70357.4150390625,509.5518281647807,622.1825336239077,70129.29545082632,70174.92866708411,-45.63321625778917,39.1450598673443,0.26138926624996917,-0.08918283547001848,1.2815994571972535,23,1
2026-03-25 00:00:00+00:00,70525.5625,70995.4453125,70510.4296875,70869.515625,13664256,2026-03-25 00:59:59.999000+00:00,0.004955594408770692,0,0.0025117864937056478,0.0008924043583302677,0.0028570067769546625,70225.79557291667,70364.7158203125,531.4833922158931,627.3142830435962,70243.17547762227,70226.37955285565,16.795924766614917,45.00685516720647,0.8047000017890843,-0.9770388673609152,-0.6329046537864076,0,2
2026-03-25 01:00:00+00:00,70827.4140625,70925.3828125,70631.0390625,70702.359375,0,2026-03-25 01:59:59.999000+00:00,-0.0023586481229036504,0,0.004955594408770692,0.0025117864937056478,-0.0017477645944533604,70459.90494791667,70372.9267578125,299.76232245077875,630.5158651438195,70313.81915414192,70261.63731745894,52.181836682982976,44.68587549444154,0.5224810911179166,-1.0,-0.677891388647642,1,2
2026-03-25 04:00:00+00:00,70709.2578125,70924.8125,70696.578125,70924.8125,65097728,2026-03-25 04:59:59.999000+00:00,0.002764280625403792,1,0.003486295620533042,-0.003094508647717986,0.0008924043583302677,70704.93359375,70405.9736328125,178.44829814496,643.8128765306666,70480.60211244329,70356.93102586856,123.67108657473,64.95218989997292,0.8058845762504507,-0.8487907445816605,-0.5346854763201742,4,2
2026-03-25 05:00:00+00:00,70932.953125,71295.6171875,70932.828125,71089.2734375,510869504,2026-03-25 05:59:59.999000+00:00,0.002318806799806561,0,0.002764280625403792,0.003486295620533042,0.0025117864937056478,70799.8046875,70440.50651041667,209.16493286489697,657.7463660562919,70574.24385475971,70411.17861191533,163.06524284438638,67.15421331748917,0.9863481739522147,6.84773170578242,1.0229455539577532,5,2
2026-03-25 06:00:00+00:00,71092.890625,71227.1484375,71000.7421875,71014.7578125,239230976,2026-03-25 06:59:59.999000+00:00,-0.0010481978700417338,0,0.002318806799806561,0.002764280625403792,0.004955594408770692,70824.01171875,70461.18522135417,226.52999566079265,668.025003322237,70642.0152328736,70455.888182329,186.12705054460093,74.48850342386045,0.8286704665136616,-0.5317180334177865,0.04447116425546934,6,2
2026-03-25 07:00:00+00:00,70982.921875,71235.7109375,70886.9609375,70908.28125,0,2026-03-25 07:59:59.999000+00:00,-0.0014993582429884134,1,-0.0010481978700417338,0.002318806799806561,-0.0023586481229036504,70858.33203125,70443.55110677083,219.91541679793224,649.3777715238945,70682.97923550844,70489.39877993426,193.5804555741779,77.53370021472251,0.7156545290095002,-1.0,-0.7981282202991327,7,2
2026-03-25 09:00:00+00:00,71226.1640625,71350.203125,71112.1015625,71327.7734375,0,2026-03-25 09:59:59.999000+00:00,0.0013806617634235518,1,0.004529068140401549,-0.0014993582429884134,0.003486295620533042,71082.38802083333,70457.46354166667,168.28530589767354,663.461668513332,70853.31390530485,70602.25718444295,251.05672086190316,82.08131165351803,1.3117711800645495,-1.0,-0.8467478842365639,9,2
2026-03-25 12:00:00+00:00,71705.8359375,71817.859375,71198.8984375,71682.5703125,364318720,2026-03-25 12:59:59.999000+00:00,0.0002904268697183632,0,0.002394108403890982,0.0022828151945983866,-0.0010481978700417338,71383.40234375,70520.52604166667,293.60419643387655,743.8879539280294,71156.33039876456,70811.36417327369,344.96622549087624,77.07570564356905,1.5621227157897428,-0.5329303898504454,0.2823655073589967,12,2
2026-03-25 13:00:00+00:00,71701.3828125,71907.1953125,71555.296875,71645.2109375,0,2026-03-25 13:59:59.999000+00:00,-0.0005211779493554669,0,0.0002904268697183632,0.002394108403890982,-0.0014993582429884134,71506.22395833333,70588.35221354167,191.47319018595232,769.7782650713016,71231.54278933925,70873.13060025341,358.41218908583687,74.10627307755398,1.3729391591232258,-1.0,-0.9423009302243881,13,2
2026-03-26 00:00:00+00:00,71311.6640625,71393.2109375,71148.0390625,71243.4140625,0,2026-03-26 00:59:59.999000+00:00,-0.0009353949710194653,1,-0.0005021746483709899,0.004906858058192798,0.00029764452187741597,71111.51302083333,71103.25423177083,222.9503856891315,334.0561419441251,71125.80160094282,70988.30824632764,137.49335461518785,45.52594218227685,0.4195696864409544,-1.0,-0.5331563642151932,0,3
2026-03-26 03:00:00+00:00,70880.796875,70945.40625,70675.46875,70864.46875,0,2026-03-26 03:59:59.999000+00:00,-3.682069402377586e-05,0,-0.005405532238791588,0.0001238053034946507,9.222116660656532e-05,71147.20963541667,71147.77734375,221.24027617044933,292.62671349982736,71065.84316379376,70987.58117278205,78.26199101170641,36.6754399298139,-0.9681569750130388,-1.0,-0.515594332162744,3,3
2026-03-26 06:00:00+00:00,69976.6640625,70114.34375,69845.5703125,70077.34375,488939520,2026-03-26 06:59:59.999000+00:00,0.0013378111605422127,0,-0.010892321954807827,-0.001553251078312834,-0.0009353949710194653,70633.20703125,71055.55305989583,497.3688561283168,434.89872047174356,70738.59236362517,70836.49552261314,-97.90315898797417,26.963364751911783,-2.249280726406242,1.6852476717505738,1.9202310263561484,6,3
2026-03-26 07:00:00+00:00,70060.6171875,70109.34375,69805.421875,70076.09375,176820224,2026-03-26 07:59:59.999000+00:00,-1.783743408512173e-05,0,0.0013378111605422127,-0.010892321954807827,0.0001238053034946507,70437.18359375,71020.87858072917,432.0898338936052,478.17335942118785,70636.66949999053,70780.16946538254,-143.49996539200947,34.118961980024224,-1.9758207188137804,-0.6383597218731675,0.34526412189633665,7,3
2026-03-26 08:00:00+00:00,70063.6953125,70077.6953125,69794.609375,69978.7265625,0,2026-03-26 08:59:59.999000+00:00,-0.0013894494154791381,0,-1.783743408512173e-05,0.0013378111605422127,-0.005405532238791588,70289.125,70968.76595052083,406.78091921218567,520.7166614051695,70535.44750960737,70720.80332442829,-185.3558148209122,31.9380877090788,-1.901301535751089,-1.0,-0.4709668517301673,8,3
2026-03-26 10:00:00+00:00,69563.9609375,69658.328125,69451.046875,69460.2890625,232046592,2026-03-26 10:59:59.999000+00:00,-0.0015167743041857307,0,-0.0059006771812460945,-0.0013894494154791381,-0.001553251078312834,69856.99609375,70810.75423177083,271.88332605515876,641.9986970388932,70243.81282492599,70548.21388411203,-304.4010591860424,18.702638809021792,-2.1035325702366894,-0.7473599714591509,0.35601585169468997,10,3
2026-03-26 11:00:00+00:00,69479.796875,69605.1875,69242.5625,69264.1328125,0,2026-03-26 11:59:59.999000+00:00,-0.002824005667806828,1,-0.0015167743041857307,-0.0059006771812460945,-0.010892321954807827,69737.06510416667,70710.85319010417,351.7755818719994,688.6672385721447,70093.0928230143,70453.09676769632,-360.0039446820156,17.108423018767226,-2.1007538860186585,-1.0,-0.49317056309861956,11,3
2026-03-26 14:00:00+00:00,69600.421875,69750.765625,69293.4375,69506.859375,140247040,2026-03-26 14:59:59.999000+00:00,-0.00016800824150664528,0,0.001396810091784051,0.002273001820815246,-0.0013894494154791381,69456.19921875,70453.45149739583,106.368659584019,712.9468266670586,69854.14073904506,70253.3977843319,-399.25704528683855,14.563837351299128,-1.3277177020634676,-0.661330445146709,0.10996484834927059,14,3
2026-03-26 15:00:00+00:00,69454.84375,69454.84375,68819.421875,69042.921875,472600576,2026-03-26 15:59:59.999000+00:00,-0.006674700945657586,0,-0.00016800824150664528,0.001396810091784051,-0.0059006771812460945,69369.05208333333,70378.80989583333,184.27616423057262,763.332596008891,69729.33783688428,70163.73290215917,-434.39506527488993,11.978875360323528,-1.7500733334565588,2.3697721962616822,1.4602117047599599,15,3
2026-03-26 16:00:00+00:00,69059.0703125,69059.0703125,68808.8984375,68897.984375,0,2026-03-26 16:59:59.999000+00:00,-0.0020992376345602137,0,-0.006674700945657586,-0.00016800824150664528,-0.0015167743041857307,69275.33463541667,70279.0703125,257.1658463795484,794.6074910148285,69601.4373042867,70069.97375199923,-468.5364477125404,13.058568329718,-1.738073140659867,-1.0,-0.5879838914519709,16,3
2026-03-26 19:00:00+00:00,68435.5078125,68621.546875,68331.015625,68584.140625,164651008,2026-03-26 19:59:59.999000+00:00,0.002434613093379223,1,-0.000451525754145643,-0.006524252002110931,0.001396810091784051,68816.32552083333,69994.60091145833,420.2569400039873,968.5656798619874,69163.81839815913,69743.60272982971,-579.7843316705839,21.187645552682028,-1.4562360775154737,-0.9160446280508435,-0.13731029224634567,19,3
2026-03-26 20:00:00+00:00,68510.28125,69281.46875,68413.1796875,68958.2109375,1496965120,2026-03-26 20:59:59.999000+00:00,0.005454180938787578,0,0.002434613093379223,-0.000451525754145643,-0.00016800824150664528,68724.88411458333,69909.900390625,274.30084256455507,966.5225430458041,69132.18648113465,69685.4255600275,-553.2390788928606,29.345898420040314,-0.9846531361037265,8.091745858002886,2.408388954332407,20,3
2026-03-26 21:00:00+00:00,68969.7578125,69130.953125,68864.953125,68926.3828125,475009024,2026-03-26 21:59:59.999000+00:00,-0.00046155671046699265,0,0.005454180938787578,0.002434613093379223,-0.006674700945657586,68705.4609375,69823.60091145833,250.3577082980772,957.6091734328893,69100.52437826777,69629.20017132176,-528.6757930539898,29.018377792668844,-0.9369355723086198,-0.682685309327715,0.33710955228810435,21,3
2026-03-26 22:00:00+00:00,68884.1171875,68986.375,68605.6484375,68831.703125,0,2026-03-26 22:59:59.999000+00:00,-0.0013736349368217438,0,-0.00046155671046699265,0.005454180938787578,-0.0020992376345602137,68694.4140625,69718.8408203125,241.4682280366104,920.6398783893676,69059.16726238042,69570.12631603867,-510.95905365825456,29.046870138803655,-0.9636098936584425,-1.0,-0.6126759038213235,22,3
2026-03-27 00:00:00+00:00,68778.71875,68909.015625,68524.25,68707.9765625,0,2026-03-27 00:59:59.999000+00:00,-0.0012045118200814109,1,-0.0005937262285342637,-0.0013736349368217438,-0.000451525754145643,68799.875,69508.2275390625,139.39574834970264,819.7627899637054,68970.20721892326,69452.81409982739,-482.6068809041317,33.94145977026828,-0.9761982202167663,-1.0,-0.6247618186808511,0,4
2026-03-27 03:00:00+00:00,68873.0546875,68873.0546875,68644.6875,68741.234375,188006400,2026-03-27 03:59:59.999000+00:00,-0.0020765126111083054,0,-0.00167290121945729,0.004245890755269599,-0.00046155671046699265,68825.95442708333,69243.287109375,105.78500517329014,600.0137938322525,68927.04296154386,69332.33440407601,-405.29144253215054,34.08492518739142,-0.836735320980571,0.5396484637058903,-0.25534069643197965,3,4
2026-03-27 04:00:00+00:00,68729.7890625,68729.7890625,68269.15625,68542.78125,515092480,2026-03-27 04:59:59.999000+00:00,-0.0028869589963629316,1,-0.0020765126111083054,-0.00167290121945729,-0.0013736349368217438,68777.80078125,69151.13639322917,156.3289452705798,522.694923886701,68867.9257751525,69273.84898525556,-405.9232101030648,31.66323910510924,-1.1638818657459131,1.7397603485838782,0.36382843634867373,4,4
2026-03-27 05:00:00+00:00,68542.09375,68817.0390625,68505.7578125,68582.5859375,0,2026-03-27 05:59:59.999000+00:00,0.0005807276386236015,1,-0.0028869589963629316,-0.0020765126111083054,-0.0005937262285342637,68743.09244791667,69092.755859375,174.87401473762822,503.5563514003235,68824.02733859057,69222.64431505145,-398.6169764608785,39.56002678960592,-1.013133724669116,-1.0,-0.661788718988985,5,4
2026-03-27 08:00:00+00:00,68480.609375,68536.6796875,67616.8203125,67910.8203125,1849540608,2026-03-27 08:59:59.999000+00:00,-0.007423497564457482,0,-0.0028724243053914744,0.00048458912048432445,-0.00167290121945729,68468.66145833333,68876.63932291667,292.6104890585649,420.58852345706947,68607.83885561633,69031.79645827893,-423.95760266260186,39.06717726059168,-2.296351318571476,0.36199605470328833,2.298615355922294,8,4
2026-03-27 09:00:00+00:00,67896.78125,67916.234375,67607.5703125,67670.0234375,0,2026-03-27 09:59:59.999000+00:00,-0.0035457806854922724,0,-0.007423497564457482,-0.0028724243053914744,-0.0020765126111083054,68290.12630208333,68797.6484375,400.0955817933227,461.5569961117173,68463.5595605215,68930.92438266567,-467.364822144169,30.890514096077396,-2.4430893898249235,-1.0,-0.6462043509833577,9,4
2026-03-27 11:00:00+00:00,66460.5390625,66818.1328125,66371.2421875,66668.6796875,1756696576,2026-03-27 11:59:59.999000+00:00,0.0027475235919587337,0,-0.017496899880543926,-0.0035457806854922724,0.0005807276386236015,67628.34635416667,68565.576171875,883.994532043149,746.7818192357777,67929.99142350948,68595.66095050212,-665.6695269926422,16.32885139701257,-2.5400946240445395,-0.084589082029916,1.675996985632431,11,4
2026-03-27 12:00:00+00:00,66676.8984375,66716.5234375,66414.5625,66590.46875,362377216,2026-03-27 12:59:59.999000+00:00,-0.0011731286395141316,0,0.0027475235919587337,-0.017496899880543926,0.00048458912048432445,67290.78776041667,68447.61360677083,815.5540375681429,825.1764060206951,67723.91101220032,68447.12819490937,-723.2171827090497,16.4094589974287,-2.2506034385140334,-0.7937166719905988,-0.2676197219550786,12,4
2026-03-27 13:00:00+00:00,66590.1796875,66672.3125,66064.2578125,66095.171875,850956288,2026-03-27 13:59:59.999000+00:00,-0.00743795447452833,1,-0.0011731286395141316,0.0027475235919587337,-0.0028724243053914744,66903.52864583333,68304.97330729167,718.7594332204624,922.1869322200579,67473.33576032335,68272.90920824942,-799.5734479260718,14.44220705745596,-2.396261923785703,1.3482610120830554,0.3862775333316385,13,4
2026-03-27 14:00:00+00:00,66139.3671875,66322.46875,65703.7265625,66175.203125,1900404736,2026-03-27 14:59:59.999000+00:00,0.001210848655501806,0,-0.00743795447452833,-0.0011731286395141316,-0.007423497564457482,66614.25911458333,68166.154296875,565.1258278508599,982.2059170223536,67273.62304719667,68117.52357245317,-843.9005252564966,16.56590907684597,-2.0270201363790896,1.233257762824123,1.6449274560558425,14,4
2026-03-27 15:00:00+00:00,66168.5625,66552.0546875,65953.578125,66089.65625,1187127296,2026-03-27 15:59:59.999000+00:00,-0.0012927330927630099,0,0.001210848655501806,-0.00743795447452833,-0.0035457806854922724,66350.86458333333,68043.1015625,261.20711780180164,1050.227097617438,67091.47430916641,67967.31117819737,-875.836869030958,9.374263801272164,-1.860021815216554,-0.3753292267105779,0.6644728974414614,15,4
2026-03-27 16:00:00+00:00,66075.796875,66086.4375,65794.703125,65933.7421875,576593920,2026-03-27 16:59:59.999000+00:00,-0.0023591295725645667,0,-0.0012927330927630099,0.001210848655501806,-0.017496899880543926,66258.8203125,67919.59147135417,298.67718557277345,1117.4685780651027,66913.36167506389,67816.67643814572,-903.3147630818276,9.269484791358408,-1.7770963075245214,-0.5142947837668118,-0.16310798543150132,16,4
2026-03-27 17:00:00+00:00,65952.265625,66232.8984375,65585.15625,65604.5,212033536,2026-03-27 17:59:59.999000+00:00,-0.004993531029434228,1,-0.0023591295725645667,-0.0012927330927630099,0.0027475235919587337,66081.45703125,67801.09244791667,321.6968351627163,1206.2130672680942,66711.99834043867,67652.8115168016,-940.8131763629208,8.816252677186682,-1.8210650402682584,-0.6322653974568445,-0.6633041516455841,17,4
2026-03-27 18:00:00+00:00,65603.640625,65884.921875,65539.1875,65833.9140625,0,2026-03-27 18:59:59.999000+00:00,0.0034969257063157677,1,-0.004993531029434228,-0.0023591295725645667,-0.0011731286395141316,65955.36458333333,67693.44010416667,211.7701715500147,1262.7688410391277,66576.90845152503,67518.07837203851,-941.1699205134792,14.720755369697713,-1.4725783383572204,-1.0,-0.8802078905483558,18,4
2026-03-28 00:00:00+00:00,66363.4140625,66468.921875,66252.890625,66376.828125,0,2026-03-28 00:59:59.999000+00:00,0.0005777659277794722,0,0.005154011914124679,-0.0005470627792397709,0.0034969257063157677,66128.39713541667,67025.57063802083,179.41293101365582,1204.7916002711293,66318.06000637435,67010.74230175639,-692.6822953820374,47.699368828628906,-0.5384686553880637,-1.0,-0.7709287882820939,0,5
2026-03-29 04:00:00+00:00,66850.796875,66876.4609375,66687.3203125,66687.3203125,0,2026-03-29 04:59:59.999000+00:00,-0.0024596168013552022,1,0.0017906210791749366,0.003273957566813257,0.0006755330328385156,66586.27604166667,66596.77701822917,204.22457974348393,242.23758750901058,66656.38121784768,66663.23768620417,-6.85646835649095,49.26634259713902,0.37377888048633456,-1.0,-0.20412414523193756,4,6
2026-03-29 11:00:00+00:00,66461.15625,66867.734375,66461.15625,66766.0078125,233811968,2026-03-29 11:59:59.999000+00:00,0.0045559749344386,1,-0.0016463413703911023,-0.0014400708352200198,0.0006746737953957638,66634.65104166667,66690.078125,104.71328643107059,169.506082382411,66645.85425525492,66655.41056592861,-9.556310673695407,53.30252618607517,0.4479466838759229,0.5073011011063875,1.8391322413932318,11,6
2026-03-29 12:00:00+00:00,66770.6484375,66806.3046875,66656.234375,66785.875,90222592,2026-03-29 12:59:59.999000+00:00,0.0002975644066631755,0,0.0045559749344386,-0.0016463413703911023,-0.000640150901409231,66650.69791666667,66705.8603515625,120.93744909446787,159.34193385069327,66667.39590829262,66665.07459808205,2.3213102105655707,52.631249999999994,0.5021568805137975,-0.6141232941506227,0.47010130116668863,12,6
2026-03-29 13:00:00+00:00,66792.5234375,66792.5234375,66499.4921875,66500.6015625,0,2026-03-29 13:59:59.999000+00:00,-0.004271463651558061,1,0.0002975644066631755,0.0045559749344386,-0.0006314234745207203,66626.21744791667,66694.79915364583,135.68504821839815,164.1229817283574,66641.73523970913,66652.89141026116,-11.156170552028925,55.44508822754807,-1.1832443518924611,-1.0,-0.3653070531791944,13,6
2026-03-29 20:00:00+00:00,66294.15625,66710.8046875,66294.15625,66540.9609375,158541824,2026-03-29 20:59:59.999000+00:00,0.003781190193371753,1,-0.0011821967270466693,0.0005917425995072279,0.0002656225971640058,66407.79427083333,66568.830078125,94.35436662232284,160.75100575231176,66487.57204805284,66555.97944402976,-68.40739597691572,44.88099145979863,-0.17336837486380216,-0.29455880878828467,0.8917648816614864,20,6
2026-03-29 21:00:00+00:00,66557.625,66693.1015625,66486.296875,66677.4140625,105584640,2026-03-29 21:59:59.999000+00:00,0.0020506635774040216,0,0.003781190193371753,-0.0011821967270466693,-0.000761773845482816,66442.76432291667,66570.02408854167,145.80477330801892,161.4752905633812,66516.77851181394,66564.97460095347,-48.19608913952834,50.96789841488002,0.6650551523000758,-0.3340265846821593,0.3964088554449228,21,6
2026-03-29 22:00:00+00:00,66672.9296875,66672.9296875,65036.53125,65802.9296875,1888307200,2026-03-29 22:59:59.999000+00:00,-0.013115151319160412,1,0.0020506635774040216,0.003781190193371753,-0.0002703385061235686,66334.98177083333,66532.9052734375,298.6415845739275,222.60892090233696,66406.95561576565,66508.52682958655,-101.57121382090554,31.95531199223724,-3.2791838843590417,16.884298322180197,4.487045860692182,22,6
2026-03-29 23:00:00+00:00,65802.6875,66180.78125,65802.6875,65958.3515625,1743009792,2026-03-29 23:59:59.999000+00:00,0.002361929411625052,1,-0.013115151319160412,0.0020506635774040216,-0.0018075252493900962,66273.12109375,66517.84928385417,336.0934260135979,248.38363734135095,66337.93960757094,66467.77310609866,-129.8334985277179,37.5044485116551,-2.252554666414116,-0.07694585287817579,3.017822376114552,23,6
2026-03-30 00:00:00+00:00,65957.6015625,66876.328125,65773.0546875,66259.03125,1248913408,2026-03-30 00:59:59.999000+00:00,0.0045586295044848235,1,0.002361929411625052,-0.013115151319160412,0.0005917425995072279,66254.83203125,66511.4697265625,332.8175667070092,253.13749519878903,66325.79986025233,66452.31074638764,-126.51088613530737,46.147359731108295,-0.9972385812076552,-0.2834730970920444,1.8005255613053714,0,0
2026-03-30 01:00:00+00:00,66234.484375,66751.1875,66234.484375,66585.34375,540108800,2026-03-30 01:59:59.999000+00:00,0.004924800345613267,1,0.0045586295044848235,0.002361929411625052,-0.0011821967270466693,66304.00520833333,66514.421875,359.80809951048514,253.58702096776787,66365.72968944428,66462.16504295151,-96.43535350722959,46.62092062926129,0.2796747038919413,-0.5675370313583823,0.464906833911313,1,0
2026-03-30 02:00:00+00:00,66579.6796875,67286.265625,66550.625,67039.9296875,970250240,2026-03-30 02:59:59.999000+00:00,0.006827117078598954,1,0.004924800345613267,0.0045586295044848235,0.003781190193371753,66387.16666666667,66527.24153645833,467.1726008459511,272.1738887685623,66469.45276606824,66504.96242402917,-35.50965796093806,54.08711914595184,1.8836786782203998,0.7963977628211205,1.1483534842346224,2,0
2026-03-30 03:00:00+00:00,67087.5078125,67224.9609375,66934.859375,67106.546875,993060864,2026-03-30 03:59:59.999000+00:00,0.0009936941731671922,1,0.006827117078598954,0.004924800345613267,0.0020506635774040216,66458.68880208333,66537.85807291667,546.5936393944244,289.7819467904265,66567.46724436543,66549.5242352122,17.94300915322674,60.48589235740262,1.9624714665010188,0.023510042110373552,1.1185007752753273,3,0
2026-03-30 04:00:00+00:00,67091.390625,67561.2578125,67091.390625,67541.890625,1237766144,2026-03-30 04:59:59.999000+00:00,0.0064873513878001,0,0.0009936941731671922,0.006827117078598954,-0.013115151319160412,66748.515625,66573.46516927083,588.7498080256929,354.2724265487346,66717.37853369383,66623.03285667796,94.34567701586639,65.47656733554139,2.733561471784349,0.24641518850550526,1.3989532495666055,4,0
2026-03-30 05:00:00+00:00,67559.140625,67655.2265625,67402.3515625,67476.421875,799993856,2026-03-30 05:59:59.999000+00:00,-0.0009693058543991384,0,0.0064873513878001,0.0009936941731671922,0.002361929411625052,67001.52734375,66604.4697265625,500.90525380059745,398.56991406153975,66834.15443235631,66686.24685803516,147.90757432115788,65.18490470187587,2.187701875317336,-0.3536793198958268,0.6136513320005539,5,0
2026-03-30 06:00:00+00:00,67452.453125,67517.578125,67246.5546875,67274.3828125,764342272,2026-03-30 06:59:59.999000+00:00,-0.002994217192996307,1,-0.0009693058543991384,0.0064873513878001,0.0045586295044848235,67170.75260416667,66628.8359375,348.09679442349477,421.2312081618661,66901.88187545534,66729.81248429182,172.06939116351714,61.76248403910392,1.5325238550509683,-0.04456482225783498,0.5039472083005214,6,0
2026-03-30 07:00:00+00:00,67252.828125,67512.0078125,67193.8203125,67502.453125,364709888,2026-03-30 07:59:59.999000+00:00,0.0033901509455041,1,-0.002994217192996307,-0.0009693058543991384,0.004924800345613267,67323.60416666667,66664.45963541667,215.86894147694827,457.47054475739156,66994.27745230836,66787.04512434428,207.2323279640841,66.22839255294312,1.8317976953636175,-0.5228448021778389,-0.1963902384788714,7,0
2026-03-30 08:00:00+00:00,67554.953125,67830.078125,67554.953125,67619.65625,1900691456,2026-03-30 08:59:59.999000+00:00,0.0017362794916944146,0,0.0033901509455041,-0.002994217192996307,0.006827117078598954,67420.22526041667,66704.078125,191.91602895162504,497.3029221296862,67090.48957503015,66848.720022541,241.769552489146,66.94148767326209,1.8410873619625272,4.211516107838568,2.0813778965419645,8,0
2026-03-30 09:00:00+00:00,67616.3671875,67621.3125,67415.8359375,67453.9765625,876087296,2026-03-30 09:59:59.999000+00:00,-0.0024501705079282843,0,0.0017362794916944146,0.0033901509455041,0.0009936941731671922,67478.13020833333,66740.79361979167,115.57329604901186,519.2342524892287,67146.41065002551,66893.55384031574,252.8568097097741,65.39649462285566,1.373528304978538,-0.5390691670473843,0.44077715822604785,9,0
2026-03-30 10:00:00+00:00,67448.46875,67465.34375,67341.5859375,67438.390625,31676416,2026-03-30 10:59:59.999000+00:00,-0.00023106032133712873,1,-0.0024501705079282843,0.0017362794916944146,0.0064873513878001,67460.88020833333,66781.42643229167,111.81628016362636,534.4992493618131,67191.33064617544,66933.91212066272,257.41852551272314,62.66144943510609,1.229120889304779,-0.9638433108839418,-0.8725141039606406,10,0
2026-03-30 11:00:00+00:00,67443.2265625,67840.6015625,67443.2265625,67602.984375,788334592,2026-03-30 11:59:59.999000+00:00,0.002440653587290509,1,-0.00023106032133712873,-0.0024501705079282843,-0.0009693058543991384,67481.97395833333,66816.30045572917,126.33034124472202,560.1392789998621,67254.66198907152,66983.47302839141,271.18896068011236,62.95559973492379,1.404443410352271,23.887114501842632,0.2742982505750179,11,0
2026-03-30 12:00:00+00:00,67624.53125,67919.5078125,67615.203125,67863.6015625,731158528,2026-03-30 12:59:59.999000+00:00,0.003855113644899655,0,0.002440653587290509,-0.00023106032133712873,-0.002994217192996307,67580.17708333333,66861.20572916667,157.78415476219197,599.4166209962868,67348.34500036821,67048.66773462167,299.6772657465335,84.82960607629168,1.6722856828148214,-0.0725276609452652,0.1447889542943827,12,0
2026-03-30 13:00:00+00:00,67853.6953125,68069.59375,67478.3203125,67478.3203125,1306716160,2026-03-30 13:59:59.999000+00:00,-0.005677288577812467,1,0.003855113644899655,0.002440653587290509,0.0033901509455041,67576.15494791667,66901.94401041667,160.44682614238775,607.01948359376,67368.34120223463,67080.49385150155,287.8473507330782,73.83832344133663,0.949518619519404,0.7871858290080698,0.9772430771688191,13,0
2026-03-30 14:00:00+00:00,67461.21875,67811.078125,67099.046875,67757.8203125,1602723840,2026-03-30 14:59:59.999000+00:00,0.004142071093435673,0,-0.005677288577812467,0.003855113644899655,0.0017362794916944146,67599.18229166667,66953.59212239583,176.9996102487263,625.4099702825603,67428.26106535237,67130.66618194588,297.59488340649114,73.66335852063459,1.2859216007394656,0.2265279094734698,1.3261500396755161,14,0
2026-03-30 15:00:00+00:00,67753.5625,67823.1171875,67398.2109375,67578.46875,1083797504,2026-03-30 15:59:59.999000+00:00,-0.0026469500003516444,0,0.004142071093435673,-0.005677288577812467,-0.0024501705079282843,67619.93098958333,66999.87858072917,163.34356820832943,628.9751299333071,67451.36993991355,67163.83674254248,287.53319737107086,66.44280717730086,0.9198935565738169,-0.323777760740116,0.4498113292961462,15,0
2026-03-30 16:00:00+00:00,67587.203125,67587.203125,67220.7421875,67274.59375,545058816,2026-03-30 16:59:59.999000+00:00,-0.004496624525840542,0,-0.0026469500003516444,0.004142071093435673,-0.00023106032133712873,67592.63151041667,67034.25227864583,207.47768172432015,620.0755780805738,67424.17360300377,67172.04096531711,252.13263768666366,54.08932611957164,0.3876002859169872,-0.49708426713630816,-0.4781219751588409,16,0
2026-03-30 17:00:00+00:00,67303.3203125,67375.0390625,66664.7890625,66727.1640625,1078489088,2026-03-30 17:59:59.999000+00:00,-0.00813724256045767,0,-0.004496624525840542,-0.0026469500003516444,0.002440653587290509,67446.66145833333,67050.82096354167,408.9787591148107,605.5689573371166,67316.94136600319,67139.08712066399,177.85424533920013,44.337635988386324,-0.5344674576201793,0.978665524419295,0.358465592262659,17,0
2026-03-30 18:00:00+00:00,66764.703125,66823.0625,66468.46875,66535.0078125,900239360,2026-03-30 18:59:59.999000+00:00,-0.0028797305070543677,0,-0.00813724256045767,-0.004496624525840542,0.003855113644899655,67225.22916666667,67057.74772135417,489.7750274927268,598.3356892124076,67196.64389623347,67094.34050524443,102.30339098903642,33.79576892804964,-0.8736565748606051,-0.1652772661154639,-0.021564999553931753,18,0
2026-03-30 19:00:00+00:00,66594.2734375,66594.2734375,66211.5234375,66424.765625,779100160,2026-03-30 19:59:59.999000+00:00,-0.0016569050057176904,1,-0.0028797305070543677,-0.00813724256045767,-0.005677288577812467,67049.63671875,67063.35026041667,564.1078610733058,591.4269013635933,67077.89339296678,67044.74236596706,33.1510269997234,33.31565065640741,-1.0797355242792497,-0.13456332324771936,-0.30027902249920313,19,0
2026-03-30 20:00:00+00:00,66480.578125,66617.78125,66480.578125,66608.578125,284151808,2026-03-30 20:59:59.999000+00:00,0.0027672284316020423,1,-0.0016569050057176904,-0.0028797305070543677,0.004142071093435673,66858.09635416667,67066.16764322917,461.2961755096449,588.9862152019697,67005.69104404881,67012.4339036732,-6.742859624384437,39.37567786573583,-0.7769104037048798,-0.6352820566742021,-1.2827906337606452,20,0
2026-03-30 21:00:00+00:00,66594.25,66930.125,66550.0234375,66763.3046875,1011724288,2026-03-30 21:59:59.999000+00:00,0.0023229224651761804,0,0.0027672284316020423,-0.0016569050057176904,-0.0026469500003516444,66722.23567708333,67069.74641927083,297.7485978554901,586.7781878212775,66968.40083534899,66993.97988766037,-25.57905231138284,37.9226269955347,-0.5222445859970606,2.560506248828795,0.07046012300668297,21,0
2026-03-30 22:00:00+00:00,66758.3671875,66928.9453125,66650.421875,66739.3828125,0,2026-03-30 22:59:59.999000+00:00,-0.000358308731300383,0,0.0023229224651761804,0.0027672284316020423,-0.004496624525840542,66633.03385416667,67108.76529947917,134.70258341348026,526.9631984363278,66933.16729337223,66975.1208450559,-41.95355168367678,35.164464762065265,-0.7009644849493288,-1.0,-1.878864331715689,22,0
2026-03-31 02:00:00+00:00,67901.2578125,68028.9375,67765.625,67948.859375,0,2026-03-31 02:59:59.999000+00:00,0.0002189625728101774,0,0.012658419486345052,0.005850713847532774,0.0027672284316020423,67194.15234375,67267.9140625,595.130973774859,466.88842460609504,67214.17678220783,67103.48432620571,110.69245600211434,51.16492562964481,1.458475465684335,-1.0,-1.413122720816513,2,1
2026-03-31 07:00:00+00:00,67439.3359375,67451.171875,67084.0625,67316.1640625,878780416,2026-03-31 07:59:59.999000+00:00,-0.002077271103220202,0,-0.0024649536070915357,0.0020887507193756427,0.012658419486345052,67579.5625,67294.03157552083,217.9294191671375,473.386463926189,67365.83343810037,67228.50021546129,137.33322263907758,60.23091203196075,0.04675352733073171,19.872263838894835,0.3775729757771238,7,1
2026-03-31 08:00:00+00:00,67315.796875,67433.5546875,66732.75,66766.40625,0,2026-03-31 08:59:59.999000+00:00,-0.00816680243380441,0,-0.002077271103220202,-0.0024649536070915357,0.0002189625728101774,67382.48697916667,67258.4794921875,325.3541142359753,479.86417270496446,67273.61387070031,67194.27103283453,79.34283786578453,53.5752308527974,-1.02544276104989,-1.0,-1.0100400942880485,8,1
2026-03-31 10:00:00+00:00,66107.5078125,66398.21875,66092.1796875,66294.359375,969719808,2026-03-31 10:59:59.999000+00:00,0.003886748381369376,1,-0.01091445220626952,-0.00816680243380441,-0.0024986904307674473,66915.64713541667,67151.79947916667,653.009473922676,566.1594460360244,66962.06950949549,67048.2841931023,-86.2146836068132,45.99972946952156,-1.5144852040711392,0.017207821502687404,0.6420223444866465,10,1
2026-03-31 11:00:00+00:00,66305.7109375,66778.96875,66202.2109375,66638.390625,507084800,2026-03-31 11:59:59.999000+00:00,0.005189449800004242,0,0.003886748381369376,-0.01091445220626952,0.0020887507193756427,66751.54947916667,67111.60807291667,556.2544156397593,566.9749010532648,66912.27275803464,67017.9217065762,-105.64894854156591,48.48286450060443,-0.8346356197383327,-0.477081115785561,-0.16549316913753898,11,1
2026-03-31 12:00:00+00:00,66629.9375,66861.7421875,66490.625,66617.140625,448180224,2026-03-31 12:59:59.999000+00:00,-0.0003188852521901486,1,0.005189449800004242,0.003886748381369376,-0.0024649536070915357,66611.69140625,67059.67220052083,436.1515908477937,551.9869325894133,66866.86781449085,66988.23421905204,-121.36640456119494,48.51435136392552,-0.8017066154897521,-0.1161631663974152,-0.24994040542837329,12,1
2026-03-31 13:00:00+00:00,66630.609375,67321.1328125,66630.609375,67197.9765625,0,2026-03-31 13:59:59.999000+00:00,0.008719016337996655,0,-0.0003188852521901486,0.005189449800004242,-0.002077271103220202,66591.99348958333,67047.9912109375,399.0642967002704,545.6725948888628,66917.80762187687,67003.77068893707,-85.9630670602055,55.412638730683554,0.2748632659352217,-1.0,-0.9725418614921926,13,1
2026-03-31 15:00:00+00:00,66609.2734375,67210.8828125,66609.2734375,66695.515625,343322624,2026-03-31 15:59:59.999000+00:00,0.0021491496725212222,1,-0.009605827742441564,0.008719016337996655,-0.01091445220626952,66665.97786458333,66960.97916666667,295.9805059837191,521.3378837853534,66836.05198075208,66949.98455841656,-113.93257766448369,35.25374600469577,-0.5091967223620543,0.054459680462951354,-0.21876734876408918,15,1
2026-03-31 16:00:00+00:00,66753.0078125,67924.3515625,66732.5,67551.109375,1145847808,2026-03-31 16:59:59.999000+00:00,0.012828354979825596,0,0.0021491496725212222,-0.009605827742441564,0.003886748381369376,66875.43619791667,66972.50065104167,405.0044513650933,531.5259834157736,66946.06081063637,66994.51232260793,-48.451511971565196,46.054055227105735,1.0885803178237583,2.337524904854508,1.3336423094054626,16,1
2026-03-31 17:00:00+00:00,67590.2265625,68399.34375,67396.1328125,67426.0546875,1588404224,2026-03-31 17:59:59.999000+00:00,-0.0018512603072997624,1,0.012828354979825596,0.0021491496725212222,0.005189449800004242,67006.71354166667,67001.62109375,439.02863224785534,536.6209192298032,67019.90602246154,67026.47842371104,-6.572401249504765,47.68854924583513,0.790937472879696,0.38622617498605893,2.0250842259099557,17,1
2026-03-31 18:00:00+00:00,67461.6953125,67873.828125,67461.6953125,67720.03125,0,2026-03-31 18:59:59.999000+00:00,0.004359984635946779,1,-0.0018512603072997624,0.012828354979825596,-0.0003188852521901486,67190.52864583333,67050.9970703125,472.8758484359719,546.2520425134952,67127.617595929,67077.85270713986,49.76488878914097,52.383806547428094,1.2247719507080312,-1.0,-0.8452286988667106,18,1
2026-03-31 20:00:00+00:00,67817.828125,68184.640625,67817.828125,68184.640625,281108480,2026-03-31 20:59:59.999000+00:00,0.0062552315245036905,1,0.0006017421913107057,0.004359984635946779,-0.009605827742441564,67556.35546875,67172.33365885417,494.24142899080397,579.0058601546285,67372.66019442254,67206.6770894546,165.9831049679342,57.07254385206292,1.7483535760337263,-0.1159345613809094,-0.29255300014565916,20,1
2026-03-31 21:00:00+00:00,68192.359375,68309.3203125,67852.984375,68185.9765625,101736448,2026-03-31 21:59:59.999000+00:00,1.9592938933943316e-05,0,0.0062552315245036905,0.0006017421913107057,0.0021491496725212222,67804.765625,67231.61165364583,318.2781178130667,607.4369955110344,67497.78578951138,67279.21779116167,218.56799834971025,58.68014083321118,1.5711339874043528,-0.6380882995774443,-0.566208262832309,21,1
2026-03-31 22:00:00+00:00,68219.96875,68231.4765625,67956.28125,68148.875,577847296,2026-03-31 22:59:59.999000+00:00,-0.0005441230641610728,1,1.9592938933943316e-05,0.0062552315245036905,0.012828354979825596,67904.39322916667,67290.34049479167,316.5503476921587,625.6418670171628,67597.9533603558,67343.63684366822,254.31651668756967,65.36860828269985,1.3722459292910092,4.679845398180208,0.29353118611077844,22,1
2026-03-31 23:00:00+00:00,68135.40625,68299.4375,68043.8828125,68232.890625,4124672,2026-03-31 23:59:59.999000+00:00,0.0012328248265287556,0,-0.0005441230641610728,1.9592938933943316e-05,-0.0018512603072997624,68038.86588541667,67354.4365234375,233.07767806985217,640.5743410237445,67695.6360164549,67409.50749413724,286.1285223176528,78.48693388268882,1.3713538699639203,-0.9928620034591285,-0.8063598818781498,23,1
2026-04-01 00:00:00+00:00,68224.46875,68232.4765625,67823.25,68230.671875,0,2026-04-01 00:59:59.999000+00:00,-3.251730916975504e-05,0,0.0012328248265287556,-0.0005441230641610728,0.004359984635946779,68123.97265625,67402.18131510417,180.7213647142762,661.950000570157,67777.94922546184,67470.33448531227,307.6147401495691,76.90408889004676,1.2515908439945995,-1.0,-0.8142655633359349,0,2
2026-04-01 03:00:00+00:00,67599.8046875,68151.8671875,67599.8046875,68083.9375,372232192,2026-04-01 03:59:59.999000+00:00,0.007334046521358939,1,-0.0023173908681307642,-0.007114652203474292,1.9592938933943316e-05,68004.97526041667,67397.32747395833,272.38147044210734,661.0599639377389,67796.72520640177,67541.33146013714,255.39374626462813,61.686428643565115,1.0386501429488157,-0.6287628423783165,-0.08486939652076131,3,2
2026-04-01 04:00:00+00:00,68097.21875,68294.9140625,68001.984375,68231.046875,0,2026-04-01 04:59:59.999000+00:00,0.0021607060402462075,1,0.007334046521358939,-0.0023173908681307642,-0.0005441230641610728,68018.67057291667,67428.53678385417,282.925501700489,682.5637245308249,67863.54392464765,67592.42149086772,271.12243377992127,75.49323917057035,1.1757291844031872,-1.0,-0.9032230336805661,4,2
2026-04-01 06:00:00+00:00,68401.53125,69160.7578125,68401.53125,69125.265625,785043456,2026-04-01 06:59:59.999000+00:00,0.010606876920365549,0,0.0024726417844516124,0.0021607060402462075,-3.251730916975504e-05,68195.58072916667,67530.443359375,546.1494828204304,787.1215502562131,68127.45794678915,67761.33836236945,366.1195844196918,74.69058950969773,2.0261448376122786,1.4765602791058274,0.7415712790330196,6,2
2026-04-01 07:00:00+00:00,69079.140625,69204.46875,68651.3828125,68651.3828125,300101632,2026-04-01 07:59:59.999000+00:00,-0.006855421215605673,1,0.010606876920365549,0.0024726417844516124,-0.007114652203474292,68346.60546875,67586.07747395833,521.4382334635266,817.9027695419044,68208.06177228312,67827.26758089765,380.7941913854738,67.32356345706938,1.3024840827209005,-0.6177260892930747,-0.2994866568186787,7,2
2026-04-01 08:00:00+00:00,68654.0,68809.0859375,68467.265625,68671.5390625,244490240,2026-04-01 08:59:59.999000+00:00,0.00029360297162628335,0,-0.006855421215605673,0.010606876920365549,-0.0023173908681307642,68527.15494791667,67665.4580078125,372.65733429598004,827.2881080308601,68279.36597077803,67889.80620916448,389.5597616135492,64.58127312126618,1.2161193239948886,-0.18530852907857565,-0.4582434591044043,8,2
2026-04-01 09:00:00+00:00,68636.90625,68690.46875,68368.171875,68618.8515625,0,2026-04-01 09:59:59.999000+00:00,-0.0007672392481555823,0,0.00029360297162628335,-0.006855421215605673,0.007334046521358939,68616.30729166667,67773.00651041667,302.8680123864545,772.4340756722177,68331.59452335064,67943.80956867081,387.7849546798243,63.101466493941494,1.0950385006606864,-1.0,-0.9474705719194826,9,2
2026-04-01 11:00:00+00:00,68539.9140625,68696.3515625,68488.0390625,68687.2265625,0,2026-04-01 11:59:59.999000+00:00,0.0027881316495428354,0,-0.0017867037950690667,-0.0007672392481555823,0.0024726417844516124,68708.41927083333,67950.1201171875,215.34228339044455,687.0010001394132,68407.74158550549,68036.76778435426,370.9738011512236,57.92341358835792,1.072933584031055,-1.0,-0.8620168003719844,11,2
2026-04-01 13:00:00+00:00,68346.671875,68558.5703125,67969.1171875,68154.0546875,26525696,2026-04-01 13:59:59.999000+00:00,-0.0026408460768246877,1,-0.005135029541177616,0.0027881316495428354,-0.006855421215605673,68493.73958333333,68061.51399739583,212.34277609032733,604.4871074693714,68359.18045840926,68065.87736570153,293.3030927077343,48.897445254676924,0.15308960101991992,-0.9565820790452885,-0.812917198490469,13,2
2026-04-01 14:00:00+00:00,68082.6953125,68607.71875,68054.28125,68581.8125,0,2026-04-01 14:59:59.999000+00:00,0.006276336961335005,1,-0.0026408460768246877,-0.005135029541177616,0.00029360297162628335,68478.78515625,68146.0693359375,200.1247847272334,520.2949353866031,68393.43154173091,68104.09478305696,289.33675867394777,54.38850353845432,0.8374926112604243,-1.0,-0.8310471184323724,14,2
2026-04-01 19:00:00+00:00,68054.734375,68249.8125,68034.3984375,68152.3203125,1232896,2026-04-01 19:59:59.999000+00:00,0.002144902149681105,1,-0.0033939094186595797,-0.008064859573322813,-0.0026408460768246877,68447.79947916667,68352.38151041667,369.2369298543716,357.3025621175726,68367.23162664608,68194.14556024916,173.08606639692152,46.8559153106362,-0.5599209721055405,-0.9946000251161623,-0.7607973282959803,19,2
2026-04-01 20:00:00+00:00,68129.8046875,68226.4609375,67985.3671875,68173.234375,0,2026-04-01 20:59:59.999000+00:00,0.00030687234717907685,1,0.002144902149681105,-0.0033939094186595797,0.006276336961335005,68379.703125,68351.90625,377.16929297325964,357.54288591364246,68337.3858956236,68192.59658356404,144.78931205956906,35.26438493982896,-0.4997215216390985,-1.0,-0.7162755346619858,20,2
2026-04-02 02:00:00+00:00,67334.1875,67334.1875,66686.6796875,66880.640625,910004224,2026-04-02 02:59:59.999000+00:00,-0.006656580130467438,0,-0.01839661561045347,0.007531927751423639,0.00030687234717907685,67900.61458333333,68321.564453125,661.4672137529403,479.0835017532042,67972.91082411654,68061.4306914011,-88.51986728455813,34.95629876575944,-3.007667395875552,-0.4121517928961518,1.7397754322526338,2,3
2026-04-02 03:00:00+00:00,66862.453125,66937.0,66506.125,66570.546875,399069184,2026-04-02 03:59:59.999000+00:00,-0.00463652481648158,0,-0.006656580130467438,-0.01839661561045347,0.003642948215334618,67592.10807291667,68258.50651041667,789.2155256230054,596.8448829405598,67757.16252425246,67950.99485314917,-193.83232889670762,34.04302554986451,-2.8281379025993534,-0.5614644707407423,0.4136595099480805,3,3
2026-04-02 04:00:00+00:00,66566.046875,66624.515625,66230.2421875,66318.2578125,313384960,2026-04-02 04:59:59.999000+00:00,-0.0037898000593824532,1,-0.00463652481648158,-0.006656580130467438,-0.004640348446322551,67294.47005208333,68178.80696614583,888.0707779100022,716.4074105152445,67535.79256859823,67830.05136865664,-294.25880005840736,26.35399272995555,-2.59705458980067,-0.21471019922199752,0.15962161684872828,4,3
2026-04-02 05:00:00+00:00,66311.9140625,66608.3984375,66308.21875,66595.1875,55910400,2026-04-02 05:59:59.999000+00:00,0.004175768432924665,1,-0.0037898000593824532,-0.00463652481648158,-0.00038452171612779473,67047.3515625,68103.61653645833,830.924701533899,783.7439469345406,67391.0840965062,67738.57997097838,-347.49587447218073,25.47315042698338,-1.924645213986341,-0.8215919487648673,-0.48105050139687133,5,3
2026-04-02 06:00:00+00:00,66585.09375,66743.8515625,66543.484375,66641.453125,0,2026-04-02 06:59:59.999000+00:00,0.0006947292550232298,1,0.004175768432924665,-0.0037898000593824532,0.007531927751423639,66722.484375,68000.12434895833,346.9614803162153,806.6289218212399,67275.75625473601,67657.31131572071,-381.5550609846978,26.884431812267806,-1.684381984333843,-1.0,-0.5633958677330658,6,3
2026-04-02 10:00:00+00:00,66443.3046875,66466.609375,66225.1875,66444.28125,0,2026-04-02 10:59:59.999000+00:00,0.00035556987924389993,0,-0.00037037058810729384,-0.0070287925626471015,-0.0037898000593824532,66577.078125,67657.94954427083,188.97001980137227,912.7151557233105,66911.47825752215,67362.0529559319,-450.57469840974954,30.75994839319931,-1.32973391168137,-1.0,-0.4789383676121549,10,3
2026-04-02 12:00:00+00:00,66202.0,66202.0,65967.6640625,66032.328125,0,2026-04-02 12:59:59.999000+00:00,-0.00245216669823789,1,-0.003757024800384867,0.00035556987924389993,0.0006947292550232298,66408.80078125,67458.16764322917,299.05775151116484,966.1434061933851,66682.90926648036,67183.48592329552,-500.57665681515937,26.12748213510882,-1.4758052573654608,-1.0,-0.4429228835665648,12,3
2026-04-02 14:00:00+00:00,66249.2578125,67029.875,66200.2578125,66939.234375,1230147584,2026-04-02 14:59:59.999000+00:00,0.011100935067123618,0,0.0026044297904270763,-0.00245216669823789,-0.0070287925626471015,66372.57682291667,67308.4873046875,317.5839690964542,956.1218652271108,66660.04034390014,67098.2340091697,-438.19366526955855,32.45844937412659,-0.38619860408671874,2.199652685296656,2.3977193752891353,14,3
2026-04-02 15:00:00+00:00,66870.296875,66943.203125,66669.28125,66785.171875,481304576,2026-04-02 15:59:59.999000+00:00,-0.00230152766816738,1,0.011100935067123618,0.0026044297904270763,-0.00037037058810729384,66433.328125,67219.7314453125,360.57616596202087,897.5521507362834,66679.29134868474,67075.04422145343,-395.75287276868767,42.44806532341559,-0.4841608033093347,-0.6087424124876386,0.5617849532036565,15,3
2026-04-02 16:00:00+00:00,66835.65625,67217.4765625,66774.828125,67104.25,294678528,2026-04-02 16:59:59.999000+00:00,0.004777679177006666,0,-0.00230152766816738,0.011100935067123618,0.00035556987924389993,66543.32291666667,67149.373046875,453.32084080549197,832.717359410844,66744.66960273324,67077.20761245687,-332.5380097236339,53.221761466733305,-0.05418771010961632,-0.3877504127448811,0.08788157621296414,16,3
2026-04-02 17:00:00+00:00,67088.6875,67384.4453125,66671.09375,66671.09375,332353536,2026-04-02 17:59:59.999000+00:00,-0.0064549749084447106,1,0.004777679177006666,-0.00230152766816738,-0.003757024800384867,66622.73046875,67084.08333333333,420.57509698136874,804.6023343022565,66733.35024077428,67047.12510412674,-313.77486335246067,51.39906511577346,-0.5132840979034309,0.12785121554564038,0.146384675387455,17,3
2026-04-02 18:00:00+00:00,66667.8203125,66982.1640625,66602.015625,66966.8984375,59293696,2026-04-02 18:59:59.999000+00:00,0.004436775682864713,1,-0.0064549749084447106,0.004777679177006666,-0.00245216669823789,66778.4921875,67040.7685546875,318.9744334723128,780.4065624498426,66769.28073257823,67041.18238808031,-271.90165550207894,58.91755456263963,-0.0946559405595051,-0.8215945083250145,-0.4959075542430177,18,3
2026-04-02 19:00:00+00:00,66969.359375,67071.7734375,66884.28125,66993.984375,36319232,2026-04-02 19:59:59.999000+00:00,0.00040446755235756804,0,0.004436775682864713,-0.0064549749084447106,0.0026044297904270763,66910.10546875,66992.50455729167,155.90811970773746,743.6258639976032,66803.85052372004,67037.68623896326,-233.8357152432145,55.88711537574388,0.0019900030108867383,-0.3874689140646588,-0.5560560584804883,19,3
2026-04-02 20:00:00+00:00,66964.6328125,67084.671875,66809.7109375,66940.75,0,2026-04-02 20:59:59.999000+00:00,-0.000794614255244519,0,0.00040446755235756804,0.004436775682864713,0.011100935067123618,66910.35807291667,66941.15104166667,155.96597078659943,699.8071167520952,66824.91198160927,67030.50577681784,-205.593795208566,54.409205583382445,-0.0005730745759385943,-1.0,-0.6438336730030658,20,3
2026-04-03 00:00:00+00:00,66888.4765625,66972.71875,66709.3203125,66753.7578125,0,2026-04-03 00:59:59.999000+00:00,-0.002022122933581394,0,-0.001961969429832844,0.0016103057701184476,0.004436775682864713,66918.46223958333,66707.05989583333,94.48897084205433,325.4690885793625,66852.0425447154,66992.74272959762,-140.70018488222559,55.15146313361059,0.1434788073746201,-1.0,-0.6506824181034238,0,4
2026-04-03 08:00:00+00:00,67032.546875,67268.6796875,66909.2421875,66961.9296875,61919232,2026-04-03 08:59:59.999000+00:00,-0.0009730199108919368,0,0.003936772920413167,0.003142129229220414,-0.0017856166711985866,66752.23958333333,66702.8310546875,201.9542772976262,294.8379959624918,66785.26437015271,66870.85189165286,-85.58752150014334,49.8336854877513,0.8787830481844056,-0.6333939614405238,-0.3008540727122478,8,4
2026-04-03 09:00:00+00:00,66959.03125,66981.890625,66757.6171875,66843.3203125,0,2026-04-03 09:59:59.999000+00:00,-0.001771295653418714,1,-0.0009730199108919368,0.003936772920413167,0.0015840999609380013,66795.07942708333,66720.44173177083,186.37042047582906,289.83150773881664,66794.19605359076,66868.81251541931,-74.61646182855475,45.24810392324031,0.4239655711962975,-1.0,-0.4983125081412102,9,4
2026-04-03 21:00:00+00:00,66832.8125,66930.2578125,66831.203125,66925.671875,0,2026-04-03 21:59:59.999000+00:00,0.001242774975212857,0,-0.0002868557663501248,0.0008232697185961424,-0.0017659693333912374,66881.94661458333,66811.50618489583,70.71883120048967,157.92352992428832,66859.17493812807,66867.40596848013,-8.231030352064408,46.8261453879047,0.7229175421731316,-1.0,-0.385530384160996,21,4
2026-04-04 12:00:00+00:00,67125.0234375,67152.953125,67048.6484375,67084.578125,0,2026-04-04 12:59:59.999000+00:00,-0.0004325687482815699,1,-0.0003579400434136071,0.002634804314764816,0.001592668725605817,67039.46354166667,66913.89778645833,87.76041767138689,108.8957132640915,66991.95451995663,66939.52727459725,52.4272453593876,62.68339965309662,1.5673742650249354,-1.0,-0.2891652968328158,12,5
2026-04-04 16:00:00+00:00,67368.828125,67491.78125,67316.109375,67442.90625,0,2026-04-04 16:59:59.999000+00:00,0.0011662326926475952,0,0.002853070531239066,-0.00047569243066625244,0.002634804314764816,67230.46614583333,66985.78352864583,142.82580086002454,175.01770299353902,67149.54243335965,67036.34991939754,113.19251396210166,81.21015175139324,2.611865620079854,-1.0,-0.31707410038696104,16,5
2026-04-04 20:00:00+00:00,67278.640625,67282.1875,67184.6953125,67259.1875,112285696,2026-04-04 20:59:59.999000+00:00,-0.00042123331727972335,1,7.779176352418204e-06,-0.0007055491831942096,-0.00047569243066625244,67329.24869791667,67060.99186197917,67.2467867817634,193.49434847172876,67216.75603099309,67103.53548823913,113.22054275395931,62.675617582006794,1.024296779653937,0.554515941535888,1.0035928179092637,20,5
2026-04-04 21:00:00+00:00,67262.2734375,67402.5859375,67224.5625,67366.3125,0,2026-04-04 21:59:59.999000+00:00,0.0015927192102938026,1,-0.00042123331727972335,7.779176352418204e-06,0.002853070531239066,67329.57682291667,67079.35188802083,67.45675416206551,200.861239823262,67239.7647185326,67123.00045207326,116.76426645934407,65.73459071832526,1.4286510042040388,-1.0,-0.3559933914563322,21,5
2026-04-05 01:00:00+00:00,67180.0625,67218.015625,67080.3125,67091.6640625,87767040,2026-04-05 01:59:59.999000+00:00,-0.001154616488672544,1,-0.0018126674958520717,-0.0013007144421623984,7.779176352418204e-06,67259.40234375,67136.69563802083,112.22674852612516,191.30512623153265,67226.42359041738,67149.57443508638,76.84915533100138,48.947853381177474,-0.2353913687933678,0.8943948368844488,0.6366000219549738,1,6
2026-04-05 02:00:00+00:00,67074.1328125,67160.0859375,66981.0390625,67154.7734375,218042368,2026-04-05 02:59:59.999000+00:00,0.0009406440558876739,0,-0.001154616488672544,-0.0018126674958520717,-0.00042123331727972335,67242.0,67151.01432291667,120.08690842968728,178.2957915104502,67215.40048996855,67149.95954637628,65.44094359227165,53.25895350777288,0.021083585605037432,1.484330883210827,1.9222003091997382,2,6
2026-04-05 03:00:00+00:00,67152.09375,67169.9921875,67088.21875,67113.9453125,104395776,2026-04-05 03:59:59.999000+00:00,-0.000607970556821269,0,0.0009406440558876739,-0.001154616488672544,0.0015927192102938026,67199.93880208333,67163.20345052083,111.74423206085409,164.22714744829943,67199.79200112724,67147.29182534841,52.500175778826815,45.453620033514476,-0.29993907089164723,-0.5212133451054797,0.6164180846289825,3,6
2026-04-05 04:00:00+00:00,67117.3671875,67165.34375,67066.0234375,67086.5078125,0,2026-04-05 04:59:59.999000+00:00,-0.00040881965547168164,0,-0.000607970556821269,0.0009406440558876739,0.0001859005938613656,67151.21744791667,67172.72037760417,76.22814338667855,151.93593046841823,67182.36366441536,67142.78930587816,39.57435853719653,45.66099775026352,-0.5674271045589961,-1.0,-0.5332763378936844,4,6
2026-04-05 07:00:00+00:00,66812.578125,66888.6875,66715.0546875,66795.5,130007040,2026-04-05 07:59:59.999000+00:00,-0.0004461258598678075,1,-0.0011891883812651383,-0.002707441755764761,-0.001154616488672544,66980.15234375,67156.05533854167,157.12613681333775,178.5158103267302,67045.80071112282,67080.18023316296,-34.37952204013709,20.239142812774986,-2.0197389681158313,-0.7988140551264702,0.3262852605566486,7,6
2026-04-05 08:00:00+00:00,66793.6015625,66907.5234375,66793.6015625,66907.5234375,0,2026-04-05 08:59:59.999000+00:00,0.0016771105463690983,1,-0.0004461258598678075,-0.0011891883812651383,0.0009406440558876739,66938.94401041667,67155.64811197917,132.69271688631306,179.0943516528869,67024.52728441161,67067.39084089163,-42.863556480020634,30.44084012498793,-1.3854410939775268,-1.0,-0.5351651623481396,8,6
2026-04-05 10:00:00+00:00,66975.5703125,67096.5859375,66954.6875,67033.0078125,47465472,2026-04-05 10:59:59.999000+00:00,0.00028772090419448837,0,0.0015873121518121813,0.0016771105463690983,-0.00040881965547168164,66913.32421875,67153.4765625,96.06085650815503,178.7224233597112,67024.42596990417,67061.16327236936,-36.737302465189714,39.39826716176331,-0.6740550387319606,-0.6837936844690329,-0.27752779635852054,10,6
2026-04-05 11:00:00+00:00,67027.9375,67064.8984375,66955.75,66972.8359375,0,2026-04-05 11:59:59.999000+00:00,-0.0008976454580154059,0,0.00028772090419448837,0.0015873121518121813,-0.002707441755764761,66924.65104166667,67147.61100260417,98.832094617273,182.36074303399204,67016.489041842,67054.62050682348,-38.131464981488534,30.707352389124253,-0.9584029007361164,-1.0,-0.5510025722206047,11,6
2026-04-05 13:00:00+00:00,66771.5390625,66880.171875,66699.7109375,66876.3671875,227764224,2026-04-05 13:59:59.999000+00:00,0.0016297212097895475,1,-0.003065141965789997,-0.0008976454580154059,-0.0004461258598678075,66928.50260416667,67120.72265625,99.20923855331534,204.12180424894967,66962.52617788687,67021.72754357295,-59.20136568607995,33.18747150311566,-1.1971061575175026,-0.746213327035048,0.44160815408860943,13,6
2026-04-05 14:00:00+00:00,66876.9921875,66942.1875,66828.1640625,66906.125,0,2026-04-05 14:59:59.999000+00:00,0.00044496753863088045,1,0.0016297212097895475,-0.003065141965789997,0.0016771105463690983,66928.26953125,67109.61555989583,99.27000641477632,208.37899493896148,66953.84907359659,67013.16439219718,-59.315318600594765,38.47564815068306,-0.9765406535118143,-1.0,-0.5829479750952988,14,6
2026-04-05 16:00:00+00:00,67281.09375,67375.78125,67172.9140625,67188.7421875,124299264,2026-04-05 16:59:59.999000+00:00,-0.0012114152456451643,1,0.005442093306106122,0.00044496753863088045,0.00028772090419448837,66996.9765625,67095.10416666667,193.6293785945042,192.2111482137171,67031.17272798927,67043.8018408755,-12.629112886235816,51.17424651614994,0.48716227806523255,-0.8676111638255407,-0.12579689655295426,16,6
2026-04-05 17:00:00+00:00,67195.2421875,67365.5234375,67174.0703125,67334.2890625,0,2026-04-05 17:59:59.999000+00:00,0.0021662390195344994,1,-0.0012114152456451643,0.005442093306106122,-0.0008976454580154059,67057.21875,67095.0947265625,236.1710851169706,192.1988838949128,67077.80601022168,67065.31941284769,12.4865973739943,57.10270771214441,1.2445146979536186,-1.0,-0.5834061451946541,17,6
2026-04-05 19:00:00+00:00,67375.140625,67504.1640625,67271.3828125,67301.609375,0,2026-04-05 19:59:59.999000+00:00,-0.0009252446830323446,1,0.0004403170793483291,0.0021662390195344994,0.0016297212097895475,67227.48958333333,67098.88671875,168.59512421734084,196.75040910939182,67149.48518335399,67103.30372329192,46.18146006207098,63.83283575584562,1.0303544331503152,-1.0,-0.592798217304539,19,6
2026-04-05 21:00:00+00:00,67613.8203125,67618.5703125,67419.2890625,67540.8203125,356978688,2026-04-05 21:59:59.999000+00:00,-0.001080122612635015,1,0.004639446075653364,-0.0009252446830323446,0.005442093306106122,67390.54166666667,67120.935546875,158.0854834723462,232.37527959751696,67270.1406490286,67170.72935810349,99.41129092511255,71.79388772381905,1.8069252734295007,2.492196421773887,0.668902260150734,21,6
2026-04-05 22:00:00+00:00,67522.359375,68325.484375,67329.8671875,68325.484375,1236066304,2026-04-05 22:59:59.999000+00:00,0.01161762707159153,1,-0.001080122612635015,0.004639446075653364,-0.0012114152456451643,67579.99869791667,67160.37923177083,385.48310945018164,335.5103956298617,67432.50122225497,67256.26676676249,176.23445549247845,79.75695890401975,3.472635001493446,2.462577306575792,2.929637821428221,22,6
2026-04-05 23:00:00+00:00,68309.328125,69048.203125,68268.671875,68982.9140625,2669459456,2026-04-05 23:59:59.999000+00:00,0.009622027469161187,1,0.01161762707159153,-0.001080122612635015,0.0021662390195344994,67854.76953125,67230.86751302083,662.9917599035884,501.0562844127445,67671.02627460036,67384.16656644676,286.85970815359906,83.56039262261469,3.496706066729871,1.1596409896147448,3.86977396647361,23,6
2026-04-06 00:00:00+00:00,68978.9140625,69491.6484375,68978.9140625,69076.7109375,2418087936,2026-04-06 00:59:59.999000+00:00,0.0013597116949135568,0,0.009622027469161187,0.01161762707159153,0.0004403170793483291,68140.23177083333,67310.34635416667,769.556098610111,626.447968365461,67887.285453508,67509.54022356181,377.74522994618746,83.96760019113705,2.8196509088251305,-0.09416570063838425,2.703152347966418,0,0
2026-04-06 01:00:00+00:00,69063.71875,69076.625,68782.6484375,68801.5390625,1045952512,2026-04-06 01:59:59.999000+00:00,-0.003983569444251267,1,0.0013597116949135568,0.009622027469161187,-0.0009252446830323446,68390.22005208333,67381.59114583333,681.1986364027022,694.0763763617144,68027.93985489139,67605.24384126093,422.6960136304551,78.36682954259011,2.045809315842026,-0.5674464536925757,0.7701476575364559,1,0
2026-04-06 02:00:00+00:00,68780.3515625,69365.109375,68780.3515625,69227.78125,1052841984,2026-04-06 02:59:59.999000+00:00,0.006195242044117588,0,-0.003983569444251267,0.0013597116949135568,0.004639446075653364,68659.20833333333,67467.96647135417,630.046104205619,787.3450510482895,68212.53083875425,67725.43179746383,487.09904129042116,85.71473936584049,2.23512521772096,0.006586792345693038,0.7256298007211417,2,0
2026-04-06 03:00:00+00:00,69207.9609375,69217.3671875,69044.9921875,69061.84375,780525568,2026-04-06 03:59:59.999000+00:00,-0.002396978452924192,1,0.006195242044117588,-0.003983569444251267,-0.001080122612635015,68912.71223958333,67549.12890625,319.53985598992807,847.3744332985435,68343.19436356128,67824.42527542947,518.7690881318122,81.20862423272844,1.7851787643173398,-0.25864889521730927,0.32432625119192326,3,0
2026-04-06 04:00:00+00:00,69082.078125,69173.921875,68963.0859375,69115.71875,800897024,2026-04-06 04:59:59.999000+00:00,0.0007800979104326533,1,-0.002396978452924192,0.006195242044117588,0.01161762707159153,69044.41796875,67633.67936197917,143.40521719024838,898.8788583903493,68462.04426916724,67920.07664391618,541.9676252510544,81.33717142439271,1.6487643181137481,0.02609966519379925,0.30988958778421666,4,0
2026-04-06 05:00:00+00:00,69118.1171875,69200.28125,69089.46875,69170.5234375,309288960,2026-04-06 05:59:59.999000+00:00,0.0007929410051892294,0,0.0007800979104326533,-0.002396978452924192,0.009622027469161187,69075.68619791667,67728.08138020833,147.70167732308815,937.1665384164426,68571.04106429535,68012.70233232979,558.3387319655594,79.54235744215704,1.5391523258278168,-0.6138218138765366,-0.3800566394285314,5,0
2026-04-06 06:00:00+00:00,69174.6171875,69316.03125,68824.1796875,68969.6484375,268292096,2026-04-06 06:59:59.999000+00:00,-0.0029040549357921552,1,0.0007929410051892294,0.0007800979104326533,0.0013597116949135568,69057.84244791667,67817.4287109375,153.89053738215875,949.493507801329,68632.3652755576,68083.58722900906,548.7780465485412,76.69549087025361,1.2135098524587167,-0.13255197987021583,-0.4132105671225094,6,0
2026-04-06 07:00:00+00:00,68954.0078125,69171.8984375,68819.328125,69075.671875,28657664,2026-04-06 07:59:59.999000+00:00,0.0015372477590063216,1,-0.0029040549357921552,0.0007929410051892294,-0.003983569444251267,69103.53125,67912.43587239583,90.01461076747528,956.8421137170618,68700.56629085644,68157.07498056395,543.4913102924911,76.41604467441105,1.2157031822996667,-0.8931848368727195,-0.7325544245134702,7,0
2026-04-06 08:00:00+00:00,69089.3203125,69281.40625,69083.1171875,69230.8046875,1076805632,2026-04-06 08:59:59.999000+00:00,0.0022458386330390656,1,0.0015372477590063216,-0.0029040549357921552,0.006195242044117588,69104.03515625,68009.2392578125,90.85383054347723,968.2104277200323,68782.14142880161,68236.61051441106,545.530914390547,77.2809783564215,1.2616734903011475,36.57478739369685,0.6382753470339851,8,0
2026-04-06 09:00:00+00:00,69210.859375,70132.9921875,69200.8828125,69734.3828125,2754883584,2026-04-06 09:59:59.999000+00:00,0.007273902524650655,0,0.0022458386330390656,0.0015372477590063216,-0.002396978452924192,69216.125,68122.59993489583,268.86626682025957,1005.1515625947505,68928.64010321675,68347.55661056579,581.083492650956,81.48972876330548,1.603522232451623,1.5583851923983993,2.413233590183912,9,0
2026-04-06 10:00:00+00:00,69714.0390625,69907.7109375,69714.0390625,69730.765625,890058752,2026-04-06 10:59:59.999000+00:00,-5.187093301917134e-05,0,0.007273902524650655,0.0022458386330390656,0.0007800979104326533,69318.6328125,68235.00651041667,332.61743649108473,1028.5769494886606,69052.04402964494,68450.01653756092,602.0274920840166,79.78062800180246,1.4542024447727702,-0.6769160202741983,0.16309840696041078,10,0
2026-04-06 11:00:00+00:00,69755.96875,69755.96875,69577.65625,69595.9453125,369598464,2026-04-06 11:59:59.999000+00:00,-0.0019334408749366316,0,-5.187093301917134e-05,0.007273902524650655,0.0007929410051892294,69389.53645833333,68344.302734375,339.992255508317,1027.9931136972777,69135.72115008418,68534.90015051937,600.8209995648067,78.41735012228742,1.2175593021468258,-0.5847482391814063,-0.4877110223403933,11,0
2026-04-06 12:00:00+00:00,69601.015625,69615.703125,69348.5234375,69356.1484375,69148672,2026-04-06 12:59:59.999000+00:00,-0.0034455581273199476,0,-0.0019334408749366316,-5.187093301917134e-05,-0.0029040549357921552,69453.953125,68452.16080729167,274.91287247321816,990.4808439597109,69169.63304045584,68595.73335696239,573.8996834934514,66.780038717785,0.9126755310020911,-0.8129086597069841,-0.8003586773852251,12,0
2026-04-06 13:00:00+00:00,69365.3125,69486.828125,69260.03125,69354.2890625,673017856,2026-04-06 13:59:59.999000+00:00,-2.6809086748458277e-05,1,-0.0034455581273199476,-0.0019334408749366316,0.0015372477590063216,69500.38932291667,68555.40755208333,215.3061706724298,947.2861796366328,69198.04165923187,68651.92266848369,546.1189907481748,57.687232363481115,0.8433370269617071,8.732910792560123,-0.09790906103454972,13,0
2026-04-06 14:00:00+00:00,69366.4375,69762.5703125,69206.546875,69660.390625,1707786240,2026-04-06 14:59:59.999000+00:00,0.00441359239115191,1,-2.6809086748458277e-05,-0.0034455581273199476,0.0022458386330390656,69571.98697916667,68670.16861979167,175.47132550981124,904.6701928940254,69269.17226935003,68726.62399859601,542.5482707540214,61.105710199992274,1.0945668520818888,1.5375050970415858,1.0620681061567236,14,0
2026-04-06 15:00:00+00:00,69645.2578125,69941.1171875,69578.390625,69930.125,0,2026-04-06 15:59:59.999000+00:00,0.0038721341149527966,0,0.00441359239115191,-2.6809086748458277e-05,0.007273902524650655,69604.61067708333,68780.99739583333,223.36317139077505,888.4948043660169,69370.85730483464,68815.77222092224,555.0850839124032,71.51820107427898,1.2933419514891014,-1.0,-0.9272347138427132,15,0
2026-04-06 17:00:00+00:00,69800.9921875,69800.9921875,69283.7578125,69563.90625,1401937920,2026-04-06 17:59:59.999000+00:00,-0.003879577919284727,1,-0.0013626325206769208,0.0038721341149527966,-0.0019334408749366316,69616.61588541667,68984.15201822917,239.69194521170627,787.4418261764524,69460.95672786978,68941.08418717612,519.8725406936574,60.47518451868659,0.7362502377933318,0.008114516295303575,0.6069545609901582,17,0
2026-04-06 18:00:00+00:00,69563.015625,69912.4375,69494.59375,69884.3203125,826048512,2026-04-06 18:59:59.999000+00:00,0.0046060389614765995,0,-0.003879577919284727,-0.0013626325206769208,-0.0034455581273199476,69704.64453125,69089.16796875,221.17380357050536,727.7724786986438,69526.08958704367,69010.9535297927,515.1360572509584,64.43124910153992,1.0925836947995624,-0.4107809623981068,-0.12279393040616295,18,0
2026-04-06 19:00:00+00:00,69887.515625,69887.515625,69603.796875,69704.140625,532942848,2026-04-06 19:59:59.999000+00:00,-0.0025782562768629225,1,0.0046060389614765995,-0.003879577919284727,-2.6809086748458277e-05,69762.953125,69189.2734375,142.43679562327674,629.8492946782678,69553.48205442156,69062.30072203028,491.1813323912793,59.56868557531471,0.8174450489191996,-0.3548286326312031,-0.5216575740579016,19,0
2026-04-06 20:00:00+00:00,69733.0,69973.8203125,69619.25,69839.546875,0,2026-04-06 20:59:59.999000+00:00,0.0019425854588535074,0,-0.0025782562768629225,0.0046060389614765995,0.00441359239115191,69792.8125,69282.0107421875,135.2325746391237,546.0860561704244,69597.49202681825,69119.87451113915,477.6175156790996,65.97385009568788,1.020967531605499,-1.0,-1.1780823822348903,20,0
2026-04-06 22:00:00+00:00,69471.375,69558.8984375,68900.90625,68918.875,0,2026-04-06 22:59:59.999000+00:00,-0.008675311412214892,0,-0.0045468060605884375,0.0019425854588535074,-0.0013626325206769208,69572.13151041667,69389.28450520833,350.9199690366766,350.49166206554946,69483.26204286987,69132.56628184083,350.695761029041,45.38892751306742,-1.3421417857305598,-1.0,-1.0945853138283095,22,0
2026-04-07 00:00:00+00:00,68860.4609375,69035.9765625,68749.859375,68834.3125,0,2026-04-07 00:59:59.999000+00:00,-0.00036396641706371025,0,-0.0008633338834971305,-0.008675311412214892,0.0046060389614765995,69279.70833333333,69374.037109375,459.89682942778245,369.8296060942096,69302.20758690682,69091.73600980866,210.47157709815656,34.85601161409528,-1.459387243425589,-1.0,-1.0140324406682686,0,1
2026-04-07 04:00:00+00:00,68761.765625,68964.1953125,68544.8125,68876.296875,0,2026-04-07 04:59:59.999000+00:00,0.0017482541320201772,0,0.0012730969248850865,0.003817883638489894,-0.008675311412214892,68733.70833333333,69311.60709635417,177.419010371179,447.2260386737077,69012.41668813776,68985.6547567491,26.761931388653466,37.64349277796108,-0.9733561637983474,-1.0,-0.7648351027532156,4,1
2026-04-07 11:00:00+00:00,68225.6640625,68424.375,68075.421875,68356.046875,499269632,2026-04-07 11:59:59.999000+00:00,0.0017908312326186948,1,-0.013167880819956013,0.002886912835561084,-0.0036669001014726366,68645.34635416667,69102.77669270833,346.2556900576891,537.924782880487,68736.2668470609,68837.57975064404,-101.31290358313709,33.42440680074458,-1.388167716887349,2.7414285275791155,0.3331911442662009,11,1
2026-04-07 12:00:00+00:00,68342.5,68456.1875,68092.734375,68412.96875,0,2026-04-07 12:59:59.999000+00:00,0.0008327262561582671,0,0.0017908312326186948,-0.013167880819956013,-0.0009321665540734658,68620.88020833333,69063.4775390625,358.4825659494564,552.8551288405358,68686.52867828231,68806.12708392966,-119.5984056473535,41.48556822484959,-1.176635171001789,-1.0,-0.623251787167184,12,1
2026-04-07 14:00:00+00:00,68232.203125,68232.203125,67798.203125,67916.6953125,0,2026-04-07 14:59:59.999000+00:00,-0.0049453204711886745,1,-0.0023202380762054053,0.0008327262561582671,0.004553445442661452,68386.35546875,68944.98795572917,409.25673013531724,597.8975809113446,68511.81777779384,68702.3905254884,-190.57274769456126,36.4361585417961,-1.7198474723075445,-1.0,-0.5914027834217203,14,1
2026-04-07 16:00:00+00:00,68151.7109375,68366.703125,68102.5546875,68216.5859375,0,2026-04-07 16:59:59.999000+00:00,0.0010946810858529776,1,0.0033172532020788736,-0.0049453204711886745,-0.013167880819956013,68216.42057291667,68803.05533854167,176.02921201322795,557.6209304033333,68418.25451842045,68627.96890045302,-209.71438203257276,42.45137557233984,-1.0517349135683838,-1.0,-0.5707174774043232,16,1
2026-04-07 19:00:00+00:00,68428.25,69064.8359375,68372.921875,68958.59375,1083127808,2026-04-07 19:59:59.999000+00:00,0.007779472500226259,1,-0.0040885687905650725,0.007191822278375115,-0.0023202380762054053,68394.5546875,68675.54231770833,384.8884755973245,436.2279195354319,68534.25354102987,68643.65682430034,-109.40328327046882,54.362260371843455,0.6488613397168888,10.601355649636957,1.8866665227858828,19,1
2026-04-07 20:00:00+00:00,69001.296875,69502.0703125,69001.296875,69281.7109375,1242095616,2026-04-07 20:59:59.999000+00:00,0.0046856696160513245,1,0.007779472500226259,-0.0040885687905650725,-0.0049453204711886745,68622.05729166667,68652.29915364583,444.71287668815967,383.1419457136183,68649.24698664066,68690.92009194476,-41.67310530410032,58.81003636169495,1.6427639701047743,0.14676735914807204,1.9413124711937373,20,1
2026-04-07 21:00:00+00:00,69301.40625,70160.59375,69301.40625,69908.7421875,1996890112,2026-04-07 21:59:59.999000+00:00,0.009050458505068582,1,0.0046856696160513245,0.007779472500226259,0.0033172532020788736,68916.515625,68668.41341145833,615.4200142946079,426.9398560053572,68843.01547908055,68781.12913605996,61.88634302059654,63.71616162803783,2.9051604309017893,0.6076782546183626,2.716813866913509,21,1
2026-04-07 22:00:00+00:00,69911.75,71430.3515625,69911.75,71430.3515625,3171405824,2026-04-07 22:59:59.999000+00:00,0.021765652297375704,1,0.009050458505068582,0.0046856696160513245,0.0010946810858529776,69452.14322916667,68773.05826822917,1095.6091402615125,706.9574728164497,69241.067184222,68977.36783431478,263.69934990722686,71.20209670044298,3.7587738958107777,0.5881724311928487,3.230694669776571,22,1
2026-04-07 23:00:00+00:00,71482.6015625,72484.7734375,71232.0703125,71950.1484375,3808813056,2026-04-07 23:59:59.999000+00:00,0.007276974894141253,0,0.021765652297375704,0.009050458505068582,0.007191822278375115,69992.63671875,68901.84049479167,1409.5438020773624,959.7001038129059,69657.84891549555,69197.57380492109,460.2751105744537,72.69650196919063,3.1763130279942096,0.20098570393493742,2.967583724839597,23,1
2026-04-08 00:00:00+00:00,71926.15625,72057.078125,71556.203125,71673.5703125,1310101504,2026-04-08 00:59:59.999000+00:00,-0.003844024383636291,0,0.007276974894141253,0.021765652297375704,-0.0040885687905650725,70533.85286458333,69020.14290364583,1307.5643745956622,1113.6620704891363,69967.95989965007,69380.98095363064,586.9789460194297,81.00381946009284,2.382614510422132,-0.6560341805339579,0.5864547450303329,0,2
2026-04-08 01:00:00+00:00,71688.7890625,71729.0,71454.5234375,71457.9453125,169504768,2026-04-08 01:59:59.999000+00:00,-0.003008431128236899,0,-0.003844024383636291,0.007276974894141253,0.007779472500226259,70950.41145833333,69147.24479166667,1084.435537098987,1210.559081498508,70197.18842470391,69534.83016539874,662.3582593051688,77.49578605193578,1.9087878949063721,-0.8706170724310534,-0.48561248824047226,1,2
2026-04-08 02:00:00+00:00,71462.34375,71700.5625,71276.15625,71323.6015625,903651328,2026-04-08 02:59:59.999000+00:00,-0.00188003936318748,0,-0.003008431128236899,-0.003844024383636291,0.0046856696160513245,71290.7265625,69257.86686197917,712.716686417641,1284.002380537301,70370.48275359561,69667.33175036921,703.151003226405,75.45104157985126,1.6088246656181475,4.331126307904212,0.16786454790344138,2,2
2026-04-08 03:00:00+00:00,71322.296875,71466.1875,71273.4453125,71289.5078125,332660736,2026-04-08 03:59:59.999000+00:00,-0.0004780149803585987,1,-0.00188003936318748,-0.003008431128236899,0.009050458505068582,71520.85416666667,69363.42578125,249.87747513584068,1343.7066328631577,70511.8712241963,69787.49294015668,724.3782840396161,77.13233784427408,1.433409632834752,-0.6318704729441841,-0.3797810958253698,3,2
2026-04-08 04:00:00+00:00,71286.9296875,71631.9765625,71286.9296875,71588.4609375,481091584,2026-04-08 04:59:59.999000+00:00,0.004193508051511419,1,-0.0004780149803585987,-0.00188003936318748,0.021765652297375704,71547.20572916667,69476.4326171875,246.74168189656976,1413.2076779841589,70677.5004108584,69920.89797699693,756.6024338614661,83.04993924255722,1.4944925315755144,0.44619286840031513,-0.2605871747082235,4,2
2026-04-08 05:00:00+00:00,71566.6953125,71793.8671875,71550.8359375,71718.125,623226880,2026-04-08 05:59:59.999000+00:00,0.001811242493580112,1,0.004193508051511419,-0.0004780149803585987,0.007276974894141253,71508.53515625,69605.36555989583,180.15847446661923,1471.9656807696933,70837.59650149557,70054.02590462679,783.5705968687835,82.7530148844491,1.4353319970064833,0.2954433224922097,-0.15115836179042166,5,2
2026-04-08 06:00:00+00:00,71714.875,71911.2734375,71601.90625,71720.1875,66224128,2026-04-08 06:59:59.999000+00:00,2.8758420552721375e-05,0,0.001811242493580112,0.004193508051511419,-0.003844024383636291,71516.3046875,69737.0498046875,189.46413789001758,1515.0939567654625,70973.37973203471,70177.44528206185,795.9344499728613,82.52078683217815,1.308920602882116,-0.8937399362492195,-0.6942607044299609,6,2
2026-04-08 07:00:00+00:00,71712.5703125,71882.296875,71601.6328125,71608.8203125,1684774912,2026-04-08 07:59:59.999000+00:00,-0.001552801120326075,1,2.8758420552721375e-05,0.001811242493580112,-0.003008431128236899,71541.45052083333,69861.05143229167,190.18030620788713,1542.327506464167,71071.13982133706,70283.4730620943,787.6667592427548,78.97300442931429,1.1332021719661487,24.440499752597724,0.805771180273593,7,2
2026-04-08 08:00:00+00:00,71628.890625,71814.53125,71628.890625,71759.0546875,329363456,2026-04-08 08:59:59.999000+00:00,0.002097987012554814,0,-0.001552801120326075,2.8758420552721375e-05,-0.00188003936318748,71614.02604166667,69978.29134114583,172.70374153737382,1576.2604396594324,71176.97287766982,70392.77540471694,784.1974729528738,84.16977716546785,1.1297392877149945,-0.8045059588351705,-0.5244893103514776,8,2
2026-04-08 09:00:00+00:00,71787.71875,71932.7578125,71592.203125,71679.1796875,0,2026-04-08 09:59:59.999000+00:00,-0.0011130999474260328,0,0.002097987012554814,-0.001552801120326075,-0.0004780149803585987,71678.97135416667,70083.90983072917,67.46623824494574,1602.6546398547275,71254.23546379754,70488.06461084902,766.1708529485186,80.74558948433474,0.9953921556770532,-1.0,-0.8463332894897089,9,2
2026-04-08 12:00:00+00:00,71671.8984375,72078.859375,71634.3203125,72078.859375,316997632,2026-04-08 12:59:59.999000+00:00,0.005762307408455181,0,0.002442496265934624,-0.002621380968911513,2.8758420552721375e-05,71713.84895833333,70510.2919921875,199.6721183610121,1531.9103943781856,71460.80058565749,70750.39633015246,710.4042555050255,61.88583390846895,1.0239289377295424,2.10686471296668,-0.5255641131064478,12,2
2026-04-08 13:00:00+00:00,72072.5859375,72739.1796875,71523.8359375,71523.8359375,2873823232,2026-04-08 13:59:59.999000+00:00,-0.007700225035643493,0,0.005762307408455181,0.002442496265934624,-0.001552801120326075,71699.68489583333,70646.525390625,211.28889317494838,1466.5440582762565,71470.4983320948,70807.68815291894,662.8101791758527,42.28616179721912,0.5982162908260468,8.065756150506513,1.7550787757341455,13,2
2026-04-08 14:00:00+00:00,71598.1171875,71704.453125,70754.125,70838.4921875,940003328,2026-04-08 14:59:59.999000+00:00,-0.009582032912760385,1,-0.007700225035643493,0.005762307408455181,0.002097987012554814,71546.2578125,70768.26692708333,404.9947829832862,1346.4358567648565,71373.26661754175,70809.96993325828,563.2966842834721,36.836985005812465,0.05215640987562897,-0.6729084386495766,-0.027916935787733774,14,2
2026-04-08 15:00:00+00:00,70868.1171875,71326.078125,70868.1171875,71301.046875,307560448,2026-04-08 15:59:59.999000+00:00,0.006529708259115363,1,-0.009582032912760385,-0.007700225035643493,-0.0011130999474260328,71483.23567708333,70899.89420572917,409.5688740418749,1227.7086570254053,71362.15588791994,70846.34600301692,515.8098849030212,47.70548704273692,0.3267490759923242,-0.6728091924372421,-0.5558978314606854,15,2
2026-04-08 16:00:00+00:00,71295.5390625,71637.2734375,71272.5546875,71619.1796875,137367552,2026-04-08 16:59:59.999000+00:00,0.004461825266853792,1,0.006529708259115363,-0.009582032912760385,-0.002621380968911513,71504.55208333333,71041.6689453125,413.381910729477,1093.4986346074593,71401.69801093226,70903.59294260826,498.1050683240028,54.102082592441604,0.5281311964278885,-0.5533640528446623,-0.7213651690518633,16,2
2026-04-08 17:00:00+00:00,71600.4765625,71937.984375,71509.0546875,71910.0546875,182030336,2026-04-08 17:59:59.999000+00:00,0.0040614120584623326,0,0.004461825266853792,0.006529708259115363,0.002442496265934624,71545.24479166667,71175.12174479167,443.3705803288787,986.4045747193443,71479.90673040423,70978.1456644521,501.7610659521306,58.03908312146778,0.7450623826612265,0.3251334347138981,-0.6908986702537118,17,2
2026-04-08 18:00:00+00:00,71885.625,71885.625,71107.8828125,71126.171875,246755328,2026-04-08 18:59:59.999000+00:00,-0.01090087910385451,1,0.0040614120584623326,0.004461825266853792,0.005762307408455181,71386.46354166667,71287.61751302083,380.1305121491676,794.5839376136083,71425.48598341896,70989.11056893712,436.37541448183765,44.67959611217508,-0.2031826096380727,0.3555725568731576,-0.6393280665691379,18,2
2026-04-08 19:00:00+00:00,71090.7734375,71353.8671875,71078.375,71301.3984375,0,2026-04-08 19:59:59.999000+00:00,0.0024636017640307095,1,-0.01090087910385451,0.0040614120584623326,-0.007700225035643493,71349.390625,71385.234375,374.86384761478155,620.9566449667152,71406.39559173911,71012.24300364548,394.15258809363877,45.25374292390293,-0.13501093543252735,-1.0,-0.8158960019049414,19,2
2026-04-09 04:00:00+00:00,70984.984375,70992.3046875,70766.5390625,70766.5390625,0,2026-04-09 04:59:59.999000+00:00,-0.003006132126507133,1,-0.001259441967284225,0.002231444438862251,-0.006019178745095943,70946.16015625,71374.71321614583,134.74102644802085,370.13328169201543,71090.48216312514,71024.69892170532,65.78324141982011,48.9788813595402,-1.6431220420537183,-1.0,-0.5053547053834183,4,3
2026-04-09 16:00:00+00:00,72122.2265625,72345.6875,71784.3515625,72019.4765625,1328070656,2026-04-09 16:59:59.999000+00:00,-0.0011643430189639536,1,0.01388232502496467,0.004285291263442792,-0.0029663533585675417,71413.0859375,71227.39908854167,525.1695345923782,362.3763069402724,71388.74229150447,71223.43277323926,165.30951826521778,63.87184792949492,2.18578714664389,-0.11006201701453744,2.973161282629962,16,3
2026-04-09 17:00:00+00:00,72262.65625,72519.0859375,72132.3828125,72345.8828125,872480768,2026-04-09 17:59:59.999000+00:00,0.004532194144964974,0,-0.0011643430189639536,0.01388232502496467,-0.001907292333068411,71611.23177083333,71245.55859375,624.1760291171018,406.32789666523513,71535.99467934994,71306.5772205919,229.41745875803463,68.65416540416433,2.707971142962241,-0.3430464229758571,1.6442758590331539,17,3
2026-04-09 18:00:00+00:00,72293.109375,72293.109375,71774.890625,71886.0859375,0,2026-04-09 18:59:59.999000+00:00,-0.0063555361704779045,1,0.004532194144964974,-0.0011643430189639536,0.0015838654331414848,71713.9609375,71277.2216796875,607.2177895699592,425.76351550987346,71589.85487291148,71349.50379221473,240.35108069675334,64.3248138699849,1.430052683314948,-1.0,-0.3859268465777459,18,3
2026-04-09 21:00:00+00:00,72414.75,72651.953125,72178.1171875,72256.9765625,485777408,2026-04-09 21:59:59.999000+00:00,-0.0018473969003490742,0,0.004164579626602105,0.002843365789559238,0.01388232502496467,72164.93619791667,71383.49283854167,198.31610438077783,539.418310881202,71851.88687339335,71535.19452399813,316.69234939521994,65.18171676843588,1.6193067723848529,-0.6107942425455668,0.5209704001023534,21,3
2026-04-09 22:00:00+00:00,72258.2578125,73004.65625,72041.1171875,72041.1171875,1449922560,2026-04-09 22:59:59.999000+00:00,-0.0029873845442908165,0,-0.0018473969003490742,0.004164579626602105,-0.0011643430189639536,72168.54296875,71423.193359375,195.31562933558877,551.6719729482153,71880.99922940976,71572.67027685011,308.3289525596483,59.48821252671771,1.1200928421698226,1.9847467916828276,2.1533100561602767,22,3
2026-04-09 23:00:00+00:00,71962.484375,72000.1171875,71637.8125,71774.3671875,609611776,2026-04-09 23:59:59.999000+00:00,-0.003702746576038418,1,-0.0029873845442908165,-0.0018473969003490742,0.004532194144964974,72073.29036458333,71450.66178385417,228.1349381630751,552.0780431287628,71864.59429988518,71587.6107887501,276.983511135084,53.20592836772697,0.5863399344978654,-0.5795556308883145,0.5367743706033611,23,3
2026-04-10 00:00:00+00:00,71783.515625,72004.9296875,71609.296875,71907.890625,271847424,2026-04-10 00:59:59.999000+00:00,0.001860322044375362,1,-0.003702746576038418,-0.0029873845442908165,-0.0063555361704779045,72076.92447916667,71495.375,224.70428819012773,543.4163688489473,71871.25527297978,71611.3352210649,259.9200519148726,57.46058707999363,0.7591151990393326,-0.5540646773857597,-0.11639383682278305,0,4
2026-04-10 01:00:00+00:00,71932.625,72377.25,71730.296875,72172.6484375,403632128,2026-04-10 01:59:59.999000+00:00,0.0036819020861105223,0,0.001860322044375362,-0.003702746576038418,0.002843365789559238,72090.61848958333,71547.93587239583,228.17280098705928,545.4575994790329,71917.62345213673,71652.91397783787,264.70947429885564,61.949240407665044,1.1452999567717732,0.48477451822386963,0.10101841137947952,1,4
2026-04-10 02:00:00+00:00,72166.3984375,72281.828125,71928.1953125,71953.8515625,0,2026-04-10 02:59:59.999000+00:00,-0.003031576085079868,0,0.0036819020861105223,0.001860322044375362,0.004164579626602105,72017.80859375,71584.787109375,177.2885585767064,541.5858922139971,71923.19700757723,71675.20565077581,247.99135680141626,57.85302283537438,0.6814513790532257,-1.0,-0.6659006471819141,2,4
2026-04-10 05:00:00+00:00,72101.890625,72255.078125,72027.4140625,72110.9609375,370974720,2026-04-10 05:59:59.999000+00:00,0.0004961180954008437,0,0.0028979337682226713,-0.0012079139700326147,-0.003702746576038418,72014.58203125,71723.69661458333,122.32657354385272,487.68405545490583,71965.67454834332,71747.09472306036,218.57982528295543,50.12811993301613,0.7940885468470689,0.008967860524703442,0.0002366213841006816,5,4
2026-04-10 06:00:00+00:00,72124.4765625,72148.390625,71804.453125,71818.6171875,0,2026-04-10 06:59:59.999000+00:00,-0.004054082017481142,0,0.0004961180954008437,0.0028979337682226713,0.001860322044375362,71999.703125,71757.41569010417,141.7813991227905,463.5246239294426,71943.05033898281,71752.39268338922,190.65765559358988,46.809255269506856,0.13203505107669217,-1.0,-0.7126381813767719,6,4
2026-04-10 09:00:00+00:00,71607.3828125,71853.765625,71597.328125,71796.2734375,0,2026-04-10 09:59:59.999000+00:00,0.002715209691438236,1,0.0017815569992760683,-0.004791149753018198,-0.0012079139700326147,71812.90625,71805.662109375,251.78928645970336,418.92792424083086,71824.4455512909,71727.67194040322,96.77361088768521,44.788619348767696,-0.022411186583023514,-1.0,-0.7402077517965882,9,4
2026-04-10 12:00:00+00:00,72123.65625,72420.3515625,72051.0234375,72259.9296875,67821568,2026-04-10 12:59:59.999000+00:00,0.001926884337001944,1,0.00269489344249485,0.0018225397535975851,-0.004054082017481142,71863.4453125,71913.50846354167,300.58900435083825,367.5456178295093,71941.35290908885,71806.73957571511,134.613333373738,54.149505460967276,0.942525790415002,-0.8848419515248461,-0.6709326113573905,12,4
2026-04-10 13:00:00+00:00,72259.9375,72353.125,71946.921875,72353.125,655417344,2026-04-10 13:59:59.999000+00:00,0.001289723265757825,1,0.001926884337001944,0.00269489344249485,-0.004791149753018198,72009.87890625,71977.69205729167,286.9278428136527,294.1251481641098,72004.70246153671,71847.21257010658,157.48989143013023,61.748781207278824,1.2764394512054855,8.663848290856384,0.43657110653122255,13,4
2026-04-10 14:00:00+00:00,72328.6796875,73117.5390625,72328.6796875,72902.0234375,2228338688,2026-04-10 14:59:59.999000+00:00,0.007586381894354899,0,0.001289723265757825,0.001926884337001944,0.0017815569992760683,72226.57291666667,72052.1025390625,389.7029886371242,292.59010242137083,72142.75184245413,71925.34670843201,217.40513402211946,67.26866591213201,2.904817666092801,2.399877510717812,2.774961529868684,14,4
2026-04-10 15:00:00+00:00,72958.8125,73289.9140625,72403.5390625,72403.5390625,0,2026-04-10 15:59:59.999000+00:00,-0.006837730305625289,1,0.007586381894354899,0.001289723265757825,0.002715209691438236,72327.78385416667,72064.60709635417,329.86043974558584,301.16633305183467,72182.87295323043,71960.7683642889,222.10458894152544,53.70949602867787,1.1253979245000598,-1.0,-0.7969308854558522,15,4
2026-04-10 20:00:00+00:00,73218.1953125,73421.8125,73081.796875,73377.0703125,496521216,2026-04-10 20:59:59.999000+00:00,0.00194751253172476,0,0.0016467210152630862,0.00017719468116705883,0.007586381894354899,73044.16015625,72278.30631510417,336.3470955295105,550.8093388899063,72758.82203153093,72351.80762344017,407.014408090763,74.02344032255733,1.9948172985052552,8.276880691819086,0.2854504783714835,20,4
2026-04-10 21:00:00+00:00,73371.953125,73371.953125,72993.9296875,73203.6953125,0,2026-04-10 21:59:59.999000+00:00,-0.002362795342763402,0,0.00194751253172476,0.0016467210152630862,-0.006837730305625289,73177.51953125,72317.7529296875,121.6508004705164,582.2197526295631,72827.26407475694,72414.91041522237,412.35365953456494,78.13591640607123,1.5216632187609413,-1.0,-0.612624884494228,21,4
2026-04-11 00:00:00+00:00,72974.1953125,72974.1953125,72829.4453125,72841.375,0,2026-04-11 00:59:59.999000+00:00,-0.0018464943157778801,1,0.0007741823783404822,-0.0038799057381943003,0.00017719468116705883,73092.06380208333,72443.32779947917,209.7467317746454,587.8567165959284,72858.99206975488,72517.04814213277,341.9439276221092,64.76732975625022,0.677116020423786,-1.0,-0.4795852599901865,0,5
2026-04-11 03:00:00+00:00,72981.1484375,73098.7265625,72867.390625,72867.390625,0,2026-04-11 03:59:59.999000+00:00,-0.001600517577754923,0,0.0003870056896475571,0.0015731958656739486,-0.002362795342763402,72924.12239583333,72560.5830078125,59.01455347319078,578.918113550309,72887.26582036584,72602.91459169459,284.3512286712503,58.77839181504913,0.5299672095349593,-1.0,-0.4466101212616379,3,5
2026-04-11 19:00:00+00:00,73555.78125,73724.78125,73514.65625,73683.421875,0,2026-04-11 19:59:59.999000+00:00,0.001887992028643426,0,0.006120060796608318,-7.51297457579625e-05,-0.0036440507111386022,73175.70833333333,72974.6875,368.0654363316652,253.80323075136215,73111.99433173645,72906.3914115012,205.60292023525108,76.63274495677234,2.79245608064899,-1.0,-0.2894920845911191,19,5
2026-04-12 00:00:00+00:00,73057.15625,73124.0859375,72932.578125,73068.3828125,0,2026-04-12 00:59:59.999000+00:00,0.0001688558035599641,0,-0.004524003448704961,-0.0012071207899096992,0.006120060796608318,73333.99348958333,73016.46256510417,242.16226498750146,277.41365617493904,73179.70246344831,73015.91755065958,163.78491278873116,54.443077279652606,0.18715822469491986,-1.0,-0.22928972909417064,0,6
2026-04-12 02:00:00+00:00,71662.8671875,71961.015625,71464.046875,71810.359375,920907776,2026-04-12 02:59:59.999000+00:00,0.002011495568539745,0,-0.019189964708786866,0.0001688558035599641,-0.004778784406855419,72744.29947916667,72913.81217447917,798.4556151119846,456.3721100670189,72772.01071347483,72834.04393918002,-62.03322570519231,34.50653704815308,-2.4178795661223202,-0.5470135323136498,1.7610407364361893,2,6
2026-04-12 03:00:00+00:00,71790.203125,71860.9296875,71626.78125,71660.0546875,144060416,2026-04-12 03:59:59.999000+00:00,-0.0020930780573746866,0,0.002011495568539745,-0.019189964708786866,0.0019834000379483907,72441.51692708333,72863.50651041667,809.5302596234451,523.3401755654276,72600.94055563255,72747.0817723889,-146.14121675635397,35.60848216694545,-2.299559405345552,-0.8435669458393193,0.012544676916430514,3,6
2026-04-12 04:00:00+00:00,71621.7890625,71678.65625,71481.25,71490.046875,257187840,2026-04-12 04:59:59.999000+00:00,-0.0023724209148511255,1,-0.0020930780573746866,0.002011495568539745,-0.0012071207899096992,72125.18229166667,72807.88802083333,732.8918235267365,593.8090673816573,72430.03383553523,72653.96807628602,-223.93424075079383,33.24428483839888,-2.2193011495163244,0.7852776435131217,0.24194457392752905,4,6
2026-04-12 05:00:00+00:00,71487.3984375,71785.1328125,71487.3984375,71740.96875,396326912,2026-04-12 05:59:59.999000+00:00,0.0035098854451547368,0,-0.0023724209148511255,-0.0020930780573746866,-0.004524003448704961,71906.00260416667,72765.458984375,579.4005325475389,632.5503600323353,72324.02382237597,72586.33849656113,-262.31467418516695,35.24062505057698,-1.619618451126372,0.541001751871317,0.5148013867682214,5,6
2026-04-12 06:00:00+00:00,71735.875,71762.03125,71663.28125,71675.6640625,18329600,2026-04-12 06:59:59.999000+00:00,-0.0009102844391127851,1,0.0035098854451547368,-0.0023724209148511255,0.0001688558035599641,71673.8828125,72718.56640625,106.93492837580344,670.3785041248221,72224.27616701044,72518.88113107512,-294.60496406468155,30.742647012311735,-1.5556918029636213,-0.9537513112407567,-0.33081294412159135,6,6
2026-04-12 07:00:00+00:00,71673.453125,71765.0234375,71612.8359375,71747.28125,0,2026-04-12 07:59:59.999000+00:00,0.0009991841503909082,0,-0.0009102844391127851,0.0035098854451547368,-0.019189964708786866,71687.39583333333,72677.2744140625,110.82250418464902,699.0196233160594,72150.89233362422,72461.72558432881,-310.8332507045998,32.10261700712826,-1.3304249738379756,-1.0,-0.37175077651594673,7,6
2026-04-12 09:00:00+00:00,71650.3359375,71654.359375,71543.8046875,71561.8203125,94949376,2026-04-12 09:59:59.999000+00:00,-0.0010862744678934444,0,-0.001500274618419728,0.0009991841503909082,-0.0020930780573746866,71642.5703125,72576.1240234375,101.52277949478722,759.1931815271299,71993.71239197355,72338.6815066262,-344.9691146526602,18.527412262911113,-1.3360284781499367,-0.8629113811762619,-0.2280674844580221,9,6
2026-04-12 10:00:00+00:00,71563.4296875,71676.1875,71405.109375,71458.2734375,101920768,2026-04-12 10:59:59.999000+00:00,-0.001446956974373026,1,-0.0010862744678934444,-0.001500274618419728,-0.0023724209148511255,71637.27473958333,72517.52278645833,111.41638512767288,789.6202200339412,71911.33716820838,72273.46609409834,-362.1289258899633,20.002552463126918,-1.34146684961132,0.07342219921487425,-0.2228214830640575,10,6
2026-04-12 11:00:00+00:00,71465.1640625,71545.5546875,71448.3203125,71494.46875,383551488,2026-04-12 11:59:59.999000+00:00,0.0005065237481796103,0,-0.001446956974373026,-0.0010862744678934444,0.0035098854451547368,71596.19140625,72457.88802083333,110.97938148368381,811.2035920838164,71847.2035654071,72215.76258712809,-368.5590217209974,17.10162591084719,-1.1876417711101366,2.763231925410923,0.3604113251026814,11,6
2026-04-12 12:00:00+00:00,71493.9921875,71515.1484375,71129.40625,71158.734375,516511744,2026-04-12 12:59:59.999000+00:00,-0.004695948943602701,0,0.0005065237481796103,-0.001446956974373026,-0.0009102844391127851,71510.03645833333,72382.50944010417,201.04666939195715,845.1030830520789,71741.28522842139,72137.46420104452,-396.17897262313636,15.80559423464534,-1.4480778613237615,0.3466555603611685,0.6033950475740687,12,6
2026-04-12 13:00:00+00:00,71004.1640625,71102.6796875,70895.84375,70895.84375,687714304,2026-04-12 13:59:59.999000+00:00,-0.003694425249535671,0,-0.004695948943602701,0.0005065237481796103,0.0009991841503909082,71368.13020833333,72307.25618489583,283.6272573045427,894.3984958360069,71611.21730866426,72045.49231578197,-434.27500711771427,16.147980920852874,-1.578057701870978,0.33145918169093935,0.9041942636336232,13,6
2026-04-12 14:00:00+00:00,70906.40625,71084.5546875,70739.6015625,70807.34375,594534400,2026-04-12 14:59:59.999000+00:00,-0.001248310131015229,1,-0.003694425249535671,-0.004695948943602701,-0.001500274618419728,71229.4140625,72226.50162760417,324.8176830878805,939.4732331752485,71487.54445348514,71953.77760720553,-466.2331537203863,15.393886926555595,-1.5105889422817043,-0.13549217088845078,0.6478843050145179,14,6
2026-04-12 15:00:00+00:00,70768.640625,70944.4453125,70721.7890625,70906.8203125,588967936,2026-04-12 15:59:59.999000+00:00,0.001404890470841913,0,-0.001248310131015229,-0.003694425249535671,-0.0010862744678934444,71120.24739583333,72144.24869791667,299.867064569029,965.7389540955479,71398.20227794896,71876.22521500512,-478.0229370561574,30.668597135322415,-1.281328023653733,-0.009362728212194305,0.5837381405400202,15,6
2026-04-12 16:00:00+00:00,70886.1015625,70959.578125,70856.4140625,70902.7578125,0,2026-04-12 16:59:59.999000+00:00,-5.729350127525734e-05,1,0.001404890470841913,-0.001248310131015229,-0.001446956974373026,71027.66145833333,72052.58430989583,257.3746145770359,975.1699477427079,71321.98005249527,71804.11651852325,-482.1364660279796,25.12089088767533,-1.17910370398248,-1.0,-0.6896650386162984,16,6
2026-04-12 18:00:00+00:00,71125.421875,71221.2109375,71091.5625,71161.0703125,0,2026-04-12 18:59:59.999000+00:00,0.0002521325571545052,0,0.0033902066353421745,-5.729350127525734e-05,-0.004695948943602701,70969.49479166667,71871.85188802083,146.25367923112222,918.2376558800812,71273.94281865047,71711.14850696438,-437.20568831391574,40.66480741689907,-0.7740714737292959,-1.0,-0.6755625797681615,18,6
2026-04-12 21:00:00+00:00,71349.5390625,71452.2265625,71228.7109375,71284.375,0,2026-04-12 21:59:59.999000+00:00,-0.00105134627172776,0,0.003440523318119837,-0.0006512514468441921,0.001404890470841913,71160.91015625,71591.31119791667,157.31038233652006,681.9825730988657,71269.13446648784,71617.53341792758,-348.3989514397399,36.699768348088426,-0.45006457646268266,-1.0,-0.6927205928691194,21,6
2026-04-12 23:00:00+00:00,70917.5625,70917.5625,70581.140625,70757.6171875,224360448,2026-04-12 23:59:59.999000+00:00,-0.0020334024981077947,1,-0.005367037832624599,-0.00105134627172776,0.0033902066353421745,71096.49609375,71391.94889322917,228.76540236791126,490.7920002479292,71142.61938872798,71504.74508567179,-362.1256969438109,30.68227028082002,-1.292465454629928,-0.8396058042989059,-0.3253634356052265,23,6
2026-04-13 00:00:00+00:00,70741.296875,71229.5703125,70629.453125,71159.4609375,292968448,2026-04-13 00:59:59.999000+00:00,0.005679158880310453,1,-0.0020334024981077947,-0.005367037832624599,0.0002521325571545052,71096.22786458333,71312.41048177083,228.67547168104238,338.27911443269664,71145.21039623137,71479.16848210352,-333.9580858721456,43.721931874885094,-0.45214007529648725,0.30579364862027725,-0.21529976615456592,0,0
2026-04-13 01:00:00+00:00,71174.0625,71224.4453125,71064.9140625,71221.5,0,2026-04-13 01:59:59.999000+00:00,0.000871831541198631,0,0.005679158880310453,-0.0020334024981077947,-0.0006512514468441921,71114.0234375,71293.88118489583,234.4837599226772,330.13889751989115,71156.94725834962,71460.08192787363,-303.1346695240063,44.326522128836984,-0.21924464351089515,-1.0,-0.8820398388345425,1,0
2026-04-13 05:00:00+00:00,70904.03125,70916.1796875,70713.4921875,70857.4375,975269888,2026-04-13 05:59:59.999000+00:00,-0.0010630653730134831,1,-0.0008007325007594046,-0.0012837478402700775,-0.0020334024981077947,71040.31119791667,71175.52604166667,138.73091898258386,294.155183565979,71056.18748457676,71327.11212042002,-270.9246358432574,48.75491945682106,-1.0813630336564315,1.1667394667394668,1.8131952446314419,5,0
2026-04-13 06:00:00+00:00,70870.625,71077.578125,70870.625,71064.859375,1428049920,2026-04-13 06:59:59.999000+00:00,0.0029273126762452417,0,-0.0010630653730134831,-0.0008007325007594046,0.005679158880310453,71024.54427083333,71150.07584635417,127.39365449361797,274.78776229509555,71057.52162156496,71307.68599112965,-250.1643695646926,53.70691287709607,-0.3101174180481052,0.4642612650827582,2.47581788845466,6,0
2026-04-13 07:00:00+00:00,71043.46875,71043.46875,70699.671875,70831.3125,1218619392,2026-04-13 07:59:59.999000+00:00,-0.003286390447458709,0,0.0029273126762452417,-0.0010630653730134831,0.000871831541198631,70959.51302083333,71111.91048177083,104.22887620487141,250.7977467315157,71022.72021824727,71272.39906586078,-249.6788476135116,42.84700442660262,-1.1188217814062522,-0.14665490685367633,1.7632835914358738,7,0
2026-04-13 08:00:00+00:00,70810.34375,70846.5078125,70588.5234375,70667.7890625,1922785280,2026-04-13 08:59:59.999000+00:00,-0.0023086320403846727,1,-0.003286390447458709,0.0029273126762452417,-0.0019735964561262698,70890.65494791667,71071.41666666667,138.7289815897594,240.11586678744305,70968.11542505538,71227.61313968591,-259.49771463053185,39.39287034237141,-1.6809701481492407,0.5778390633061581,2.654282978628434,8,0
2026-04-13 09:00:00+00:00,70667.7890625,70881.15625,70667.7890625,70789.25,0,2026-04-13 09:59:59.999000+00:00,0.0017187595524259525,0,-0.0023086320403846727,-0.003286390447458709,-0.0012837478402700775,70857.24869791667,71039.22623697917,134.17026758573303,222.66492663417375,70940.59766735455,71195.14179600547,-254.5441286509158,43.220231411414346,-1.1226565438833964,-1.0,-0.830285205253066,9,0
2026-04-13 12:00:00+00:00,70883.4453125,71195.453125,70788.5,71102.421875,43233280,2026-04-13 12:59:59.999000+00:00,0.0021876961116447102,1,0.0028506656062345925,-0.0006174798786539037,0.0029273126762452417,70847.25390625,70984.38020833333,155.7396683761603,182.93767988503603,70944.86885309462,71142.71606208837,-197.84720899374224,54.780012582409206,0.6452561699746752,-0.8317324937228489,-0.6863000338329712,12,0
2026-04-13 13:00:00+00:00,71127.4453125,71608.9296875,70859.5234375,71608.9296875,1137176576,2026-04-13 13:59:59.999000+00:00,0.007123636567407665,1,0.0021876961116447102,0.0028506656062345925,-0.003286390447458709,70976.85677083333,71014.09212239583,346.52234380769795,221.7282588703361,71047.03205838776,71177.25040471145,-130.218346323687,67.29606867127184,2.682732314476997,25.303268593083846,1.1878845459761402,13,0
2026-04-13 14:00:00+00:00,71657.2890625,72420.1171875,71485.4453125,72420.1171875,2789216256,2026-04-13 14:59:59.999000+00:00,0.011328021568539182,0,0.007123636567407665,0.0021876961116447102,-0.0023086320403846727,71268.91145833333,71081.291015625,644.3742410785774,358.5322544559823,71258.27592440502,71269.31461084394,-11.038686438914738,71.96002220988339,3.7341861303565653,1.4527556360781038,2.993521146513153,14,0
2026-04-13 15:00:00+00:00,72408.421875,72408.421875,71691.8515625,71838.046875,2246270976,2026-04-13 15:59:59.999000+00:00,-0.00803741191129237,1,0.011328021568539182,0.007123636567407665,0.0017187595524259525,71443.7109375,71120.09212239583,630.3335106465767,388.0077579531214,71347.4714552658,71311.44292670736,36.028528558439575,59.09260590642628,1.8503618494424894,-0.19465872494900593,1.9766237162287161,15,0
2026-04-13 16:00:00+00:00,71909.3828125,72436.6171875,71821.390625,72204.7265625,2313646080,2026-04-13 16:59:59.999000+00:00,0.005104254687464227,0,-0.00803741191129237,0.011328021568539182,-0.0006174798786539037,71686.90885416667,71174.3408203125,587.0998428967974,443.367451018359,71479.35685637876,71377.61208491422,101.74477146453864,65.53700387331475,2.3239995173773673,0.02999420137635256,1.8133027312054617,16,0
2026-04-13 17:00:00+00:00,72187.40625,72560.015625,72151.6171875,72153.3984375,2198884352,2026-04-13 17:59:59.999000+00:00,-0.0007108693217690032,1,0.005104254687464227,-0.00803741191129237,0.0028506656062345925,71887.94010416667,71216.43522135417,479.8769155159052,486.16830928686943,71583.05556116664,71435.07774066132,147.97782050531532,66.26853152352223,1.9272404191054793,-0.04960211027608852,1.5164516982629377,17,0
2026-04-13 18:00:00+00:00,72168.9765625,72457.6875,72101.75,72457.6875,1392091136,2026-04-13 18:59:59.999000+00:00,0.004217251981049497,1,-0.0007108693217690032,0.005104254687464227,0.0021876961116447102,72113.81770833333,71270.4609375,332.5231795067908,547.8758447086819,71717.61432098715,71510.82661172345,206.78770926370635,69.93772907243286,2.1669627780930467,-0.3669102539504542,0.5888313740620768,18,0
2026-04-13 19:00:00+00:00,72454.0078125,73472.53125,72327.703125,73373.984375,3468292096,2026-04-13 19:59:59.999000+00:00,0.012645958028953075,0,0.004217251981049497,-0.0007108693217690032,0.007123636567407665,72407.99348958333,71364.5966796875,522.8250371011172,694.4420154068348,71972.44048314297,71648.83829789209,323.60218525088567,76.9731773816462,2.8935284022746117,1.4914260326128534,2.3698706047256453,19,0
2026-04-13 20:00:00+00:00,73379.046875,73379.046875,73046.53125,73204.078125,1933516800,2026-04-13 20:59:59.999000+00:00,-0.0023156197860489947,1,0.012645958028953075,0.004217251981049497,0.011328021568539182,72538.65364583333,71441.45833333333,616.1008685607492,789.4308138925927,72161.92319727482,71764.04124804823,397.8819492265902,73.11474136679351,2.2327729810487074,-0.4425161588235502,0.8270444769470205,20,0
2026-04-13 21:00:00+00:00,73182.1171875,73338.9609375,73137.4140625,73229.1640625,616419328,2026-04-13 21:59:59.999000+00:00,0.0003426849725116643,1,-0.0023156197860489947,0.012645958028953075,-0.00803741191129237,72770.50651041667,71522.4912109375,558.8061711364983,868.4631096430029,72326.11409961716,71872.56886393356,453.5452356836031,77.13158764760273,1.9651644757415867,-0.68119267026798,-0.4686834887185177,21,0
2026-04-13 22:00:00+00:00,73208.84375,74699.296875,73208.84375,74640.609375,2595000320,2026-04-13 22:59:59.999000+00:00,0.01927436057163434,0,0.0003426849725116643,-0.0023156197860489947,0.005104254687464227,73176.48697916667,71678.275390625,865.9767448517845,1065.306419426653,72682.1902958299,72077.60890179033,604.5813940395747,85.05315313700702,2.7807341909845293,3.209797133421488,1.3579750573671283,22,0
2026-04-13 23:00:00+00:00,74546.9921875,74856.671875,74485.984375,74532.7421875,2946129920,2026-04-13 23:59:59.999000+00:00,-0.0014451541647799715,0,0.01927436057163434,0.0003426849725116643,-0.0007108693217690032,73573.04427083333,71835.572265625,848.3808726884464,1194.3479656370866,72966.89058685607,72259.47062665771,707.4199601983564,83.10915857421813,2.2582781563464054,0.13531004111783695,1.5214182233450224,23,0
2026-04-14 00:00:00+00:00,74442.2265625,74504.140625,74162.0234375,74162.0234375,108036096,2026-04-14 00:59:59.999000+00:00,-0.004973904610505175,1,-0.0014451541647799715,0.01927436057163434,0.004217251981049497,73857.10026041667,71960.67903645833,665.9578705793072,1274.9825246541916,73150.75717926283,72400.40046449788,750.3567147649446,78.56465405748595,1.726568292878158,-0.9633294868408248,-1.0244634812619677,0,1
2026-04-14 01:00:00+00:00,74145.921875,74427.2734375,74074.78125,74378.9921875,2039922688,2026-04-14 01:59:59.999000+00:00,0.002925604506770929,0,-0.004973904610505175,-0.0014451541647799715,0.012645958028953075,74024.6015625,72092.2412109375,646.2398215133079,1355.741356448726,73339.71641129932,72546.9628143499,792.7535969494202,78.61934347277673,1.686716249884485,17.88186229905975,0.6426649592308665,1,1
2026-04-14 02:00:00+00:00,74404.7109375,74566.109375,74317.484375,74374.3671875,0,2026-04-14 02:59:59.999000+00:00,-6.218153626413869e-05,1,0.002925604506770929,-0.004973904610505175,-0.0023156197860489947,74219.64973958333,72229.46744791667,511.6530205503263,1414.3398399013302,73498.89345379174,72682.32610124991,816.5673525418242,77.98937923457243,1.516537736597284,-1.0,-1.2214582787861874,2,1
2026-04-14 04:00:00+00:00,74450.8515625,74512.1640625,74391.2421875,74397.703125,0,2026-04-14 04:59:59.999000+00:00,-0.0007612673070266363,0,0.0010758494898959192,-6.218153626413869e-05,0.01927436057163434,74383.36848958333,72518.19889322917,123.81827409865106,1480.9022200088566,73761.55509487455,72930.93130679862,830.623788075929,71.20064188787399,1.2691616005272706,-1.0,-1.21694036289195,4,1
2026-04-14 07:00:00+00:00,74551.2734375,74930.4296875,74511.1953125,74547.5546875,1304555520,2026-04-14 07:59:59.999000+00:00,-0.0002443312683568788,1,0.00479625976169773,-0.0025250695533485246,0.002925604506770929,74424.9375,72958.59733072917,130.61481644054524,1463.2070488803395,74036.54834150115,73244.0296312162,792.5187102849595,78.32713397274253,1.0859415678640383,4.465661037891269,0.0495914268493159,7,1
2026-04-14 08:00:00+00:00,74547.046875,74901.6875,74510.515625,74776.1640625,905838592,2026-04-14 08:59:59.999000+00:00,0.0030666247331427865,0,-0.0002443312683568788,0.00479625976169773,-6.218153626413869e-05,74491.90364583333,73129.77962239583,189.3130238211675,1423.328725767261,74150.33537550097,73357.52107057055,792.8143049304199,77.9319276620817,1.1567141239397596,-0.3056343113706652,-0.26254277376794694,8,1
2026-04-14 09:00:00+00:00,74770.9375,74845.84375,74469.1640625,74538.09375,705634304,2026-04-14 09:59:59.999000+00:00,-0.0031837727367375335,0,0.0030666247331427865,-0.0002443312683568788,0.0010758494898959192,74505.85546875,73285.9814453125,189.0792942414797,1359.5808298689556,74209.99051003928,73444.97089867645,765.0196113628335,66.76424791186636,0.9209546627751334,-0.22101541021559834,-0.4736548239785184,9,1
2026-04-14 10:00:00+00:00,74506.390625,74638.0703125,74363.4921875,74423.4453125,603942912,2026-04-14 10:59:59.999000+00:00,-0.0015381187220124826,1,-0.0031837727367375335,0.0030666247331427865,-0.0007612673070266363,74510.14583333333,73439.2275390625,186.40759564956764,1264.7552184644435,74242.82971041785,73517.4504848856,725.3792255322478,67.84400344809453,0.7781883474910285,-0.14411344718297592,-0.5992766463903677,10,1
2026-04-14 11:00:00+00:00,74395.28125,74465.9609375,74333.2734375,74456.0,460406784,2026-04-14 11:59:59.999000+00:00,0.0004374251603551649,1,-0.0015381187220124826,-0.0031837727367375335,-0.0025250695533485246,74551.171875,73585.42708333333,123.60466983352728,1162.860578460033,74275.62513958433,73586.97267119038,688.6524683939497,67.91414080342415,0.7486477164954413,-0.2376650593094468,-0.7431563981588867,11,1
2026-04-14 12:00:00+00:00,74398.828125,74457.5859375,74297.015625,74457.5859375,120107008,2026-04-14 12:59:59.999000+00:00,2.1300331739526612e-05,1,0.0004374251603551649,-0.0015381187220124826,0.00479625976169773,74533.140625,73725.2255859375,128.82929653942114,1047.3139134056187,74303.61910849443,73651.46254276887,652.156565725556,45.45701353956182,0.6992749186163643,-0.7391285007650974,-1.0627081717876419,12,1
2026-04-14 13:00:00+00:00,74455.375,75495.4765625,74455.375,75490.3984375,1937948672,2026-04-14 13:59:59.999000+00:00,0.013871152106206486,0,2.1300331739526612e-05,0.0004374251603551649,-0.0002443312683568788,74690.28125,73886.95345052083,412.54348533855756,1005.1457427887005,74486.20054372605,73787.68001645266,698.5205272733874,66.29056694043538,1.595236311234364,15.135183985267538,0.5800301936004907,13,1
2026-04-14 14:00:00+00:00,75532.8046875,76009.03125,75180.125,75180.125,3226267648,2026-04-14 14:59:59.999000+00:00,-0.004110104648035184,1,0.013871152106206486,2.1300331739526612e-05,0.0030666247331427865,74757.60807291667,74001.95377604167,459.6377425545621,987.7641730224619,74592.95815238358,73890.82408930802,702.1340630755585,67.68242544634498,1.1927656986720216,0.6647848803293794,1.6984387399488063,14,1
2026-04-14 15:00:00+00:00,75090.1796875,75423.8984375,74743.2890625,75367.1640625,628752384,2026-04-14 15:59:59.999000+00:00,0.002487879110336655,0,-0.004110104648035184,0.013871152106206486,-0.0031837727367375335,74895.78645833333,74149.00032552083,503.0202065914442,911.3524817878725,74712.06675393996,74000.18260584076,711.8841480991978,67.34290932425094,1.3366548742912325,-0.805114623893721,-0.5641934696535933,15,1
2026-04-14 16:00:00+00:00,75390.9609375,75666.0390625,74566.21875,74566.21875,0,2026-04-14 16:59:59.999000+00:00,-0.010627244934356295,1,0.002487879110336655,-0.004110104648035184,-0.0015381187220124826,74919.58203125,74247.39583333333,479.011060787294,814.6609720178891,74689.62859948765,74042.11120911181,647.5173903758405,52.631533827270566,0.391356561339814,-1.0,-1.038985816481817,16,1
2026-04-14 19:00:00+00:00,74132.796875,74403.9296875,73960.7578125,74265.8984375,0,2026-04-14 19:59:59.999000+00:00,0.0022785780138045997,0,-0.00895370921468841,0.0026859515388797384,0.013871152106206486,74707.16145833333,74461.74544270833,499.92352441715377,515.1383254184466,74555.76796212704,74108.46044501585,447.307517111185,50.64294073475357,-0.380183332407353,-1.0,-0.8846900900026475,19,1
2026-04-15 00:00:00+00:00,74176.09375,74721.828125,74153.2734375,74601.5,1786605568,2026-04-15 00:59:59.999000+00:00,0.005593480201986578,1,0.0016090716410801509,-0.003336186814687503,-0.00895370921468841,74248.14453125,74522.34342447917,202.24965167018024,374.5949806563762,74398.81900465002,74156.83013892507,241.98886572495394,51.909449643512424,0.21131242971309447,24231.38888888889,1.3596533548333944,0,2
2026-04-15 01:00:00+00:00,74585.2734375,74828.609375,74531.28125,74649.0,0,2026-04-15 01:59:59.999000+00:00,0.000636716419911032,0,0.005593480201986578,0.0016090716410801509,0.0022785780138045997,74311.99479166667,74533.59375,260.9342365852116,374.15683903093225,74437.30838855002,74193.28716567137,244.02122287865495,52.063109228538785,0.30844351341780274,-1.0,-0.6689790601723535,1,2
2026-04-15 08:00:00+00:00,73776.828125,74219.0078125,73706.0,74139.28125,0,2026-04-15 08:59:59.999000+00:00,0.00498753962306675,0,-0.0020650431524268376,-0.0017683236498571286,-0.0038735448565955233,74103.41666666667,74435.86686197917,238.19615071998274,427.3195115011438,74197.6145615148,74160.89435538772,36.72020612708002,50.76637698259626,-0.6940605425136962,-1.0,-0.5267927235933026,8,2
2026-04-15 11:00:00+00:00,73906.546875,74276.2421875,73895.2890625,74233.3203125,0,2026-04-15 11:59:59.999000+00:00,0.004634154980394989,1,-0.00192564954001484,-0.0014273177553902894,-0.004024236198918785,73998.71744791667,74383.37272135417,170.24114140348584,448.3130796271622,74145.09865589495,74139.64814210527,5.450513789677643,48.48193719398562,-0.33470450824000497,-1.0,-0.44001439221040095,11,2
2026-04-15 13:00:00+00:00,74302.453125,74457.078125,73836.0625,74075.859375,0,2026-04-15 13:59:59.999000+00:00,-0.003151701359422221,1,0.0010337970493161652,0.004634154980394989,-0.0020650431524268376,74113.81380208333,74318.28678385417,149.01834083122301,383.91027066605744,74155.92104209047,74146.61127581041,9.309766280057374,47.90666197769982,-0.6314689326586052,-1.0,-0.3831268711867884,13,2
2026-04-15 20:00:00+00:00,75057.6796875,75069.921875,74541.0625,74872.1484375,200192000,2026-04-15 20:59:59.999000+00:00,-0.002054903857177659,0,0.008282761893562585,0.0034388488890297886,0.000996233801708657,74382.03255208333,74241.06184895833,479.3037083974885,310.71688369109944,74372.3072962806,74253.87100887837,118.43628740223357,65.38066717190792,2.0310662911033472,0.24436693230134687,0.24438526648405223,20,2
2026-04-15 21:00:00+00:00,74860.0390625,74888.8828125,74572.078125,74765.3828125,0,2026-04-15 21:59:59.999000+00:00,-0.00142597250416987,1,-0.002054903857177659,0.008282761893562585,-0.003744433238690892,74530.92838541667,74259.81575520833,424.8464655586176,328.4678767454386,74432.78045262206,74291.7607721096,141.01968051245785,66.3688033407349,1.5391674287939094,-1.0,-0.30301652503749094,21,2
2026-04-16 04:00:00+00:00,74901.15625,75185.8671875,74751.0625,74964.6484375,0,2026-04-16 04:59:59.999000+00:00,0.0008068638497564784,1,0.00010232864958092946,0.0028799396771370667,0.0029291630934227264,74851.18098958333,74405.4951171875,97.43882814501004,432.3695724976136,74739.2858040048,74533.7332479731,205.55255603170372,66.20298030834418,1.293230041796214,-1.0,-0.29246998703203037,4,3
2026-04-16 06:00:00+00:00,75097.6875,75130.4375,74871.671875,75051.109375,96534528,2026-04-16 06:59:59.999000+00:00,-9.190808150982832e-05,0,0.0012453786810970868,0.0008068638497564784,0.00011328385247799666,74925.99869791667,74494.251953125,138.35454602597454,447.1409667401192,74828.74910005668,74608.0158804639,220.73321959277382,74.28900379036145,1.2453733012538943,-0.5597235195217636,-0.09018802237450096,6,3
2026-04-16 07:00:00+00:00,75031.7421875,75100.0,74662.34375,74721.5390625,0,2026-04-16 07:59:59.999000+00:00,-0.004391278360100892,0,-9.190808150982832e-05,0.0012453786810970868,-0.0020428454682613895,74932.67708333333,74533.84342447917,124.45974781126277,421.69170402519103,74812.25524812489,74616.42500505918,195.83024306570587,61.881574204541735,0.4451015664505838,-1.0,-0.3179370403842533,7,3
2026-04-16 09:00:00+00:00,74679.25,74927.828125,74611.796875,74612.671875,0,2026-04-16 09:59:59.999000+00:00,-0.0011384426836205108,0,-0.00031889232072790374,-0.004391278360100892,0.00010232864958092946,74850.94791666667,74581.2451171875,196.40260367799195,399.07654256095896,74766.63902010716,74621.72216225925,144.9168578479148,37.24629651933036,0.0787486972068762,-1.0,-0.37993333707280835,9,3
2026-04-16 12:00:00+00:00,74593.328125,74876.34375,74592.90625,74632.8671875,0,2026-04-16 12:59:59.999000+00:00,0.0005300616488614907,0,0.003623808807531992,-0.0038690436925195026,-9.190808150982832e-05,74597.01822916667,74627.7412109375,142.64044320306832,361.6966301856408,74674.7399172793,74601.69244260533,73.04747467396373,39.894892871580645,0.01417203295443779,-1.0,-0.37259409219883927,12,3
2026-04-16 14:00:00+00:00,73766.3203125,74198.890625,73424.0234375,73973.203125,372477952,2026-04-16 14:59:59.999000+00:00,0.002428742437375009,1,-0.011240230432156051,0.0005300616488614907,-0.00031889232072790374,74321.67317708333,74608.64388020833,361.99967875372124,395.1144145713254,74452.15559535973,74499.73878395518,-47.583188595453976,33.37837104236158,-1.6082449330474116,-0.6025845529912027,0.3378121455814498,14,3
2026-04-16 15:00:00+00:00,73969.7421875,74893.3125,73943.65625,74719.9921875,1685315584,2026-04-16 15:59:59.999000+00:00,0.010095399833343288,0,0.002428742437375009,-0.011240230432156051,-0.0011384426836205108,74339.55989583333,74643.9765625,381.38616144617765,362.986309516931,74493.36122491978,74516.05385088443,-22.692625964657054,50.604889657625826,0.20941733340070876,3.5246049462814915,2.557746048554641,15,3
2026-04-16 16:00:00+00:00,74746.0,74956.0,74088.59375,74186.03125,538931200,2026-04-16 16:59:59.999000+00:00,-0.0071461589043009255,1,0.010095399833343288,0.002428742437375009,-0.0038690436925195026,74316.56640625,74653.53092447917,386.63510158354893,346.7657326845231,74446.07969031674,74491.6077323004,-45.52804198366357,39.85910278939904,-1.3481714898988837,-0.6802194169943663,0.42061768263826327,16,3
2026-04-16 17:00:00+00:00,74167.8828125,74459.3984375,73917.140625,74346.0,130420736,2026-04-16 17:59:59.999000+00:00,0.0021563190172677604,1,-0.0071461589043009255,0.010095399833343288,0.003623808807531992,74275.34505208333,74661.48958333333,363.7327579754667,336.87716240179924,74430.68281488339,74480.82197435222,-50.13915946883208,42.3648289083087,-0.9365122321858036,-0.758001140034201,-0.33990396958733166,17,3
2026-04-16 18:00:00+00:00,74354.03125,75092.3125,74250.09375,75054.4375,0,2026-04-16 18:59:59.999000+00:00,0.009528925564253665,1,0.0021563190172677604,-0.0071461589043009255,0.0005300616488614907,74345.60677083333,74688.34114583333,471.39162200443377,341.61000007510904,74526.6450741321,74523.31201328909,3.3330608430114808,51.043204060626195,1.071679266081727,-1.0,-0.5801484186004306,18,3
2026-04-16 20:00:00+00:00,75384.9375,75533.6796875,75020.96875,75245.9921875,128495616,2026-04-16 20:59:59.999000+00:00,-0.0016715015413657497,0,0.004230783323104559,0.009528925564253665,0.002428742437375009,74820.73828125,74718.3203125,485.3244438416216,378.371053142163,74747.357013136,74635.05132312166,112.30569001434196,52.09696211597726,1.3945883825360739,-0.8668282619031448,-0.38841812673198634,20,3
2026-04-16 21:00:00+00:00,75252.2109375,75300.0,74827.8125,74956.6015625,121356288,2026-04-16 21:59:59.999000+00:00,-0.0038459274253290765,0,-0.0016715015413657497,0.004230783323104559,0.010095399833343288,74860.17317708333,74726.28776041667,485.11389769428564,381.406241738323,74779.54848226893,74658.8698593719,120.67862289703044,52.55136132526973,0.6038543077681022,-0.05556086831787321,-0.41225989018826104,21,3
2026-04-16 22:00:00+00:00,74966.2578125,75139.453125,74853.75,74888.609375,0,2026-04-16 22:59:59.999000+00:00,-0.0009070873823342485,1,-0.0038459274253290765,-0.0016715015413657497,-0.0071461589043009255,74977.26953125,74722.29720052083,357.98028192241793,379.0823960830872,74796.32708115064,74675.88760127028,120.43947988035507,52.05233000559382,0.4387230222178907,-1.0,-0.6305837213510754,22,3
2026-04-17 02:00:00+00:00,74759.859375,74830.8984375,74562.671875,74730.1328125,0,2026-04-17 02:59:59.999000+00:00,-0.000451525625777327,0,-0.0025628579769775284,-0.003028002161789889,-0.0016715015413657497,74913.14583333333,74738.77376302083,163.25978691788572,390.79644631877727,74835.60790166666,74733.5876716782,102.02022998846951,51.03106956282651,-0.02211112870197381,-1.0,-0.6359516855397914,2,4
2026-04-17 08:00:00+00:00,75095.40625,75888.75,75015.359375,75789.9921875,619696128,2026-04-17 08:59:59.999000+00:00,0.009595147009237248,1,0.0019813514587558867,0.003545297005872694,-0.000451525625777327,74980.10677083333,74758.916015625,429.2781779277508,442.02490348035116,74990.12358821263,74841.37732552185,148.74626269078,61.82495484836839,2.3326200939283352,9.109789508853993,0.8673608371768238,8,4
2026-04-17 09:00:00+00:00,75821.9765625,76370.0,75551.25,75811.4765625,2566205440,2026-04-17 09:59:59.999000+00:00,0.00028347245302318136,0,0.009595147009237248,0.0019813514587558867,-0.0012977947629684294,75176.49479166667,74808.8662109375,502.15234486960384,489.9198771988854,75116.48558425685,74913.23652826098,203.24905599586782,57.808821569759694,2.046478206385338,3.141070637769097,3.4932255091716287,9,4
2026-04-17 10:00:00+00:00,75811.453125,75907.140625,75124.2265625,75301.109375,1024786432,2026-04-17 10:59:59.999000+00:00,-0.006732057079500975,1,0.00028347245302318136,0.009595147009237248,0.0023697161208213746,75258.34505208333,74849.57942708333,469.4260719195614,488.47202360468,75144.88924437118,74941.96785024165,202.9213941295311,50.861607829822994,0.9243721771097669,-0.6006607982251024,0.9736852692291402,10,4
2026-04-17 11:00:00+00:00,75292.5078125,75633.75,75273.75,75622.578125,0,2026-04-17 11:59:59.999000+00:00,0.004269110411097454,1,-0.006732057079500975,0.00028347245302318136,-0.0020511334911845758,75419.34765625,74892.46484375,378.6282200557073,509.7158437915748,75218.379841391,74992.38342614968,225.99641524131584,60.30736490816537,1.4323927540077541,-1.0,-0.5927574169661448,11,4
2026-04-17 13:00:00+00:00,76260.0,77453.2265625,76100.0078125,77388.0,5033406464,2026-04-17 13:59:59.999000+00:00,0.014331164861540957,1,0.008886648229437188,0.004269110411097454,0.0019813514587558867,76034.62760416667,75111.455078125,737.1138315425294,714.578372549625,75692.26844413202,75259.15241439444,433.11602973757545,73.78979833766427,3.1858575760588135,5.460538352347405,3.8962748597209793,13,4
2026-04-17 14:00:00+00:00,77434.4609375,78142.9765625,77065.90625,77977.75,3173928960,2026-04-17 14:59:59.999000+00:00,0.007620690546337849,0,0.014331164861540957,0.008886648229437188,0.009595147009237248,76399.25390625,75278.31119791667,1061.5882554297539,884.5573120062946,76043.88099118863,75460.53001332819,583.3509778604493,80.2474001711062,3.0517398538718075,-0.3694272491799303,1.9671283120391134,14,4
2026-04-17 15:00:00+00:00,77977.5078125,78060.0234375,77497.6015625,77843.2734375,1281085440,2026-04-17 15:59:59.999000+00:00,-0.0017245504326555139,1,0.007620690546337849,0.014331164861540957,0.00028347245302318136,76737.88671875,75408.44791666667,1156.4190616664412,1018.4603742186927,76320.71059831347,75637.0295262298,683.6810720836656,81.18396880978112,2.390692443681173,-0.5963723649315704,0.47765611803238084,15,4
2026-04-17 16:00:00+00:00,77836.21875,78340.0390625,77785.25,77907.2734375,778620928,2026-04-17 16:59:59.999000+00:00,0.000822164808516046,0,-0.0017245504326555139,0.007620690546337849,-0.006732057079500975,77172.24739583333,75563.49967447917,985.6618290899823,1103.9426696842413,76564.79718895754,75805.19574187945,759.6014470780938,81.97806449177811,2.1230937324772614,-0.3922177993061884,0.06602110261201846,16,4
2026-04-17 17:00:00+00:00,77898.7578125,77955.0078125,77152.5,77563.5078125,973885440,2026-04-17 17:59:59.999000+00:00,-0.00441249718841441,0,0.000822164808516046,-0.0017245504326555139,0.004269110411097454,77495.73567708333,75697.5625,629.505847895541,1144.2908477791061,76718.44497719484,75935.44108044394,783.0038967509026,78.09835014353092,1.630656503214646,0.2507825117179485,0.19542335004938272,17,4
2026-04-17 18:00:00+00:00,77576.25,77602.4765625,77122.5,77206.0,126701568,2026-04-17 18:59:59.999000+00:00,-0.004609226975193392,1,-0.00441249718841441,0.000822164808516046,0.008886648229437188,77647.63411458333,75787.2109375,311.1885665644654,1175.5687842325551,76793.4534422418,76029.55655596661,763.896886275179,72.20519132606886,1.206895829091129,-0.8699009526212858,-0.49333359578624403,18,4
2026-04-17 19:00:00+00:00,77210.1328125,77524.0625,77063.2578125,77517.8671875,0,2026-04-17 19:59:59.999000+00:00,0.0040394164637462815,0,-0.004609226975193392,-0.00441249718841441,0.014331164861540957,77669.27864583333,75876.623046875,293.5337416084243,1223.2531127540924,76904.90171074306,76139.80178793205,765.0999228110013,75.76109265910111,1.3417044465391321,-1.0,-0.5596832981156145,19,4
2026-04-17 23:00:00+00:00,77328.0078125,77336.2421875,76941.9921875,77140.828125,344924160,2026-04-17 23:59:59.999000+00:00,-0.002574470337527779,1,-0.001743304291706993,0.0013963484901300394,-0.00441249718841441,77341.10026041667,76253.6181640625,147.11031651496958,1265.2534318995026,77103.69290871255,76453.21994105124,650.472967661306,63.31554869698454,0.7012112661141313,0.5557854675115932,-0.2944639456069067,23,4
2026-04-18 00:00:00+00:00,77073.75,77287.4609375,77010.0,77196.0,0,2026-04-18 00:59:59.999000+00:00,0.0007152097837295202,1,-0.002574470337527779,-0.001743304291706993,-0.004609226975193392,77339.43359375,76346.95182291667,148.9916539054064,1247.8695915721878,77117.89399967984,76508.24068615856,609.6533135212812,70.88479634081656,0.6803981624503045,-1.0,-0.572772932014394,0,5
2026-04-18 05:00:00+00:00,77144.0234375,77295.0078125,77144.0078125,77168.2890625,52015104,2026-04-18 05:59:59.999000+00:00,0.00025326479690201964,0,0.0014116043613707774,-0.003666515145529514,-0.002574470337527779,77188.0859375,76861.0673828125,96.28230104376163,927.0133720668066,77150.8216345782,76723.26721340723,427.5544211709639,35.09783223634281,0.33141019206933253,-0.870900514405384,-0.5476072523074794,5,5
2026-04-18 06:00:00+00:00,77168.296875,77253.75,77091.0,77160.0078125,0,2026-04-18 06:59:59.999000+00:00,-0.00010731415845299797,0,0.00025326479690201964,0.0014116043613707774,0.0007152097837295202,77182.08723958333,76954.34928385417,96.81038160187319,830.9958534514668,77152.23489272001,76755.6183688956,396.6165238244139,33.08588444997737,0.24748442220456843,-1.0,-0.5898266511868059,6,5
2026-04-19 02:00:00+00:00,75643.671875,75741.3515625,75452.0,75523.859375,53024768,2026-04-19 02:59:59.999000+00:00,-0.0016951569731880056,1,-0.0007016317814946271,-0.00033486308473895665,0.0014010674209499197,75718.8828125,76222.95182291667,124.60695687477993,552.3086713499548,75834.1141849361,76084.26561019947,-250.15142526336422,23.368886047255074,-1.2657640268582915,-0.5890578375976129,0.3102535776053984,2,6
2026-04-19 03:00:00+00:00,75523.859375,75668.0,75398.8671875,75549.65625,71456768,2026-04-19 03:59:59.999000+00:00,0.0003415725204389819,1,-0.0016951569731880056,-0.0007016317814946271,0.0009188212697279763,75668.06380208333,76160.85416666667,120.30425544340451,540.0983938242065,75790.35142571517,76044.66491685135,-254.3134911361849,26.57987341462818,-1.1316417964864507,0.34761113900583207,0.4896962344115857,3,6
2026-04-19 04:00:00+00:00,75546.4921875,75798.40625,75454.6171875,75700.0078125,0,2026-04-19 04:59:59.999000+00:00,0.001990102536038929,0,0.0003415725204389819,-0.0016951569731880056,-0.00010021232034773675,75643.5703125,76100.48990885417,86.92459100807426,504.68385554012485,75776.45240829745,76019.13476097348,-242.68235267602722,27.620349681095178,-0.793530627060709,-1.0,-0.39925836953658267,4,6
2026-04-19 07:00:00+00:00,75426.9609375,75434.921875,74955.546875,75291.1171875,855674880,2026-04-19 07:59:59.999000+00:00,-0.001837906296918601,1,-0.00198826926303175,-0.0015849981851677741,-0.0007016317814946271,75512.40234375,75890.18098958333,139.34566489638172,365.0069830062431,75635.01590199996,75896.896880377,-261.8809783770412,28.043784015165414,-1.641239291230442,1.5386900964290273,4.310433616774634,7,6
2026-04-19 08:00:00+00:00,75265.0,75336.5234375,75113.953125,75293.171875,0,2026-04-19 08:59:59.999000+00:00,2.7289905858207675e-05,0,-0.001837906296918601,-0.00198826926303175,-0.0016951569731880056,75473.95442708333,75829.06217447917,165.0135465435227,334.5622717795388,75582.42451323073,75852.17650960833,-269.7519963775994,32.75967384510484,-1.6017654848789964,-1.0,-0.32655558932692236,8,6
2026-04-19 14:00:00+00:00,75963.1328125,76180.578125,75707.9765625,76064.9609375,266915840,2026-04-19 14:59:59.999000+00:00,0.0013404940163717072,0,0.004645122440620986,-0.000338683583699928,2.7289905858207675e-05,75596.50651041667,75661.84635416667,392.7710837800748,269.33190891326245,75652.91082913922,75774.50121013673,-121.59038099751342,58.7021351385062,1.496720477569371,-0.5419705143298951,0.7971321921658933,14,6
2026-04-19 15:00:00+00:00,76062.84375,76187.9921875,75450.4765625,75885.6171875,1075015680,2026-04-19 15:59:59.999000+00:00,-0.0023577708814885856,0,0.0013404940163717072,0.004645122440620986,-0.003157656850938717,75734.87239583333,75649.09212239583,299.0944040618153,249.67954369070918,75688.71180734858,75782.73202327476,-94.02021592618257,55.323620560681086,0.9473145521171218,3.027545461520755,3.198662764452803,15,6
2026-04-19 16:00:00+00:00,75885.6171875,75893.6328125,75356.0078125,75416.0078125,0,2026-04-19 16:59:59.999000+00:00,-0.006188384471324526,0,-0.0023577708814885856,0.0013404940163717072,0.002540414406271063,75763.19140625,75626.08756510417,247.081190089907,244.38631089991918,75646.75734660264,75755.56726692108,-108.80992031843925,47.87238961239116,-0.8596216041339695,-1.0,-0.48072692587933347,16,6
2026-04-19 18:00:00+00:00,74793.8828125,74910.171875,74641.4765625,74806.7109375,642525184,2026-04-19 18:59:59.999000+00:00,-0.00018899310425768423,1,-0.00789164352851568,-0.006188384471324526,-0.000338683583699928,75492.88020833333,75547.04557291667,571.1420736584599,329.04753302027694,75410.00507508236,75621.17216814222,-211.16709305986296,34.94977202607221,-2.2499321864572366,0.5097979768813945,1.4761993914626783,18,6
2026-04-19 19:00:00+00:00,74813.2578125,75110.421875,74813.2578125,74985.0390625,272711680,2026-04-19 19:59:59.999000+00:00,0.002383851966824002,0,-0.00018899310425768423,-0.00789164352851568,0.004645122440620986,75329.86458333333,75518.13444010417,549.2425502864131,346.95357475884003,75344.62568853123,75574.05119735391,-229.42550882267824,40.16900055765538,-1.536503487461441,-0.575562659968827,0.24811599175422536,19,6
2026-04-19 20:00:00+00:00,74985.0390625,74985.0390625,74493.4765625,74662.5625,0,2026-04-19 20:59:59.999000+00:00,-0.004300545369206432,0,0.002383851966824002,-0.00018899310425768423,0.0013404940163717072,75096.13151041667,75471.36881510417,465.93463479064354,383.17874779028443,75239.69289029566,75506.53351606843,-266.84062577277655,38.00619476376356,-2.1107807251012654,-1.0,-0.6376603521632442,20,6
2026-04-19 22:00:00+00:00,74423.9921875,74438.578125,73802.578125,74072.5390625,2095738880,2026-04-19 22:59:59.999000+00:00,-0.00521968550316787,0,-0.0026969255843583007,-0.004300545369206432,-0.006188384471324526,74634.81770833333,75339.37727864583,326.7659549641968,495.5504289808684,74958.78890000458,75328.61551874866,-369.82661874407495,33.268007873324294,-2.5564264342403327,3.145103535435367,3.6544156807398736,22,6
2026-04-19 23:00:00+00:00,74076.8125,74076.8125,73815.203125,73815.203125,628639744,2026-04-19 23:59:59.999000+00:00,-0.0034741071489782227,1,-0.00521968550316787,-0.0026969255843583007,-0.00789164352851568,74467.20963541667,75259.56998697917,447.7688288155214,577.2996770357918,74782.85262692695,75216.5108969895,-433.65827006254403,33.09032807839796,-2.5019360298197824,-0.7000390888391592,0.6077411414111474,23,6
2026-04-20 00:00:00+00:00,73830.0,74382.15625,73772.9609375,74305.296875,972533760,2026-04-20 00:59:59.999000+00:00,0.006639468961022299,1,-0.0034741071489782227,-0.00521968550316787,-0.00018899310425768423,74383.640625,75201.23990885417,417.5012697349775,600.5685673251338,74709.38251124589,75149.0135620273,-439.6310507814196,38.141044579162774,-1.4918247184407318,0.5470446615605646,1.1987853551588816,0,0
2026-04-20 01:00:00+00:00,74314.6796875,74772.3515625,74239.796875,74621.4296875,524847104,2026-04-20 01:59:59.999000+00:00,0.004254512474821448,0,0.006639468961022299,-0.0034741071489782227,0.002383851966824002,74323.0390625,75158.29524739583,329.9590315491381,603.7686607312634,74695.85130759267,75109.93327502528,-414.08196743260487,36.94407413950949,-0.8891908355190146,-0.4603301956324889,0.2740665150890935,1,0
2026-04-20 02:00:00+00:00,74623.9921875,74654.9375,74337.390625,74439.90625,387602432,2026-04-20 02:59:59.999000+00:00,-0.0024325912577685127,1,0.004254512474821448,0.006639468961022299,-0.004300545369206432,74285.9296875,75113.13053385417,294.78261588135865,615.6590985162115,74656.4751448861,75060.30164354193,-403.8264986558206,35.52092100284918,-1.0935017211256957,-0.2614945780476289,-0.028830803787697985,2,0
2026-04-20 03:00:00+00:00,74448.2734375,74672.9609375,74390.1328125,74665.6171875,237033472,2026-04-20 03:59:59.999000+00:00,0.003032122807113291,0,-0.0024325912577685127,0.004254512474821448,-0.0026969255843583007,74319.99869791667,75076.29557291667,328.9260062894952,614.8517261502012,74657.88161298055,75031.0657579092,-373.18414492864395,33.45724314611397,-0.6679307676146095,-0.38846237167056785,-0.34985985337897985,3,0
2026-04-20 04:00:00+00:00,74666.078125,74669.1875,74469.0390625,74593.59375,0,2026-04-20 04:59:59.999000+00:00,-0.0009646131675190572,0,0.003032122807113291,-0.0024325912577685127,-0.00521968550316787,74406.84114583333,75030.19498697917,319.16450456484654,607.4880064630195,74647.991172522,74998.66042398999,-350.66925146798894,31.09705056377129,-0.7186993526361074,-1.0,-0.8327742148093265,4,0
2026-04-20 06:00:00+00:00,74315.828125,74910.15625,74283.5390625,74820.1796875,234817536,2026-04-20 06:59:59.999000+00:00,0.007029238494431267,1,-0.003963770347235718,-0.0009646131675190572,0.006639468961022299,74573.10807291667,74951.37532552083,182.11377189617943,606.3874661809257,74628.91056213113,74937.37799981995,-308.46743768881424,42.66379628774587,-0.21635611772635832,-0.32315820543093265,-0.3799996142223228,6,0
2026-04-20 07:00:00+00:00,74873.421875,75582.0078125,74694.3671875,74860.0234375,489672704,2026-04-20 07:59:59.999000+00:00,0.000532526788446841,0,0.007029238494431267,-0.003963770347235718,0.004254512474821448,74612.87369791667,74933.4130859375,217.40503581076777,602.2569755473064,74664.46638911095,74931.64803224069,-267.18164312973386,50.55871026404464,-0.12185769765606534,1.085332775146742,0.18064028082806863,7,0
2026-04-20 08:00:00+00:00,74860.3828125,75026.953125,74650.28125,74758.0078125,597123072,2026-04-20 08:59:59.999000+00:00,-0.0013627517106666875,1,0.000532526788446841,0.007029238494431267,-0.0024325912577685127,74665.890625,74911.11458333333,205.23457496837332,598.2516902388808,74678.85737732465,74918.78579374138,-239.92841641673294,49.32233237672841,-0.25592367448588943,0.2194330358263139,0.3590115696358151,8,0
2026-04-20 09:00:00+00:00,74745.359375,75269.5234375,74726.109375,75100.4375,463020032,2026-04-20 09:59:59.999000+00:00,0.0045805084635059945,0,-0.0013627517106666875,0.000532526788446841,0.003032122807113291,74738.36067708333,74912.990234375,271.26577923599314,598.7941175845099,74743.71585773624,74932.24147568646,-188.52561795021757,51.535558720489014,0.3130412609615273,-0.22458190997516836,0.03288437915629612,9,0
2026-04-20 10:00:00+00:00,75130.3828125,75436.03125,75042.171875,75068.6875,41537536,2026-04-20 10:59:59.999000+00:00,-0.00042276717762135263,1,0.0045805084635059945,-0.0013627517106666875,-0.0009646131675190572,74817.54296875,74905.59830729167,289.2974074553642,595.589711534598,74793.71149500759,74942.34858859857,-148.63709359097993,55.85732571346157,0.2738280892866877,-0.9102899807151325,-0.8893879582049652,10,0
2026-04-20 11:00:00+00:00,75068.7265625,75318.2578125,75000.2890625,75232.7265625,0,2026-04-20 11:59:59.999000+00:00,0.00218518623360775,1,-0.00042276717762135263,0.0045805084635059945,-0.003963770347235718,74973.34375,74888.73177083333,187.18599553505862,579.4748139873184,74861.2522746218,74963.85806814683,-102.60579352502828,61.24836266302181,0.593631998084044,-1.0,-0.979918980998554,11,0
2026-04-20 13:00:00+00:00,75349.9296875,75467.28125,74945.171875,75316.890625,71524352,2026-04-20 13:59:59.999000+00:00,-7.934592406211305e-05,0,0.001198157093577068,0.00218518623360775,0.000532526788446841,75133.26953125,74849.76171875,212.4268424606066,526.729906068435,74991.44236452211,75014.63202430283,-23.18965978072083,76.07450012208687,0.8868471314581265,-0.8465540118981714,-0.826511604996947,13,0
2026-04-20 14:00:00+00:00,75300.0,75765.2109375,74961.1171875,75071.84375,1182838784,2026-04-20 14:59:59.999000+00:00,-0.003253544762224392,1,-7.934592406211305e-05,0.001198157093577068,-0.0013627517106666875,75185.57552083333,74808.3818359375,120.13499636163016,462.1658499271091,75003.81180844178,75018.86992991003,-15.0581214682461,64.54789694683652,0.5700592419454015,15.537567288970337,1.4604469180046744,14,0
2026-04-20 15:00:00+00:00,75090.75,75758.078125,74735.7421875,75750.0,651075584,2026-04-20 15:59:59.999000+00:00,0.009033430060121583,0,-0.003253544762224392,-7.934592406211305e-05,0.0045805084635059945,75293.8359375,74802.73111979167,250.26653389694883,449.06568248632317,75118.60999175844,75073.02771287966,45.58227887877729,68.83093520490766,2.1094216662552,-0.4495652384695563,0.3957186805678911,15,0
2026-04-20 16:00:00+00:00,75753.1484375,75753.1484375,75328.75,75378.7890625,407003136,2026-04-20 16:59:59.999000+00:00,-0.004900474422442236,1,0.009033430060121583,-0.003253544762224392,-0.00042276717762135263,75345.51953125,74801.18033854167,225.23975728319166,446.914856140421,75158.6375411033,75095.67670174042,62.96083936287323,64.73324293907214,1.2924357201874788,-0.3748757502170439,-0.17316916964612522,16,0
2026-04-20 17:00:00+00:00,75391.21875,75998.1484375,75322.359375,75937.3125,0,2026-04-20 17:59:59.999000+00:00,0.007409557044447901,1,-0.004900474422442236,0.009033430060121583,0.00218518623360775,75462.95052083333,74847.69954427083,318.87965801541105,503.56679509903296,75278.43368862587,75158.0200942041,120.41359442177054,68.06854585374842,2.1637903180547973,-1.0,-1.0114629306219922,17,0
2026-04-20 19:00:00+00:00,76483.3671875,76528.0078125,76184.859375,76330.9375,1873649664,2026-04-20 19:59:59.999000+00:00,-0.0016314600596791795,0,0.006826148541930532,0.007409557044447901,-7.934592406211305e-05,75820.75911458333,74972.4853515625,536.3207048929143,666.7129161733528,75593.60729333568,75333.9050447566,259.70224857908033,76.78908942667604,2.0375368700436085,2.0067044393905533,2.4756608837482363,19,0
2026-04-20 20:00:00+00:00,76311.109375,76590.0,76162.3125,76317.28125,1115488256,2026-04-20 20:59:59.999000+00:00,-0.00017890845373147446,0,-0.0016314600596791795,0.006826148541930532,-0.003253544762224392,76028.33203125,75041.43196614583,416.01452035536437,716.9372408485833,75704.94174820711,75406.74772662648,298.19402158063895,72.78081185373983,1.7795829413799835,-0.4046441672459852,0.9892227604435031,20,0
2026-04-20 21:00:00+00:00,76330.0,76405.7265625,75816.0,75988.0078125,287932416,2026-04-20 21:59:59.999000+00:00,-0.004314533118932373,1,-0.00017890845373147446,-0.0016314600596791795,0.009033430060121583,76068.0,75105.048828125,394.9826432292941,730.8180934074235,75748.49037348294,75449.80402928377,298.6863441991736,65.77462634385105,1.2081788783556562,-0.7418776805123084,-0.5193305966941631,21,0
2026-04-20 22:00:00+00:00,76054.0,76180.578125,75933.0234375,76004.671875,0,2026-04-20 22:59:59.999000+00:00,0.0002192985838123107,0,-0.004314533118932373,-0.00017890845373147446,-0.004900474422442236,76172.31380208333,75185.55436197917,220.80170356124478,718.4489572743697,75787.90291217787,75490.90535118867,296.997560989199,67.86071656425239,1.1401192871493224,-1.0,-1.0764659867931132,22,0
2026-04-21 08:00:00+00:00,76125.6328125,76879.34375,76114.59375,76545.65625,467214336,2026-04-21 08:59:59.999000+00:00,0.00561709416166245,0,0.0015297740576551977,0.002189661685680022,-0.004493610942654436,76013.75130208333,75788.7744140625,293.33974719738524,440.6530286036025,75991.37285869133,75761.93418356721,229.43867512412544,51.93690512225473,1.7176367500207674,-0.9910912058362887,-0.19127658176078524,8,1
2026-04-21 09:00:00+00:00,76545.609375,76596.4921875,76192.3828125,76388.3984375,0,2026-04-21 09:59:59.999000+00:00,-0.002054431566781423,1,0.00561709416166245,0.0015297740576551977,0.001677315633730636,76121.72135416667,75842.439453125,291.90160497874353,431.51149389717494,76052.4537169696,75808.3389431178,244.11477385180478,51.21976297957167,1.2652246628338868,-1.0,-0.2332487667420878,9,1
2026-04-21 11:00:00+00:00,76786.953125,76789.328125,76370.0078125,76478.6171875,612114432,2026-04-21 11:59:59.999000+00:00,-0.0038619283286261963,0,0.005062532503759876,-0.002054431566781423,-6.335246406063977e-05,76384.61848958333,75965.45279947917,284.5474781471583,428.52847636128325,76212.09186244568,75924.29770500497,287.79415744071594,59.09984060281119,1.1975035880420477,1.0765639329683463,-0.17930392637523948,11,1
2026-04-21 12:00:00+00:00,76489.0,76548.7734375,75749.3515625,76044.5625,274640896,2026-04-21 12:59:59.999000+00:00,-0.005675503865817055,0,-0.0038619283286261963,0.005062532503759876,0.002189661685680022,76391.74088541667,75995.5234375,273.36480325701956,406.21708180738096,76186.31811437712,75933.20620833793,253.11190603919385,50.64069103283511,0.12072132043736464,-0.5513242595789671,-0.21022534490294936,12,1
2026-04-21 13:00:00+00:00,76051.25,76198.609375,75752.8203125,75922.0,29853859840,2026-04-21 13:59:59.999000+00:00,-0.0016117194441088722,0,-0.005675503865817055,-0.0038619283286261963,0.0015297740576551977,76359.05859375,76020.736328125,320.31438615134346,380.21103687240486,76145.65378908833,75932.37611883141,213.27767025692447,50.755965601112756,-0.2596882219337966,107.7014362201906,2.17519551847122,13,1
2026-04-21 14:00:00+00:00,75936.9609375,76595.0,75658.9765625,75687.4765625,0,2026-04-21 14:59:59.999000+00:00,-0.003089004998551137,1,-0.0016117194441088722,-0.005675503865817055,0.00561709416166245,76216.02864583333,76046.3876953125,401.6129662377353,330.9908098099062,76075.16498499783,75914.235410955,160.9295740428206,42.86433635797752,-1.0843537710869644,-1.0,-0.3083782046707915,14,1
2026-04-21 23:00:00+00:00,75645.0,76437.2578125,75645.0,76356.0,343629824,2026-04-21 23:59:59.999000+00:00,0.009172267661992306,0,0.0012836629388126575,-0.0023594159416684413,-0.00300460978261774,75661.5859375,75927.37760416667,426.95009985817944,385.0100206950421,75812.91616010001,75810.13961525456,2.7765448454447323,49.620697287715785,1.1132759481416998,1.9687533175271597,-0.26310667064420845,23,1
2026-04-22 00:00:00+00:00,76370.0,76519.0703125,76234.0078125,76337.15625,11161600,2026-04-22 00:59:59.999000+00:00,-0.0002467880716643389,0,0.009172267661992306,0.0012836629388126575,0.0007348586095023979,75780.64713541667,75936.08821614583,506.2150877581362,392.0492374626195,75893.56848162308,75849.17788449497,44.39059712810558,44.38930846943289,1.0230042441860685,-0.9675185352945384,-0.29071451235564544,0,2
2026-04-22 01:00:00+00:00,76370.578125,76432.9375,76148.109375,76316.7890625,16044032,2026-04-22 01:59:59.999000+00:00,-0.00026680568808845617,1,-0.0002467880716643389,0.009172267661992306,-0.007971100808009113,75996.77994791667,75951.16015625,376.7865272859973,399.6890691290362,75958.67934021953,75883.81574953238,74.86359068714955,47.76898420603669,0.9147833515856292,0.4374311926605505,-0.29037000666414825,1,2
2026-04-22 02:00:00+00:00,76334.9296875,77662.0703125,76244.03125,77626.0078125,1683529728,2026-04-22 02:59:59.999000+00:00,0.017155055474461944,0,-0.00026680568808845617,-0.0002467880716643389,0.009647115940657036,76310.49479166667,76035.00423177083,736.1632809954717,519.0641351708538,76215.19141287806,76012.8670134559,202.3243994221557,67.56402180307472,3.0651387235711844,103.93183558846056,-0.1581423063454099,2,2
2026-04-22 03:00:00+00:00,77627.359375,77746.8828125,77430.0,77541.546875,1451786240,2026-04-22 03:59:59.999000+00:00,-0.0010880494808390706,0,0.017155055474461944,-0.00026680568808845617,-0.0023594159416684413,76639.91796875,76110.04459635417,776.9559189045374,598.7186647729241,76419.24609935837,76126.10255875548,293.1435406028904,68.14072093137221,2.3909431305081394,-0.13765333878321628,-0.18263614147858523,3,2
2026-04-22 04:00:00+00:00,77547.9921875,77715.9765625,77384.0703125,77536.0,753033216,2026-04-22 04:59:59.999000+00:00,-7.153423195105368e-05,1,-0.0010880494808390706,0.017155055474461944,0.0012836629388126575,76952.25,76180.68717447917,675.2258061074633,662.1979400429882,76591.05439176477,76230.53940625508,360.514985509697,71.82504616622053,2.046688374525667,-0.4813057217018395,-0.24351540348967446,4,2
2026-04-22 05:00:00+00:00,77552.03125,78433.8984375,77463.9921875,77991.9296875,2779820032,2026-04-22 05:59:59.999000+00:00,0.0058802322469562185,1,-7.153423195105368e-05,-0.0010880494808390706,0.009172267661992306,77224.90494791667,76270.52701822917,715.4054672039559,753.3567139880943,76806.57366803173,76361.01276042136,445.56090761037194,73.65234957914767,2.2849768739142515,2.6914972313784364,-0.08469922475888855,5,2
2026-04-22 06:00:00+00:00,77983.296875,78048.9296875,77914.9765625,78024.40625,737804288,2026-04-22 06:59:59.999000+00:00,0.0004164092699094901,0,0.0058802322469562185,-7.153423195105368e-05,-0.0002467880716643389,77506.11328125,76354.80110677083,622.1994428621456,831.1073838998972,76993.93252679608,76484.22709298275,509.7054338133312,74.73643879884399,2.0088922028278686,-0.7345855920502986,-0.2576801551717156,6,2
2026-04-22 07:00:00+00:00,78028.9765625,78128.0,77844.2109375,78007.6875,11460608,2026-04-22 07:59:59.999000+00:00,-0.00021427590165101762,1,0.0004164092699094901,0.0058802322469562185,-0.00026680568808845617,77787.9296875,76433.5341796875,243.40189486070284,894.773171544136,77149.89483036591,76597.07601202106,552.818818344851,78.40800580573699,1.7592763958221256,-0.9844666015278024,-0.26960362764489276,7,2
2026-04-22 08:00:00+00:00,78044.2890625,78220.03125,77960.0,78029.6875,65699840,2026-04-22 08:59:59.999000+00:00,0.000282023486467331,1,-0.00021427590165101762,0.0004164092699094901,0.017155055474461944,77855.20963541667,76495.36881510417,245.47546111987774,952.2880270319034,77285.24754877116,76703.19538150098,582.052167270187,78.23812256076435,1.6111918257315503,4.732666190135811,-0.2577006509560144,8,2
2026-04-22 09:00:00+00:00,77993.9765625,78202.1484375,77971.296875,78035.796875,18178048,2026-04-22 09:59:59.999000+00:00,7.829552053495448e-05,1,0.000282023486467331,-0.00021427590165101762,-0.0010880494808390706,77937.58463541667,76564.01041666667,197.38520214956125,1002.3017654318471,77400.71667588329,76801.90660324164,598.8100726416451,91.14217077033592,1.468406530940511,-0.7233167082294265,-0.2656877851703684,9,2
2026-04-22 10:00:00+00:00,78015.5625,78193.2109375,77967.6796875,78186.5625,60895232,2026-04-22 10:59:59.999000+00:00,0.0019320059644101217,1,7.829552053495448e-05,0.000282023486467331,-7.153423195105368e-05,78046.01171875,76622.82063802083,70.69052749371411,1055.237555160789,77521.61603343971,76904.47370670523,617.1423267344799,89.50085145302859,1.4818860969565288,2.3499324019828753,-0.2569154799245751,10,2
2026-04-22 11:00:00+00:00,78193.953125,78385.53125,78120.0078125,78322.546875,0,2026-04-22 11:59:59.999000+00:00,0.0017392294871640956,0,0.0019320059644101217,7.829552053495448e-05,0.0058802322469562185,78101.11458333333,76699.65104166667,126.73959587515894,1109.9884377237136,77644.83616291053,77009.51616361596,635.3199992945738,95.21424453980657,1.4620835480605991,-1.0,-0.26251420376353035,11,2
2026-04-22 13:00:00+00:00,78252.359375,78887.4375,78204.1015625,78887.4375,1212329984,2026-04-22 13:59:59.999000+00:00,0.007980014476447694,1,-0.0007615742832672856,0.0017392294871640956,-0.00021427590165101762,78287.48828125,76915.6416015625,316.7865687188275,1205.3203321997917,77916.46341027915,77234.58731019887,681.876100080277,93.0134818693018,1.6359102603362197,7.51566590902552,1.1491152476883222,13,2
2026-04-22 14:00:00+00:00,78897.609375,79178.859375,78625.9765625,79077.25,1833050112,2026-04-22 14:59:59.999000+00:00,0.0024061182111536628,1,0.007980014476447694,-0.0007615742832672856,0.000282023486467331,78462.08203125,77056.88216145833,418.6007919148082,1252.8180648080265,78095.0459625439,77371.08084277673,723.9651197671628,94.00232851070663,1.6126586096531577,0.512005919338872,1.7808142217210596,14,2
2026-04-22 15:00:00+00:00,79094.859375,79450.0,78882.671875,79325.3828125,864710656,2026-04-22 15:59:59.999000+00:00,0.003137853333291085,0,0.0024061182111536628,0.007980014476447694,7.829552053495448e-05,78677.01302083333,77201.7021484375,482.1888297599705,1306.9244925353005,78284.32855484483,77515.84395164512,768.4846031997149,95.02071584224161,1.6249451871108298,-0.5282667667734771,0.47198457212137623,15,2
2026-04-22 16:00:00+00:00,79371.9296875,79500.0078125,78697.96875,78777.3671875,912244736,2026-04-22 16:59:59.999000+00:00,-0.0069084523209340665,1,0.003137853333291085,0.0024061182111536628,0.0019320059644101217,78775.48046875,77325.9677734375,418.0632854754642,1309.1395810110093,78360.1806521764,77609.290117264,750.8905349123961,72.31195005117212,1.108666665583228,0.05497108156372721,0.4866794311123031,16,2
2026-04-22 17:00:00+00:00,78782.4609375,79078.359375,78724.7265625,78923.0,0,2026-04-22 17:59:59.999000+00:00,0.0018486631084455585,1,-0.0069084523209340665,0.003137853333291085,0.0017392294871640956,78875.55598958333,77465.79036458333,355.07944627791335,1292.2294657112943,78446.76824414925,77706.60196042963,740.16628371962,76.15088379356854,1.127670954797928,-1.0,-0.7131899030260126,17,2
2026-04-22 22:00:00+00:00,78785.2421875,78865.078125,78487.28125,78642.8984375,55644160,2026-04-22 22:59:59.999000+00:00,-0.0019272776415071302,0,0.0042689047548920556,-0.005477822572459434,-0.0069084523209340665,78795.81901041667,78142.39029947917,215.77773238919892,858.0131228769528,78613.73199704575,78041.94988090983,571.782116135917,59.18657319085685,0.5833338962725936,-0.8964265837164445,-0.6724673253294708,22,2
2026-04-22 23:00:00+00:00,78623.9765625,78635.6015625,78184.0078125,78208.546875,77496320,2026-04-22 23:59:59.999000+00:00,-0.0055230869046006825,1,-0.0019272776415071302,0.0042689047548920556,0.0018486631084455585,78676.74348958333,78219.57975260417,308.6874885479824,769.0332510454177,78551.39582442332,78054.29039899059,497.10542543273186,52.293680760134436,-0.014346424669119976,0.3927125506072875,-0.6243380772890765,23,2
2026-04-23 00:00:00+00:00,78208.5390625,78605.0,77628.0703125,78449.546875,433913856,2026-04-23 00:59:59.999000+00:00,0.003081504638939192,0,-0.0055230869046006825,-0.0019272776415071302,0.0017670506379636741,78574.59114583333,78307.59602864583,251.66230229395018,656.9336253209613,78535.72675528127,78083.56865647277,452.1580988085043,53.41005328524829,0.21608095686199333,4.599154334038055,-0.17957516298292825,0,3
2026-04-23 01:00:00+00:00,78442.1484375,78469.1484375,78098.3828125,78382.9921875,1216458752,2026-04-23 01:59:59.999000+00:00,-0.0008483756777594165,0,0.003081504638939192,-0.0055230869046006825,-0.0021563251760500224,78489.76041666667,78393.68782552083,204.67961033556034,501.75388867252957,78512.22912946876,78105.7481772896,406.48095217916125,50.798150543757465,-0.021316502497121664,1.8034568041081407,0.7951719002553727,1,3
2026-04-23 02:00:00+00:00,78387.390625,78387.390625,77789.59375,77967.4609375,0,2026-04-23 02:59:59.999000+00:00,-0.005301293538348295,0,-0.0008483756777594165,0.003081504638939192,-0.005477822572459434,78407.70052083333,78407.9150390625,296.9734302966709,483.5506817333696,78428.41863839664,78095.50467804592,332.913960350721,46.43404069131481,-0.9108747401277927,-1.0,-0.7552862726908327,2,3
2026-04-23 04:00:00+00:00,77748.6484375,77963.8515625,77698.703125,77935.4609375,0,2026-04-23 04:59:59.999000+00:00,0.0020244919835943342,1,-0.0024300000951920087,-0.005301293538348295,-0.0019272776415071302,78120.33463541667,78434.41145833333,268.2881815776634,440.8596236882382,78267.90911018339,78061.87285926433,206.03625091905997,34.46562005080729,-1.1317673336902594,-1.0,-0.6509026731781575,4,3
2026-04-23 10:00:00+00:00,77672.0078125,77737.90625,77216.890625,77425.90625,1208832000,2026-04-23 10:59:59.999000+00:00,-0.003209277737501459,1,-0.002595828777223752,-0.0026739300127883725,0.0020244919835943342,77888.74869791667,78395.095703125,297.2113565941858,499.18047769722176,77983.03250030299,77985.93725647594,-2.904756172953057,33.376543442489094,-1.9415612116803624,0.8333819957384156,1.52115910003947,10,3
2026-04-23 11:00:00+00:00,77463.3515625,77768.8671875,77407.78125,77722.2890625,0,2026-04-23 11:59:59.999000+00:00,0.0038279540641477094,1,-0.003209277737501459,-0.002595828777223752,0.0011861777859263345,77837.8125,78370.0849609375,294.77108433997546,517.66864439796,77942.91812525637,77966.40776062587,-23.489635369493044,32.54019129019129,-1.2513717132527427,-1.0,-0.7149583964042345,11,3
2026-04-23 16:00:00+00:00,78420.7265625,78544.65625,78068.0,78128.6015625,0,2026-04-23 16:59:59.999000+00:00,-0.0036292129222935676,0,0.0025135536124554214,0.008484925894647333,-0.003209277737501459,77990.54166666667,78198.86100260417,320.8947693475952,445.3520421033235,78023.95541410366,77997.57405911667,26.381354986995575,52.349930730249,-0.15776157615074107,-1.0,-0.49334874908348186,16,3
2026-04-23 18:00:00+00:00,77766.953125,78172.6875,77713.9765625,77739.09375,388833280,2026-04-23 18:59:59.999000+00:00,-0.0007368992508692829,1,-0.00425170399644581,-0.0036292129222935676,0.0023392581741101814,77975.39583333333,78096.77994791667,327.0987876563438,385.3204309568809,77950.51079205055,77964.63092345392,-14.12013140336785,47.17148869608273,-0.928282460985564,-0.7348220321465085,0.2927848947910017,18,3
2026-04-23 19:00:00+00:00,77698.0625,77922.2109375,77629.25,77743.15625,236609536,2026-04-23 19:59:59.999000+00:00,5.225813428011428e-05,1,-0.0007368992508692829,-0.00425170399644581,-0.004436243478435298,78006.171875,78048.91243489583,286.15317024396614,352.17171493527803,77918.61009327354,77948.22539208697,-29.615298813427216,45.791243458459775,-0.8682019933145971,-0.391488465184873,-0.0710060161198289,19,3
2026-04-23 20:00:00+00:00,77732.5390625,78070.3984375,77669.8984375,77906.1015625,0,2026-04-23 20:59:59.999000+00:00,0.002095944136561778,0,5.225813428011428e-05,-0.0007368992508692829,0.008484925894647333,77954.42578125,78025.8408203125,267.9908626419521,342.07471610873944,77916.68570392377,77945.10510841386,-28.419404490094166,44.99191488364463,-0.3500383167004867,-1.0,-0.6053062085400588,20,3
2026-04-24 04:00:00+00:00,77744.90625,77871.9296875,77532.0078125,77682.90625,117673984,2026-04-24 04:59:59.999000+00:00,-0.0009322102868671855,1,-0.005101599654128819,-0.003963942184909586,0.004636692004970744,78129.73567708333,77975.09212239583,338.1852307942805,291.3349145630993,78021.32534224977,78013.29299852357,8.032343726197723,38.831008299487905,-1.0029208920393402,3.0197285574366868,-0.13912829255105166,4,4
2026-04-24 05:00:00+00:00,77673.6015625,78039.390625,77465.8984375,77974.2890625,0,2026-04-24 05:59:59.999000+00:00,0.0037509257385694994,0,-0.0009322102868671855,-0.005101599654128819,0.0002437717661383232,78078.56380208333,77972.85807291667,333.86243729472426,291.11780639317635,78014.08899151903,78010.40381807738,3.685173441655934,41.16514748343995,0.004915500020619914,-1.0,-0.4384097965671623,5,4
2026-04-24 08:00:00+00:00,77676.9609375,78029.9765625,77593.203125,77808.7265625,0,2026-04-24 08:59:59.999000+00:00,0.0016963282730129148,0,-0.001749785317967878,-0.0020669874254424236,-0.003963942184909586,77785.23177083333,77935.16276041667,109.68668176131538,292.0560033875666,77916.4711940541,77960.06588099294,-43.59468693884264,51.55509029049987,-0.4329176474721771,-1.0,-0.48462115078500856,8,4
2026-04-24 12:00:00+00:00,78272.96875,78377.046875,78056.8828125,78290.6484375,0,2026-04-24 12:59:59.999000+00:00,0.00044155906389087285,0,0.006348058801675105,0.002715117559392244,-0.0020669874254424236,77891.12890625,77982.39615885417,308.9055927828902,290.5140894057981,77967.3026478072,77968.30578246879,-1.0031346615869552,50.52581040745969,1.0610579310501296,-1.0,-0.4286800996062048,12,4
2026-04-24 14:00:00+00:00,78067.28125,78096.0078125,77704.1875,78074.15625,260997120,2026-04-24 14:59:59.999000+00:00,-0.0004314946699305322,0,-0.0023347496303587345,0.00044155906389087285,0.0016963282730129148,78007.18359375,77999.35188802083,291.2436172241686,273.77362081386076,78002.03898896255,77985.71813483264,16.320854129910003,43.33287718878112,0.2732343669809998,-0.1312409674692553,0.20358446152605617,14,4
2026-04-24 15:00:00+00:00,78057.9921875,78237.5625,77619.9921875,78068.03125,0,2026-04-24 15:59:59.999000+00:00,-7.845105594717072e-05,0,-0.0004314946699305322,-0.0023347496303587345,-0.003300862883210076,78093.20703125,77984.970703125,187.6831276119653,259.79889037108506,78012.19164450678,77991.81540262281,20.376241883961484,42.70279116909816,0.31971093778098914,-1.0,-0.48941404013501066,15,4
2026-04-24 17:00:00+00:00,77772.296875,77831.84375,77502.6015625,77707.1484375,0,2026-04-24 17:59:59.999000+00:00,-0.0012453161322661943,0,-0.0033815658378089086,-7.845105594717072e-05,0.006348058801675105,78008.64713541667,77967.7275390625,214.45356064449894,263.669820173204,77938.16513452852,77957.84992508814,-19.684790559622343,48.98311392746926,-0.9882780721408551,-1.0,-0.4809619136597048,17,4
2026-04-24 22:00:00+00:00,77572.0390625,77650.71875,77306.0625,77360.0,392822784,2026-04-24 22:59:59.999000+00:00,-0.0026487710278556564,1,-0.0023566517558427647,0.001145522272445687,-0.0033815658378089086,77613.1015625,77901.88704427083,138.80260246514646,300.7424641218528,77730.17043430748,77838.40084630999,-108.23041200250736,39.55664326001025,-1.8018308317486897,0.49230924835253753,1.0365103102162785,22,4
2026-04-24 23:00:00+00:00,77368.640625,77484.9765625,77358.828125,77461.796875,215015424,2026-04-24 23:59:59.999000+00:00,0.0013158851473629163,1,-0.0026487710278556564,-0.0023566517558427647,-0.0012453161322661943,77572.20963541667,77867.740234375,141.66595061213974,302.3088202717378,77688.88219441402,77810.50425584258,-121.62206142855575,47.740135137253674,-1.3428101734183864,-0.4526401401401401,0.3143172626432134,23,4
2026-04-25 00:00:00+00:00,77471.1796875,77518.6015625,77329.2890625,77483.4375,0,2026-04-25 00:59:59.999000+00:00,0.00027937158538837714,1,0.0013158851473629163,-0.0026487710278556564,-0.0008948862993721773,77546.51432291667,77827.90169270833,141.41292684635738,286.2502392067688,77657.27531835032,77786.27708874313,-129.00177039280243,42.268559008685266,-1.2033673532042348,-1.0,-0.5208243163755201,0,5
2026-04-25 20:00:00+00:00,77371.90625,77506.6015625,77324.5703125,77497.0703125,0,2026-04-25 20:59:59.999000+00:00,0.0020338419419745346,1,0.0003721777948804128,0.0004719375117530067,-0.00027539334796866655,77367.35416666667,77544.375,81.48084509153624,146.5157329095009,77480.94022509627,77577.04733949337,-96.10711439709121,48.9808098180812,-0.32286421779167507,-1.0,-0.3692409834517431,20,5
2026-04-26 00:00:00+00:00,77650.7265625,77663.84375,77468.3984375,77520.34375,0,2026-04-26 00:59:59.999000+00:00,-0.0016788923877970596,0,0.0009724425923007818,0.0002550593058217032,0.0004719375117530067,77523.11067708333,77562.3388671875,104.25894891124838,140.49371817172639,77526.44200049927,77576.5192977188,-50.07729721952637,39.96692601729606,-0.29891099569426366,-1.0,-0.2089052542966584,0,6
2026-04-26 06:00:00+00:00,78025.0078125,78073.90625,77918.3203125,78019.1875,0,2026-04-26 06:59:59.999000+00:00,0.00018228005507658906,1,0.00275529237583938,0.004942964052592647,-0.0016788923877970596,77707.66015625,77589.9658203125,268.8268717615483,197.53146786046437,77680.85498252176,77635.71265875091,45.14232377085136,69.46103782605567,2.172928112854914,-1.0,-0.21061904865886033,6,6
2026-04-26 08:00:00+00:00,78135.671875,78232.84375,78045.2265625,78050.0078125,146167808,2026-04-26 08:59:59.999000+00:00,-0.0009766835917156547,0,0.0013730596720198385,0.00018228005507658906,0.0008808005150691134,77899.85286458333,77630.412109375,265.6919850010954,242.03740518067406,77795.63627816646,77700.0500117892,95.58626637727139,74.41374290890884,1.7335985849450986,-0.2665077130201535,0.4700364582248078,8,6
2026-04-26 09:00:00+00:00,78039.9375,78081.28125,77941.9765625,78026.90625,110282752,2026-04-26 09:59:59.999000+00:00,-0.00029598411515208145,0,-0.0009766835917156547,0.0013730596720198385,-0.0017756665675987549,78003.00260416667,77642.44205729167,112.56371466803002,254.4821872857693,77831.21627383317,77724.26158498999,106.95468884317961,72.7853971181795,1.5107705447242037,-0.24550587773745636,0.26206369130988577,9,6
2026-04-26 10:00:00+00:00,78018.09375,78077.0625,77975.4375,78024.640625,0,2026-04-26 10:59:59.999000+00:00,-2.903645817686762e-05,1,-0.00029598411515208145,-0.0009766835917156547,0.004942964052592647,78042.00390625,77651.4072265625,43.803231495295314,264.2259787806045,77860.97386632038,77746.51188425,114.46198207038105,69.49913085661154,1.4125537547820304,-1.0,-0.3048321348146962,10,6
2026-04-26 13:00:00+00:00,77851.7421875,78000.0,77818.109375,77993.7421875,366237696,2026-04-26 13:59:59.999000+00:00,0.0018359434270516228,1,-0.0034203064594587884,0.001196537071522119,0.0013730596720198385,78010.68489583333,77692.59537760417,88.73213214997496,289.624739351666,77908.38846174211,77795.57085687046,112.81760487165593,60.07350714423367,1.0397827567146198,1.6659560511643163,1.4046863320963427,13,6
2026-04-26 14:00:00+00:00,77975.71875,78189.640625,77893.4375,78108.3828125,190869504,2026-04-26 14:59:59.999000+00:00,0.0014698695277937102,0,0.0018359434270516228,-0.0034203064594587884,-0.0009766835917156547,78020.4140625,77710.4462890625,96.7446199238556,301.7607101811057,77939.15682339718,77818.74211284301,120.41471055416332,67.42943151557253,1.3187154921483089,-0.4788370883591404,0.503032346324646,14,6
2026-04-26 15:00:00+00:00,78123.0390625,78146.71875,78014.8125,78073.1328125,0,2026-04-26 15:59:59.999000+00:00,-0.0004512959906571856,0,0.0014698695277937102,0.0018359434270516228,-0.00029598411515208145,78028.11848958333,77740.40755208333,99.17517465976951,300.5326399997901,77959.76851402839,77837.58586837316,122.18264565522259,67.73591752423842,1.1071185493093327,-1.0,-0.43248672223453305,15,6
2026-04-26 18:00:00+00:00,78054.046875,78330.0625,78010.0,78301.9921875,413807616,2026-04-26 18:59:59.999000+00:00,0.0033897982689603534,0,0.0010472678585475848,-0.0015025975745297515,-0.0034203064594587884,78078.421875,77835.4931640625,122.302009461729,280.61746040690105,78022.09722134583,77893.20385403422,128.89336731161166,66.45085403492546,1.6624019858246415,0.20241548912315777,1.3508393623876678,18,6
2026-04-26 19:00:00+00:00,78318.546875,78519.9921875,78050.0078125,78258.0,636866560,2026-04-26 19:59:59.999000+00:00,-0.0005618271805225561,0,0.0033897982689603534,0.0010472678585475848,0.0018359434270516228,78122.46484375,77873.75260416667,132.83663840775822,272.57267111574066,78058.38995652339,77920.22579077243,138.16416575096082,59.14223130511364,1.4097062418637272,0.539040209448441,2.042465268939323,19,6
2026-04-26 20:00:00+00:00,78274.03125,78402.203125,78180.0625,78228.578125,237776896,2026-04-26 20:59:59.999000+00:00,-0.00037595996575434665,1,-0.0005618271805225561,0.0033897982689603534,0.0014698695277937102,78142.49739583333,77904.23209635417,139.19897162912588,269.5019898792591,78084.57275167364,77943.06670441892,141.5060472547193,57.483247710520445,1.2035014242052178,-0.6266456571373444,0.3454428523098572,20,6
2026-04-26 21:00:00+00:00,78230.078125,78918.65625,77891.046875,78437.9609375,558198784,2026-04-26 21:59:59.999000+00:00,0.0026765514281166247,0,-0.00037595996575434665,-0.0005618271805225561,-0.0004512959906571856,78203.30208333333,77941.00162760417,177.30525509094562,279.85395323022107,78138.9401648777,77979.725536499,159.21462837870058,60.3791454396911,1.7757809177239183,1.3475736852078346,1.5162544467905303,21,6
2026-04-26 22:00:00+00:00,78388.2890625,78871.3203125,78037.78125,78333.2421875,2111141888,2026-04-26 22:59:59.999000+00:00,-0.0013350519155316265,1,0.0026765514281166247,-0.00037595996575434665,-0.0015025975745297515,78266.20572916667,77972.58365885417,133.4779077117592,279.55529617350254,78168.83278374266,78005.91195509167,162.92082865099655,59.25763255467145,1.2901151707102347,2.7820610659015697,3.971957210657821,22,6
2026-04-26 23:00:00+00:00,78296.890625,78874.9921875,78059.0,78664.640625,752857088,2026-04-26 23:59:59.999000+00:00,0.004230623273663969,1,-0.0013350519155316265,0.0026765514281166247,0.0010472678585475848,78370.73567708333,78014.83072916667,161.21345208744424,304.31548275836826,78245.11091316686,78054.70667138117,190.4042417856981,67.3483006613734,2.135316579831361,-0.643388683499041,0.9662886937008778,23,6
2026-04-27 00:00:00+00:00,78673.828125,79388.0078125,78425.9921875,79277.9921875,1541167104,2026-04-27 00:59:59.999000+00:00,0.007797042707204271,1,0.004230623273663969,-0.0013350519155316265,0.0033897982689603534,78533.40234375,78088.06608072917,397.3851852639266,381.77614064873194,78404.01572460274,78145.32041331589,258.6953112868505,75.58782341851496,3.116816322646172,1.0470911791428867,2.2246883209140704,0,0
2026-04-27 01:00:00+00:00,79389.1484375,79492.140625,78768.59375,79295.421875,2230464512,2026-04-27 01:59:59.999000+00:00,0.00021985530938750664,0,0.007797042707204271,0.004230623273663969,-0.0005618271805225561,78706.30598958333,78163.814453125,472.23473356896193,432.358611571746,78541.15513235616,78230.51311418138,310.6420181747817,74.80676042242764,2.6172889624223896,0.4472567615873535,2.7460947099518536,1,0
2026-04-27 02:00:00+00:00,79307.859375,79313.21875,79051.28125,79150.0,807475200,2026-04-27 02:59:59.999000+00:00,-0.0018339252325214606,0,0.00021985530938750664,0.007797042707204271,-0.00037595996575434665,78859.87630208333,78230.66015625,434.0888468820067,456.01016642386116,78634.82357353214,78298.62325387164,336.2003196604928,78.8526000929968,2.016051201138078,-0.6379789072384936,0.496225390981582,2,0
2026-04-27 03:00:00+00:00,79123.4375,79329.84375,79091.8671875,79120.0234375,590821376,2026-04-27 03:59:59.999000+00:00,-0.0003787310486418338,0,-0.0018339252325214606,0.00021985530938750664,0.0026765514281166247,78973.55338541667,78301.994140625,388.40564271894704,455.6326955477907,78709.46970645027,78359.46771191819,350.0019945320819,76.3338253130891,1.795370053265192,-0.2683101895884852,0.12252418745953482,3,0
2026-04-27 04:00:00+00:00,79124.3828125,79175.90625,78893.9375,78942.0234375,243953664,2026-04-27 04:59:59.999000+00:00,-0.002249746552977272,0,-0.0003787310486418338,-0.0018339252325214606,-0.0013350519155316265,79075.01692708333,78349.96875,238.12657230656654,460.0442371112717,78745.24720353485,78402.61998788721,342.6272156476334,68.93064711851657,1.2869516445150007,-0.5870940458322211,-0.4446949026253405,4,0
2026-04-27 05:00:00+00:00,78959.7734375,78959.7734375,77599.34375,77798.7109375,1914812416,2026-04-27 05:59:59.999000+00:00,-0.01448293887355423,0,-0.002249746552977272,-0.0003787310486418338,0.004230623273663969,78930.6953125,78341.37467447917,569.0513546792786,468.6160792073584,78599.62623952949,78357.88598415483,241.74025537466514,45.85451747367029,-1.1580134806664364,6.8490824224718345,1.9718391255895573,5,0
2026-04-27 06:00:00+00:00,77779.5078125,77879.1328125,77493.0078125,77707.9765625,967970816,2026-04-27 06:59:59.999000+00:00,-0.0011662709305414465,0,-0.01448293887355423,-0.002249746552977272,0.007797042707204271,78669.02604166667,78328.40755208333,718.7069499786469,482.0326872125427,78462.44936614034,78309.74454551372,152.70482062661904,46.22570574686387,-1.287113936548792,-0.4944826929720514,0.5357509942437637,6,0
2026-04-27 07:00:00+00:00,77695.0,77749.109375,77572.0078125,77621.2109375,735031296,2026-04-27 07:59:59.999000+00:00,-0.0011165600860835179,1,-0.0011662709305414465,-0.01448293887355423,0.00021985530938750664,78389.99088541667,78307.36165364583,751.1430545109332,501.85876632979256,78333.02806942644,78258.74205603122,74.28601339521992,43.67100636700561,-1.3672187519285652,-0.24064725521642172,0.16098071017131763,7,0
2026-04-27 08:00:00+00:00,77608.3828125,77822.5078125,77565.171875,77811.5625,513406976,2026-04-27 08:59:59.999000+00:00,0.00245231374518573,1,-0.0011165600860835179,-0.0011662709305414465,-0.0018339252325214606,78166.91796875,78297.42643229167,675.2000929510162,509.47747678638194,78252.80259720699,78225.61764447334,27.184952733645332,42.37102752628061,-0.9536514457053981,-0.3015168486104842,-0.1927100372115694,8,0
2026-04-27 09:00:00+00:00,77815.9609375,77989.3984375,77706.421875,77902.453125,714866688,2026-04-27 09:59:59.999000+00:00,0.0011680863624863314,0,0.00245231374518573,-0.0011165600860835179,-0.0003787310486418338,77963.98958333333,78292.24088541667,488.65690806069864,512.971957536903,78198.90267840591,78201.67953191976,-2.776853513845708,44.54876050480562,-0.7598617325755674,0.3923976911447342,0.07278184157705062,9,0
2026-04-27 10:00:00+00:00,77890.6875,77948.453125,77792.4765625,77857.453125,402022400,2026-04-27 10:59:59.999000+00:00,-0.0005776454809169884,0,0.0011680863624863314,0.00245231374518573,-0.002249746552977272,77783.22786458333,78285.27473958333,102.64392066050651,517.875724422841,78146.37197788192,78176.18127955533,-29.80930167340557,44.336968494737995,-0.8261086480933713,-0.4376260542720939,-0.4374031450440522,10,0
2026-04-27 11:00:00+00:00,77851.7109375,77896.9609375,77745.0078125,77847.890625,231636992,2026-04-27 11:59:59.999000+00:00,-0.00012282061146606793,0,-0.0005776454809169884,0.0011680863624863314,-0.01448293887355423,77791.42447916667,78274.02018229167,106.03519447502842,524.560900452454,78100.45176974624,78151.86345329197,-51.41168354572437,40.411329330066394,-0.8123547845905372,-0.4238206826286296,-0.7270490493684293,11,0
2026-04-27 12:00:00+00:00,77845.3203125,77878.0,77620.0,77671.0390625,144779264,2026-04-27 12:59:59.999000+00:00,-0.002271757925361273,1,-0.00012282061146606793,-0.0005776454809169884,-0.0011662709305414465,77785.26822916667,78266.52962239583,112.71114372804347,532.0963489613296,78034.38827632375,78116.24683175182,-81.85855542807258,39.48565786274617,-1.119140473446673,-0.37497347573914275,-0.8646578842899658,12,0
2026-04-27 13:00:00+00:00,77658.7578125,77961.3828125,77576.78125,77750.0,685049856,2026-04-27 13:59:59.999000+00:00,0.001016607199453956,1,-0.002271757925361273,-0.00012282061146606793,-0.0011165600860835179,77806.73307291667,78256.37369791667,83.76589465727741,539.7996610748535,77990.6362338124,78089.11743680724,-98.48120299483708,34.211874875258246,-0.9380770949510715,3.731684891007596,-0.034855660379717525,13,0
2026-04-27 14:00:00+00:00,77749.96875,78277.2265625,77675.5234375,77813.84375,831911936,2026-04-27 14:59:59.999000+00:00,0.0008211414790997296,0,0.001016607199453956,-0.002271757925361273,0.00245231374518573,77807.11328125,78244.10123697917,83.7973705447132,546.6157237639488,77963.43739014896,78068.72679334003,-105.28940319106914,18.809435840082017,-0.7871297298519982,0.21438159385584932,0.15785924001988128,14,0
2026-04-27 15:00:00+00:00,77826.3125,77838.4921875,76581.109375,76789.5390625,3476070400,2026-04-27 15:59:59.999000+00:00,-0.013163527698116018,0,0.0008211414790997296,0.001016607199453956,0.0011680863624863314,77621.62760416667,78190.6181640625,413.5330659067771,621.7091315163052,77782.83764743373,77973.97214661114,-191.13449917740945,12.643107878008607,-2.253592605508891,3.1784114995556454,3.17737818788223,15,0
2026-04-27 16:00:00+00:00,76748.9296875,76857.9765625,76536.640625,76610.0078125,1258008576,2026-04-27 16:59:59.999000+00:00,-0.0023379649388685086,1,-0.013163527698116018,0.0008211414790997296,-0.0005776454809169884,77413.72005208333,78134.54264322917,559.1879126603582,699.6192608136726,77602.40228821315,77872.93775149179,-270.53546327863296,12.515824061797431,-2.1790921378523858,-0.6380946208684382,0.4093492862476297,16,0
2026-04-27 17:00:00+00:00,76629.7734375,76915.203125,76623.3984375,76721.2265625,868204544,2026-04-27 17:59:59.999000+00:00,0.001451752234149506,1,-0.0023379649388685086,-0.013163527698116018,-0.00012282061146606793,77225.94270833333,78079.69954427083,573.2253954774063,756.8123840422494,77466.8367919496,77787.62581156647,-320.7890196168737,15.428509662803947,-1.794993066200924,-0.309858008471955,-0.10725099951175031,17,0
2026-04-27 18:00:00+00:00,76687.84375,76880.7578125,76647.0234375,76819.203125,89055232,2026-04-27 18:59:59.999000+00:00,0.0012770463519660158,1,0.001451752234149506,-0.0023379649388685086,-0.002271757925361273,77083.97005208333,78017.91666666667,545.770223358317,797.316719441245,77367.20084318811,77715.89079774673,-348.68995455862023,18.683542669841486,-1.5034345981189545,-0.8974259779962636,-1.060806326273908,18,0
2026-04-27 19:00:00+00:00,76802.0234375,76886.40625,76464.78125,76884.4296875,182620160,2026-04-27 19:59:59.999000+00:00,0.0008490918916961299,1,0.0012770463519660158,0.001451752234149506,0.001016607199453956,76939.70833333333,77960.6845703125,438.33263353737556,828.0401505659647,77292.92835769763,77654.3010858766,-361.3727281789761,30.220798009708076,-1.2997617109229314,1.0506393156103395,-0.906084918318406,19,0
2026-04-27 20:00:00+00:00,76873.2734375,77064.0390625,76836.3984375,76955.359375,305152000,2026-04-27 20:59:59.999000+00:00,0.0009225494393116929,0,0.0008490918916961299,0.0012770463519660158,0.0008211414790997296,76796.62760416667,77907.6337890625,121.63646344766805,850.6091892216474,77240.99466805185,77602.52762581168,-361.53295775983133,33.577451150865485,-1.1195204873508147,0.6709655713805092,-0.7612364275560856,20,0
2026-04-27 21:00:00+00:00,76938.2421875,76980.5390625,76777.0,76777.0,0,2026-04-27 21:59:59.999000+00:00,-0.0023176992018303366,1,0.0009225494393116929,0.0008490918916961299,-0.013163527698116018,76794.53776041667,77838.42708333333,121.89006271329,872.8629575164772,77169.61087296695,77541.3774313071,-371.766558340154,32.286861732644866,-1.2160294742640534,-1.0,-1.0834981472850997,21,0
2026-04-28 08:00:00+00:00,76879.7578125,76998.4765625,76737.03125,76856.0,719095808,2026-04-28 08:59:59.999000+00:00,-0.00022053432723512234,0,0.0023030154742798015,-0.002412388580723901,-0.0026005016353466415,76833.59765625,77132.5859375,72.76248798061839,436.817697643663,76949.55777334548,77200.08848991488,-250.53071656939574,50.94342646080874,-0.6331839094249035,1.2004060888256638,0.39346897561526895,8,1
2026-04-28 09:00:00+00:00,76852.1171875,76867.4296875,76485.1796875,76587.2421875,0,2026-04-28 09:59:59.999000+00:00,-0.003496900860049945,1,-0.00022053432723512234,0.0023030154742798015,-0.0010237086867499468,76796.5859375,77077.78548177083,125.18302001922672,418.1352643082976,76893.81691398464,77154.69246751377,-260.8755535291275,43.10054629743828,-1.173168914806342,-1.0,-0.5317708926896108,9,1
2026-04-28 12:00:00+00:00,76250.0,76420.5390625,76162.3125,76383.4921875,713492480,2026-04-28 12:59:59.999000+00:00,0.0021240494922083464,0,-0.004969256777705655,0.0001959570820326828,-0.002412388580723901,76587.25520833333,76904.0751953125,256.6318676053222,372.1497497731485,76695.68092143312,76998.48424918852,-302.8033277554059,34.527652287310076,-1.3988535747500355,-0.4473202444333043,0.3442626212413114,12,1
2026-04-28 13:00:00+00:00,76362.0,76415.046875,75978.2421875,76183.671875,818876416,2026-04-28 13:59:59.999000+00:00,-0.002616014360923624,0,0.0021240494922083464,-0.004969256777705655,0.0023030154742798015,76472.375,76838.8115234375,257.4377637836625,354.2636501512769,76616.91029890494,76938.12777702641,-321.2174781214708,21.539620367580596,-1.8492996618697506,0.14770153709258427,0.47218197941163254,13,1
2026-04-28 14:00:00+00:00,76170.3671875,76196.640625,75653.7578125,75940.0,288567296,2026-04-28 14:59:59.999000+00:00,-0.003198479004789978,1,-0.002616014360923624,0.0021240494922083464,-0.00022053432723512234,76319.70833333333,76760.73470052083,256.04036574072956,336.0534004544803,76512.77025291957,76864.19238613558,-351.42213321600866,18.665743023437457,-2.4422746486447178,-0.6476058042926955,-0.18446984472844147,14,1
2026-04-28 15:00:00+00:00,75943.28125,76071.828125,75828.4765625,76052.296875,0,2026-04-28 15:59:59.999000+00:00,0.0014787579009745144,1,-0.003198479004789978,-0.002616014360923624,-0.003496900860049945,76230.55078125,76730.01627604167,236.65310258059318,365.6941562415063,76441.9281947781,76804.0519779033,-362.1237831252074,25.557558133106284,-1.8532409924376867,-1.0,-0.680164492827933,15,1
2026-04-28 19:00:00+00:00,76220.671875,76379.96875,76045.078125,76324.8671875,0,2026-04-28 19:59:59.999000+00:00,0.0013670217007648588,1,0.0007074318500650545,0.0007555952645394992,-0.002616014360923624,76135.65104166667,76637.79720052083,134.10703292997928,414.49674357293117,76333.80554710956,76647.21988957802,-313.4143424684589,36.30790033727979,-0.7549637430764715,-1.0,-0.5942103438765208,19,1
2026-04-28 21:00:00+00:00,76466.0625,76483.2734375,76265.671875,76343.3671875,854018048,2026-04-28 21:59:59.999000+00:00,-0.0015514243953925755,1,0.0017965966408186596,0.0013670217007648588,0.0014787579009745144,76271.16145833333,76599.17220052083,129.73999903875483,412.47616880180806,76351.96358698377,76612.00805004974,-260.04446306597674,36.261526924869784,-0.6201691936867776,61.462702216896346,1.5521743961515833,21,1
2026-04-28 21:59:32+00:00,76345.6484375,76345.6484375,76345.6484375,76345.6484375,0,2026-04-28 22:59:31.999000+00:00,2.988144332682907e-05,0,-0.0015514243953925755,0.0017965966408186596,0.0007492788165708308,76310.55598958333,76569.478515625,104.10943320728393,403.541886174236,76350.99202552473,76592.27770837939,-241.28568285466463,36.658946929872926,-0.5546638051554271,-1.0,-0.621625590900178,21,1
2026-04-29 00:00:00+00:00,76316.65625,76536.71875,76255.9921875,76502.3515625,0,2026-04-29 00:59:59.999000+00:00,0.0024430727702982047,1,0.001129602577076172,-0.0015174612420096878,0.0013670217007648588,76366.51041666667,76453.36783854167,99.79157364656484,298.1767772405518,76356.36105841985,76543.64107619789,-187.28001777804457,58.57697246261283,0.16427746121493306,-1.0,-0.6217282697932197,0,2
2026-04-29 02:00:00+00:00,76568.0,76642.6328125,76383.6875,76508.640625,0,2026-04-29 02:59:59.999000+00:00,-0.00047112992183284685,1,0.0005535981788140631,0.0024430727702982047,-0.0015514243953925755,76407.84114583333,76426.53483072917,127.94035768266299,273.73510342777263,76404.30658620592,76541.1212930366,-136.8147068306862,62.005726358567024,0.2999461641663098,-1.0,-0.6702345293269985,2,2
2026-04-29 04:00:00+00:00,76996.4375,77441.1015625,76879.8125,77260.5625,2048493568,2026-04-29 04:59:59.999000+00:00,0.0035663951887356937,0,0.006239287106664548,-0.00047112992183284685,-0.0015174612420096878,76686.36067708333,76446.5166015625,358.396030404851,316.5569934131565,76611.76166823026,76624.92617715758,-13.164508927322458,84.53482555958485,2.571561884197714,1.2521407068666988,3.0990431012689594,4,2
2026-04-29 05:00:00+00:00,77266.796875,77299.03125,77188.796875,77223.109375,238262272,2026-04-29 05:59:59.999000+00:00,-0.0004847638146564526,1,0.0035663951887356937,0.006239287106664548,0.001129602577076172,76837.56119791667,76468.46614583333,362.19654062883933,351.0185956749126,76705.81516157945,76669.23604366442,36.57911791502556,82.1950536546591,2.149866811801521,-0.8836890309435426,-0.2953657781180034,5,2
2026-04-29 05:28:14+00:00,77229.3515625,77229.3515625,77229.3515625,77229.3515625,0,2026-04-29 06:28:13.999000+00:00,8.083315409757041e-05,0,-0.0004847638146564526,0.0035663951887356937,0.0024430727702982047,76958.72786458333,76483.31608072917,348.9921757446117,375.5556845822757,76786.35922325954,76710.72608209669,75.63314116284891,81.65126085620933,1.9864843281513132,-1.0,-0.7100977175107304,5,2
